EXTAB_START seed=7 epochs=50 batch=512 max=4 workers=0 target_selected=false dry_run=0
EXTAB_QUEUE pending=1222 adopted=0 total=1222
EXTAB_LAUNCH screen=extab_CHSZ_full_f0_s7 data=CHSZ variant=full fold=0
EXTAB_LAUNCH screen=extab_CHSZ_full_f1_s7 data=CHSZ variant=full fold=1
EXTAB_LAUNCH screen=extab_CHSZ_full_f2_s7 data=CHSZ variant=full fold=2
EXTAB_LAUNCH screen=extab_CHSZ_full_f3_s7 data=CHSZ variant=full fold=3
EXTAB_EXIT screen=extab_CHSZ_full_f0_s7 code=0
EXTAB_LAUNCH screen=extab_CHSZ_full_f4_s7 data=CHSZ variant=full fold=4
EXTAB_EXIT screen=extab_CHSZ_full_f2_s7 code=0
EXTAB_LAUNCH screen=extab_CHSZ_full_f5_s7 data=CHSZ variant=full fold=5
EXTAB_START seed=7 epochs=50 batch=512 max=8 workers=0 target_selected=false dry_run=0
EXTAB_SKIP_COMPLETE data=CHSZ variant=full fold=0
EXTAB_SKIP_COMPLETE data=CHSZ variant=full fold=1
EXTAB_SKIP_COMPLETE data=CHSZ variant=full fold=2
EXTAB_SKIP_COMPLETE data=CHSZ variant=full fold=3
EXTAB_SKIP_COMPLETE data=CHSZ variant=full fold=4
EXTAB_ADOPT screen=extab_CHSZ_full_f5_s7
EXTAB_QUEUE pending=1216 adopted=1 total=1222
EXTAB_LAUNCH screen=extab_CHSZ_full_f6_s7 data=CHSZ variant=full fold=6
EXTAB_LAUNCH screen=extab_CHSZ_full_f7_s7 data=CHSZ variant=full fold=7
EXTAB_LAUNCH screen=extab_CHSZ_full_f8_s7 data=CHSZ variant=full fold=8
EXTAB_LAUNCH screen=extab_CHSZ_full_f9_s7 data=CHSZ variant=full fold=9
EXTAB_LAUNCH screen=extab_CHSZ_full_f10_s7 data=CHSZ variant=full fold=10
EXTAB_LAUNCH screen=extab_CHSZ_full_f11_s7 data=CHSZ variant=full fold=11
EXTAB_LAUNCH screen=extab_CHSZ_full_f12_s7 data=CHSZ variant=full fold=12
EXTAB_EXIT screen=extab_CHSZ_full_f6_s7 code=0
EXTAB_EXIT screen=extab_CHSZ_full_f5_s7 code=0
EXTAB_EXIT screen=extab_CHSZ_full_f7_s7 code=0
EXTAB_LAUNCH screen=extab_CHSZ_full_f13_s7 data=CHSZ variant=full fold=13
EXTAB_LAUNCH screen=extab_CHSZ_full_f14_s7 data=CHSZ variant=full fold=14
EXTAB_LAUNCH screen=extab_CHSZ_full_f15_s7 data=CHSZ variant=full fold=15
EXTAB_EXIT screen=extab_CHSZ_full_f10_s7 code=0
EXTAB_EXIT screen=extab_CHSZ_full_f8_s7 code=0
EXTAB_EXIT screen=extab_CHSZ_full_f12_s7 code=0
EXTAB_EXIT screen=extab_CHSZ_full_f9_s7 code=0
EXTAB_LAUNCH screen=extab_CHSZ_full_f16_s7 data=CHSZ variant=full fold=16
EXTAB_LAUNCH screen=extab_CHSZ_full_f17_s7 data=CHSZ variant=full fold=17
EXTAB_LAUNCH screen=extab_CHSZ_full_f18_s7 data=CHSZ variant=full fold=18
EXTAB_LAUNCH screen=extab_CHSZ_full_f19_s7 data=CHSZ variant=full fold=19
EXTAB_EXIT screen=extab_CHSZ_full_f14_s7 code=0
EXTAB_EXIT screen=extab_CHSZ_full_f11_s7 code=0
EXTAB_LAUNCH screen=extab_CHSZ_full_f20_s7 data=CHSZ variant=full fold=20
EXTAB_LAUNCH screen=extab_CHSZ_full_f21_s7 data=CHSZ variant=full fold=21
EXTAB_EXIT screen=extab_CHSZ_full_f13_s7 code=0
EXTAB_LAUNCH screen=extab_CHSZ_full_f22_s7 data=CHSZ variant=full fold=22
EXTAB_EXIT screen=extab_CHSZ_full_f19_s7 code=0
EXTAB_LAUNCH screen=extab_CHSZ_full_f23_s7 data=CHSZ variant=full fold=23
EXTAB_EXIT screen=extab_CHSZ_full_f17_s7 code=0
EXTAB_EXIT screen=extab_CHSZ_full_f15_s7 code=0
EXTAB_EXIT screen=extab_CHSZ_full_f20_s7 code=0
EXTAB_LAUNCH screen=extab_CHSZ_full_f24_s7 data=CHSZ variant=full fold=24
EXTAB_LAUNCH screen=extab_CHSZ_full_f25_s7 data=CHSZ variant=full fold=25
EXTAB_LAUNCH screen=extab_CHSZ_full_f26_s7 data=CHSZ variant=full fold=26
EXTAB_EXIT screen=extab_CHSZ_full_f16_s7 code=0
EXTAB_EXIT screen=extab_CHSZ_full_f22_s7 code=0
EXTAB_EXIT screen=extab_CHSZ_full_f18_s7 code=0
EXTAB_EXIT screen=extab_CHSZ_full_f21_s7 code=0
EXTAB_LAUNCH screen=extab_CHSZ_classical_latent_f0_s7 data=CHSZ variant=classical_latent fold=0
EXTAB_LAUNCH screen=extab_CHSZ_classical_latent_f1_s7 data=CHSZ variant=classical_latent fold=1
EXTAB_LAUNCH screen=extab_CHSZ_classical_latent_f2_s7 data=CHSZ variant=classical_latent fold=2
EXTAB_LAUNCH screen=extab_CHSZ_classical_latent_f3_s7 data=CHSZ variant=classical_latent fold=3
EXTAB_EXIT screen=extab_CHSZ_full_f23_s7 code=0
EXTAB_LAUNCH screen=extab_CHSZ_classical_latent_f4_s7 data=CHSZ variant=classical_latent fold=4
EXTAB_EXIT screen=extab_CHSZ_classical_latent_f0_s7 code=0
EXTAB_EXIT screen=extab_CHSZ_full_f25_s7 code=0
EXTAB_EXIT screen=extab_CHSZ_classical_latent_f2_s7 code=0
EXTAB_EXIT screen=extab_CHSZ_full_f26_s7 code=0
EXTAB_LAUNCH screen=extab_CHSZ_classical_latent_f5_s7 data=CHSZ variant=classical_latent fold=5
EXTAB_LAUNCH screen=extab_CHSZ_classical_latent_f6_s7 data=CHSZ variant=classical_latent fold=6
EXTAB_LAUNCH screen=extab_CHSZ_classical_latent_f7_s7 data=CHSZ variant=classical_latent fold=7
EXTAB_LAUNCH screen=extab_CHSZ_classical_latent_f8_s7 data=CHSZ variant=classical_latent fold=8
EXTAB_START seed=7 epochs=50 batch=512 max=12 workers=0 target_selected=false dry_run=0
EXTAB_SKIP_COMPLETE data=CHSZ variant=full fold=0
EXTAB_SKIP_COMPLETE data=CHSZ variant=full fold=1
EXTAB_SKIP_COMPLETE data=CHSZ variant=full fold=2
EXTAB_SKIP_COMPLETE data=CHSZ variant=full fold=3
EXTAB_SKIP_COMPLETE data=CHSZ variant=full fold=4
EXTAB_SKIP_COMPLETE data=CHSZ variant=full fold=5
EXTAB_SKIP_COMPLETE data=CHSZ variant=full fold=6
EXTAB_SKIP_COMPLETE data=CHSZ variant=full fold=7
EXTAB_SKIP_COMPLETE data=CHSZ variant=full fold=8
EXTAB_SKIP_COMPLETE data=CHSZ variant=full fold=9
EXTAB_SKIP_COMPLETE data=CHSZ variant=full fold=10
EXTAB_SKIP_COMPLETE data=CHSZ variant=full fold=11
EXTAB_SKIP_COMPLETE data=CHSZ variant=full fold=12
EXTAB_SKIP_COMPLETE data=CHSZ variant=full fold=13
EXTAB_SKIP_COMPLETE data=CHSZ variant=full fold=14
EXTAB_SKIP_COMPLETE data=CHSZ variant=full fold=15
EXTAB_SKIP_COMPLETE data=CHSZ variant=full fold=16
EXTAB_SKIP_COMPLETE data=CHSZ variant=full fold=17
EXTAB_SKIP_COMPLETE data=CHSZ variant=full fold=18
EXTAB_SKIP_COMPLETE data=CHSZ variant=full fold=19
EXTAB_SKIP_COMPLETE data=CHSZ variant=full fold=20
EXTAB_SKIP_COMPLETE data=CHSZ variant=full fold=21
EXTAB_SKIP_COMPLETE data=CHSZ variant=full fold=22
EXTAB_SKIP_COMPLETE data=CHSZ variant=full fold=23
EXTAB_SKIP_COMPLETE data=CHSZ variant=full fold=24
EXTAB_SKIP_COMPLETE data=CHSZ variant=full fold=25
EXTAB_SKIP_COMPLETE data=CHSZ variant=full fold=26
EXTAB_SKIP_COMPLETE data=CHSZ variant=classical_latent fold=0
EXTAB_SKIP_COMPLETE data=CHSZ variant=classical_latent fold=1
EXTAB_SKIP_COMPLETE data=CHSZ variant=classical_latent fold=2
EXTAB_SKIP_COMPLETE data=CHSZ variant=classical_latent fold=3
EXTAB_SKIP_COMPLETE data=CHSZ variant=classical_latent fold=4
EXTAB_SKIP_COMPLETE data=CHSZ variant=classical_latent fold=5
EXTAB_SKIP_COMPLETE data=CHSZ variant=classical_latent fold=6
EXTAB_SKIP_COMPLETE data=CHSZ variant=classical_latent fold=7
EXTAB_SKIP_COMPLETE data=CHSZ variant=classical_latent fold=8
EXTAB_QUEUE pending=1186 adopted=0 total=1222
EXTAB_LAUNCH screen=extab_CHSZ_classical_latent_f9_s7 data=CHSZ variant=classical_latent fold=9
EXTAB_LAUNCH screen=extab_CHSZ_classical_latent_f10_s7 data=CHSZ variant=classical_latent fold=10
EXTAB_LAUNCH screen=extab_CHSZ_classical_latent_f11_s7 data=CHSZ variant=classical_latent fold=11
EXTAB_LAUNCH screen=extab_CHSZ_classical_latent_f12_s7 data=CHSZ variant=classical_latent fold=12
EXTAB_LAUNCH screen=extab_CHSZ_classical_latent_f13_s7 data=CHSZ variant=classical_latent fold=13
EXTAB_LAUNCH screen=extab_CHSZ_classical_latent_f14_s7 data=CHSZ variant=classical_latent fold=14
EXTAB_LAUNCH screen=extab_CHSZ_classical_latent_f15_s7 data=CHSZ variant=classical_latent fold=15
EXTAB_LAUNCH screen=extab_CHSZ_classical_latent_f16_s7 data=CHSZ variant=classical_latent fold=16
EXTAB_LAUNCH screen=extab_CHSZ_classical_latent_f17_s7 data=CHSZ variant=classical_latent fold=17
EXTAB_LAUNCH screen=extab_CHSZ_classical_latent_f18_s7 data=CHSZ variant=classical_latent fold=18
EXTAB_LAUNCH screen=extab_CHSZ_classical_latent_f19_s7 data=CHSZ variant=classical_latent fold=19
EXTAB_LAUNCH screen=extab_CHSZ_classical_latent_f20_s7 data=CHSZ variant=classical_latent fold=20
EXTAB_EXIT screen=extab_CHSZ_classical_latent_f10_s7 code=0
EXTAB_EXIT screen=extab_CHSZ_classical_latent_f13_s7 code=0
EXTAB_EXIT screen=extab_CHSZ_classical_latent_f11_s7 code=0
EXTAB_EXIT screen=extab_CHSZ_classical_latent_f20_s7 code=0
EXTAB_EXIT screen=extab_CHSZ_classical_latent_f17_s7 code=0
EXTAB_EXIT screen=extab_CHSZ_classical_latent_f18_s7 code=0
EXTAB_EXIT screen=extab_CHSZ_classical_latent_f12_s7 code=0
EXTAB_EXIT screen=extab_CHSZ_classical_latent_f9_s7 code=0
EXTAB_EXIT screen=extab_CHSZ_classical_latent_f16_s7 code=0
EXTAB_EXIT screen=extab_CHSZ_classical_latent_f15_s7 code=0
EXTAB_EXIT screen=extab_CHSZ_classical_latent_f19_s7 code=0
EXTAB_EXIT screen=extab_CHSZ_classical_latent_f14_s7 code=0
EXTAB_LAUNCH screen=extab_CHSZ_classical_latent_f21_s7 data=CHSZ variant=classical_latent fold=21
EXTAB_LAUNCH screen=extab_CHSZ_classical_latent_f22_s7 data=CHSZ variant=classical_latent fold=22
EXTAB_LAUNCH screen=extab_CHSZ_classical_latent_f23_s7 data=CHSZ variant=classical_latent fold=23
EXTAB_LAUNCH screen=extab_CHSZ_classical_latent_f24_s7 data=CHSZ variant=classical_latent fold=24
EXTAB_LAUNCH screen=extab_CHSZ_classical_latent_f25_s7 data=CHSZ variant=classical_latent fold=25
EXTAB_LAUNCH screen=extab_CHSZ_classical_latent_f26_s7 data=CHSZ variant=classical_latent fold=26
EXTAB_LAUNCH screen=extab_CHSZ_quantum_depth_1_f0_s7 data=CHSZ variant=quantum_depth_1 fold=0
EXTAB_LAUNCH screen=extab_CHSZ_quantum_depth_1_f1_s7 data=CHSZ variant=quantum_depth_1 fold=1
EXTAB_LAUNCH screen=extab_CHSZ_quantum_depth_1_f2_s7 data=CHSZ variant=quantum_depth_1 fold=2
EXTAB_LAUNCH screen=extab_CHSZ_quantum_depth_1_f3_s7 data=CHSZ variant=quantum_depth_1 fold=3
EXTAB_LAUNCH screen=extab_CHSZ_quantum_depth_1_f4_s7 data=CHSZ variant=quantum_depth_1 fold=4
EXTAB_LAUNCH screen=extab_CHSZ_quantum_depth_1_f5_s7 data=CHSZ variant=quantum_depth_1 fold=5
EXTAB_EXIT screen=extab_CHSZ_classical_latent_f26_s7 code=0
EXTAB_EXIT screen=extab_CHSZ_quantum_depth_1_f0_s7 code=0
EXTAB_EXIT screen=extab_CHSZ_classical_latent_f23_s7 code=0
EXTAB_EXIT screen=extab_CHSZ_quantum_depth_1_f1_s7 code=0
EXTAB_EXIT screen=extab_CHSZ_quantum_depth_1_f2_s7 code=0
EXTAB_EXIT screen=extab_CHSZ_classical_latent_f22_s7 code=0
EXTAB_EXIT screen=extab_CHSZ_classical_latent_f25_s7 code=0
EXTAB_EXIT screen=extab_CHSZ_classical_latent_f24_s7 code=0
EXTAB_EXIT screen=extab_CHSZ_classical_latent_f21_s7 code=0
EXTAB_LAUNCH screen=extab_CHSZ_quantum_depth_1_f6_s7 data=CHSZ variant=quantum_depth_1 fold=6
EXTAB_LAUNCH screen=extab_CHSZ_quantum_depth_1_f7_s7 data=CHSZ variant=quantum_depth_1 fold=7
EXTAB_LAUNCH screen=extab_CHSZ_quantum_depth_1_f8_s7 data=CHSZ variant=quantum_depth_1 fold=8
EXTAB_LAUNCH screen=extab_CHSZ_quantum_depth_1_f9_s7 data=CHSZ variant=quantum_depth_1 fold=9
EXTAB_LAUNCH screen=extab_CHSZ_quantum_depth_1_f10_s7 data=CHSZ variant=quantum_depth_1 fold=10
EXTAB_LAUNCH screen=extab_CHSZ_quantum_depth_1_f11_s7 data=CHSZ variant=quantum_depth_1 fold=11
EXTAB_LAUNCH screen=extab_CHSZ_quantum_depth_1_f12_s7 data=CHSZ variant=quantum_depth_1 fold=12
EXTAB_LAUNCH screen=extab_CHSZ_quantum_depth_1_f13_s7 data=CHSZ variant=quantum_depth_1 fold=13
EXTAB_LAUNCH screen=extab_CHSZ_quantum_depth_1_f14_s7 data=CHSZ variant=quantum_depth_1 fold=14
EXTAB_EXIT screen=extab_CHSZ_quantum_depth_1_f6_s7 code=0
EXTAB_EXIT screen=extab_CHSZ_quantum_depth_1_f5_s7 code=0
EXTAB_EXIT screen=extab_CHSZ_quantum_depth_1_f10_s7 code=0
EXTAB_EXIT screen=extab_CHSZ_quantum_depth_1_f8_s7 code=0
EXTAB_EXIT screen=extab_CHSZ_quantum_depth_1_f7_s7 code=0
EXTAB_EXIT screen=extab_CHSZ_quantum_depth_1_f3_s7 code=0
EXTAB_EXIT screen=extab_CHSZ_quantum_depth_1_f9_s7 code=0
EXTAB_EXIT screen=extab_CHSZ_quantum_depth_1_f4_s7 code=0
EXTAB_LAUNCH screen=extab_CHSZ_quantum_depth_1_f15_s7 data=CHSZ variant=quantum_depth_1 fold=15
EXTAB_LAUNCH screen=extab_CHSZ_quantum_depth_1_f16_s7 data=CHSZ variant=quantum_depth_1 fold=16
EXTAB_LAUNCH screen=extab_CHSZ_quantum_depth_1_f17_s7 data=CHSZ variant=quantum_depth_1 fold=17
EXTAB_LAUNCH screen=extab_CHSZ_quantum_depth_1_f18_s7 data=CHSZ variant=quantum_depth_1 fold=18
EXTAB_LAUNCH screen=extab_CHSZ_quantum_depth_1_f19_s7 data=CHSZ variant=quantum_depth_1 fold=19
EXTAB_LAUNCH screen=extab_CHSZ_quantum_depth_1_f20_s7 data=CHSZ variant=quantum_depth_1 fold=20
EXTAB_LAUNCH screen=extab_CHSZ_quantum_depth_1_f21_s7 data=CHSZ variant=quantum_depth_1 fold=21
EXTAB_LAUNCH screen=extab_CHSZ_quantum_depth_1_f22_s7 data=CHSZ variant=quantum_depth_1 fold=22
EXTAB_EXIT screen=extab_CHSZ_quantum_depth_1_f17_s7 code=0
EXTAB_EXIT screen=extab_CHSZ_quantum_depth_1_f14_s7 code=0
EXTAB_EXIT screen=extab_CHSZ_quantum_depth_1_f16_s7 code=0
EXTAB_EXIT screen=extab_CHSZ_quantum_depth_1_f15_s7 code=0
EXTAB_EXIT screen=extab_CHSZ_quantum_depth_1_f11_s7 code=0
EXTAB_EXIT screen=extab_CHSZ_quantum_depth_1_f12_s7 code=0
EXTAB_EXIT screen=extab_CHSZ_quantum_depth_1_f13_s7 code=0
EXTAB_LAUNCH screen=extab_CHSZ_quantum_depth_1_f23_s7 data=CHSZ variant=quantum_depth_1 fold=23
EXTAB_LAUNCH screen=extab_CHSZ_quantum_depth_1_f24_s7 data=CHSZ variant=quantum_depth_1 fold=24
EXTAB_LAUNCH screen=extab_CHSZ_quantum_depth_1_f25_s7 data=CHSZ variant=quantum_depth_1 fold=25
EXTAB_LAUNCH screen=extab_CHSZ_quantum_depth_1_f26_s7 data=CHSZ variant=quantum_depth_1 fold=26
EXTAB_LAUNCH screen=extab_CHSZ_quantum_depth_3_f0_s7 data=CHSZ variant=quantum_depth_3 fold=0
EXTAB_LAUNCH screen=extab_CHSZ_quantum_depth_3_f1_s7 data=CHSZ variant=quantum_depth_3 fold=1
EXTAB_LAUNCH screen=extab_CHSZ_quantum_depth_3_f2_s7 data=CHSZ variant=quantum_depth_3 fold=2
EXTAB_EXIT screen=extab_CHSZ_quantum_depth_1_f22_s7 code=0
EXTAB_EXIT screen=extab_CHSZ_quantum_depth_1_f18_s7 code=0
EXTAB_EXIT screen=extab_CHSZ_quantum_depth_1_f19_s7 code=0
EXTAB_EXIT screen=extab_CHSZ_quantum_depth_1_f20_s7 code=0
EXTAB_EXIT screen=extab_CHSZ_quantum_depth_1_f21_s7 code=0
EXTAB_LAUNCH screen=extab_CHSZ_quantum_depth_3_f3_s7 data=CHSZ variant=quantum_depth_3 fold=3
EXTAB_LAUNCH screen=extab_CHSZ_quantum_depth_3_f4_s7 data=CHSZ variant=quantum_depth_3 fold=4
EXTAB_LAUNCH screen=extab_CHSZ_quantum_depth_3_f5_s7 data=CHSZ variant=quantum_depth_3 fold=5
EXTAB_WAIT ram_mib=28675 vram_free_mib=12121 running=10
EXTAB_EXIT screen=extab_CHSZ_quantum_depth_1_f24_s7 code=0
EXTAB_EXIT screen=extab_CHSZ_quantum_depth_1_f23_s7 code=0
EXTAB_WAIT ram_mib=28317 vram_free_mib=12456 running=8
EXTAB_EXIT screen=extab_CHSZ_quantum_depth_1_f26_s7 code=0
EXTAB_LAUNCH screen=extab_CHSZ_quantum_depth_3_f6_s7 data=CHSZ variant=quantum_depth_3 fold=6
EXTAB_LAUNCH screen=extab_CHSZ_quantum_depth_3_f7_s7 data=CHSZ variant=quantum_depth_3 fold=7
EXTAB_WAIT ram_mib=28524 vram_free_mib=12165 running=9
EXTAB_EXIT screen=extab_CHSZ_quantum_depth_3_f2_s7 code=0
EXTAB_EXIT screen=extab_CHSZ_quantum_depth_1_f25_s7 code=0
EXTAB_LAUNCH screen=extab_CHSZ_quantum_depth_3_f8_s7 data=CHSZ variant=quantum_depth_3 fold=8
EXTAB_LAUNCH screen=extab_CHSZ_quantum_depth_3_f9_s7 data=CHSZ variant=quantum_depth_3 fold=9
EXTAB_WAIT ram_mib=28289 vram_free_mib=12279 running=9
EXTAB_EXIT screen=extab_CHSZ_quantum_depth_3_f0_s7 code=0
EXTAB_WAIT ram_mib=28320 vram_free_mib=12454 running=8
EXTAB_EXIT screen=extab_CHSZ_quantum_depth_3_f1_s7 code=0
EXTAB_LAUNCH screen=extab_CHSZ_quantum_depth_3_f10_s7 data=CHSZ variant=quantum_depth_3 fold=10
EXTAB_LAUNCH screen=extab_CHSZ_quantum_depth_3_f11_s7 data=CHSZ variant=quantum_depth_3 fold=11
EXTAB_WAIT ram_mib=28213 vram_free_mib=12311 running=9
EXTAB_EXIT screen=extab_CHSZ_quantum_depth_3_f6_s7 code=0
EXTAB_EXIT screen=extab_CHSZ_quantum_depth_3_f4_s7 code=0
EXTAB_EXIT screen=extab_CHSZ_quantum_depth_3_f3_s7 code=0
EXTAB_LAUNCH screen=extab_CHSZ_quantum_depth_3_f12_s7 data=CHSZ variant=quantum_depth_3 fold=12
EXTAB_LAUNCH screen=extab_CHSZ_quantum_depth_3_f13_s7 data=CHSZ variant=quantum_depth_3 fold=13
EXTAB_LAUNCH screen=extab_CHSZ_quantum_depth_3_f14_s7 data=CHSZ variant=quantum_depth_3 fold=14
EXTAB_WAIT ram_mib=28576 vram_free_mib=12135 running=9
EXTAB_EXIT screen=extab_CHSZ_quantum_depth_3_f9_s7 code=0
EXTAB_EXIT screen=extab_CHSZ_quantum_depth_3_f7_s7 code=0
EXTAB_LAUNCH screen=extab_CHSZ_quantum_depth_3_f15_s7 data=CHSZ variant=quantum_depth_3 fold=15
EXTAB_LAUNCH screen=extab_CHSZ_quantum_depth_3_f16_s7 data=CHSZ variant=quantum_depth_3 fold=16
EXTAB_WAIT ram_mib=28267 vram_free_mib=12275 running=9
EXTAB_EXIT screen=extab_CHSZ_quantum_depth_3_f8_s7 code=0
EXTAB_EXIT screen=extab_CHSZ_quantum_depth_3_f5_s7 code=0
EXTAB_LAUNCH screen=extab_CHSZ_quantum_depth_3_f17_s7 data=CHSZ variant=quantum_depth_3 fold=17
EXTAB_LAUNCH screen=extab_CHSZ_quantum_depth_3_f18_s7 data=CHSZ variant=quantum_depth_3 fold=18
EXTAB_LAUNCH screen=extab_CHSZ_quantum_depth_3_f19_s7 data=CHSZ variant=quantum_depth_3 fold=19
EXTAB_WAIT ram_mib=28546 vram_free_mib=12151 running=10
EXTAB_EXIT screen=extab_CHSZ_quantum_depth_3_f11_s7 code=0
EXTAB_WAIT ram_mib=30835 vram_free_mib=10993 running=9
EXTAB_EXIT screen=extab_CHSZ_quantum_depth_3_f13_s7 code=0
EXTAB_EXIT screen=extab_CHSZ_quantum_depth_3_f12_s7 code=0
EXTAB_LAUNCH screen=extab_CHSZ_quantum_depth_3_f20_s7 data=CHSZ variant=quantum_depth_3 fold=20
EXTAB_LAUNCH screen=extab_CHSZ_quantum_depth_3_f21_s7 data=CHSZ variant=quantum_depth_3 fold=21
EXTAB_WAIT ram_mib=28206 vram_free_mib=12311 running=9
EXTAB_WAIT ram_mib=30847 vram_free_mib=10991 running=9
EXTAB_EXIT screen=extab_CHSZ_quantum_depth_3_f10_s7 code=0
EXTAB_WAIT ram_mib=28319 vram_free_mib=12468 running=8
EXTAB_EXIT screen=extab_CHSZ_quantum_depth_3_f17_s7 code=0
EXTAB_EXIT screen=extab_CHSZ_quantum_depth_3_f19_s7 code=0
EXTAB_EXIT screen=extab_CHSZ_quantum_depth_3_f14_s7 code=0
EXTAB_LAUNCH screen=extab_CHSZ_quantum_depth_3_f22_s7 data=CHSZ variant=quantum_depth_3 fold=22
EXTAB_LAUNCH screen=extab_CHSZ_quantum_depth_3_f23_s7 data=CHSZ variant=quantum_depth_3 fold=23
EXTAB_LAUNCH screen=extab_CHSZ_quantum_depth_3_f24_s7 data=CHSZ variant=quantum_depth_3 fold=24
EXTAB_LAUNCH screen=extab_CHSZ_quantum_depth_3_f25_s7 data=CHSZ variant=quantum_depth_3 fold=25
EXTAB_WAIT ram_mib=28595 vram_free_mib=12151 running=9
EXTAB_EXIT screen=extab_CHSZ_quantum_depth_3_f18_s7 code=0
EXTAB_EXIT screen=extab_CHSZ_quantum_depth_3_f16_s7 code=0
EXTAB_LAUNCH screen=extab_CHSZ_quantum_depth_3_f26_s7 data=CHSZ variant=quantum_depth_3 fold=26
EXTAB_LAUNCH screen=extab_CHSZ_no_entanglement_f0_s7 data=CHSZ variant=no_entanglement fold=0
EXTAB_WAIT ram_mib=28410 vram_free_mib=12221 running=9
EXTAB_EXIT screen=extab_CHSZ_quantum_depth_3_f15_s7 code=0
EXTAB_WAIT ram_mib=28343 vram_free_mib=12448 running=8
EXTAB_EXIT screen=extab_CHSZ_quantum_depth_3_f20_s7 code=0
EXTAB_LAUNCH screen=extab_CHSZ_no_entanglement_f1_s7 data=CHSZ variant=no_entanglement fold=1
EXTAB_LAUNCH screen=extab_CHSZ_no_entanglement_f2_s7 data=CHSZ variant=no_entanglement fold=2
EXTAB_WAIT ram_mib=28568 vram_free_mib=12159 running=9
EXTAB_WAIT ram_mib=30872 vram_free_mib=10975 running=9
EXTAB_WAIT ram_mib=30872 vram_free_mib=10975 running=9
EXTAB_EXIT screen=extab_CHSZ_quantum_depth_3_f21_s7 code=0
EXTAB_EXIT screen=extab_CHSZ_quantum_depth_3_f23_s7 code=0
EXTAB_EXIT screen=extab_CHSZ_quantum_depth_3_f26_s7 code=0
EXTAB_EXIT screen=extab_CHSZ_quantum_depth_3_f24_s7 code=0
EXTAB_LAUNCH screen=extab_CHSZ_no_entanglement_f3_s7 data=CHSZ variant=no_entanglement fold=3
EXTAB_LAUNCH screen=extab_CHSZ_no_entanglement_f4_s7 data=CHSZ variant=no_entanglement fold=4
EXTAB_LAUNCH screen=extab_CHSZ_no_entanglement_f5_s7 data=CHSZ variant=no_entanglement fold=5
EXTAB_LAUNCH screen=extab_CHSZ_no_entanglement_f6_s7 data=CHSZ variant=no_entanglement fold=6
EXTAB_LAUNCH screen=extab_CHSZ_no_entanglement_f7_s7 data=CHSZ variant=no_entanglement fold=7
EXTAB_LAUNCH screen=extab_CHSZ_no_entanglement_f8_s7 data=CHSZ variant=no_entanglement fold=8
EXTAB_WAIT ram_mib=28754 vram_free_mib=12085 running=11
EXTAB_EXIT screen=extab_CHSZ_quantum_depth_3_f22_s7 code=0
EXTAB_EXIT screen=extab_CHSZ_no_entanglement_f0_s7 code=0
EXTAB_EXIT screen=extab_CHSZ_quantum_depth_3_f25_s7 code=0
EXTAB_EXIT screen=extab_CHSZ_no_entanglement_f2_s7 code=0
EXTAB_EXIT screen=extab_CHSZ_no_entanglement_f1_s7 code=0
EXTAB_LAUNCH screen=extab_CHSZ_no_entanglement_f9_s7 data=CHSZ variant=no_entanglement fold=9
EXTAB_LAUNCH screen=extab_CHSZ_no_entanglement_f10_s7 data=CHSZ variant=no_entanglement fold=10
EXTAB_LAUNCH screen=extab_CHSZ_no_entanglement_f11_s7 data=CHSZ variant=no_entanglement fold=11
EXTAB_WAIT ram_mib=28833 vram_free_mib=12053 running=9
EXTAB_WAIT ram_mib=30762 vram_free_mib=10977 running=9
EXTAB_EXIT screen=extab_CHSZ_no_entanglement_f7_s7 code=0
EXTAB_LAUNCH screen=extab_CHSZ_no_entanglement_f12_s7 data=CHSZ variant=no_entanglement fold=12
EXTAB_WAIT ram_mib=29165 vram_free_mib=11797 running=9
EXTAB_EXIT screen=extab_CHSZ_no_entanglement_f9_s7 code=0
EXTAB_EXIT screen=extab_CHSZ_no_entanglement_f3_s7 code=0
EXTAB_EXIT screen=extab_CHSZ_no_entanglement_f8_s7 code=0
EXTAB_EXIT screen=extab_CHSZ_no_entanglement_f5_s7 code=0
EXTAB_EXIT screen=extab_CHSZ_no_entanglement_f4_s7 code=0
EXTAB_LAUNCH screen=extab_CHSZ_no_entanglement_f13_s7 data=CHSZ variant=no_entanglement fold=13
EXTAB_LAUNCH screen=extab_CHSZ_no_entanglement_f14_s7 data=CHSZ variant=no_entanglement fold=14
EXTAB_LAUNCH screen=extab_CHSZ_no_entanglement_f15_s7 data=CHSZ variant=no_entanglement fold=15
EXTAB_LAUNCH screen=extab_CHSZ_no_entanglement_f16_s7 data=CHSZ variant=no_entanglement fold=16
EXTAB_LAUNCH screen=extab_CHSZ_no_entanglement_f17_s7 data=CHSZ variant=no_entanglement fold=17
EXTAB_LAUNCH screen=extab_CHSZ_no_entanglement_f18_s7 data=CHSZ variant=no_entanglement fold=18
EXTAB_LAUNCH screen=extab_CHSZ_no_entanglement_f19_s7 data=CHSZ variant=no_entanglement fold=19
EXTAB_LAUNCH screen=extab_CHSZ_no_entanglement_f20_s7 data=CHSZ variant=no_entanglement fold=20
EXTAB_EXIT screen=extab_CHSZ_no_entanglement_f6_s7 code=0
EXTAB_EXIT screen=extab_CHSZ_no_entanglement_f10_s7 code=0
EXTAB_EXIT screen=extab_CHSZ_no_entanglement_f11_s7 code=0
EXTAB_WAIT ram_mib=30858 vram_free_mib=10999 running=9
EXTAB_EXIT screen=extab_CHSZ_no_entanglement_f12_s7 code=0
EXTAB_WAIT ram_mib=28326 vram_free_mib=12474 running=8
EXTAB_LAUNCH screen=extab_CHSZ_no_entanglement_f21_s7 data=CHSZ variant=no_entanglement fold=21
EXTAB_LAUNCH screen=extab_CHSZ_no_entanglement_f22_s7 data=CHSZ variant=no_entanglement fold=22
EXTAB_WAIT ram_mib=28390 vram_free_mib=12251 running=10
EXTAB_EXIT screen=extab_CHSZ_no_entanglement_f18_s7 code=0
EXTAB_EXIT screen=extab_CHSZ_no_entanglement_f17_s7 code=0
EXTAB_EXIT screen=extab_CHSZ_no_entanglement_f13_s7 code=0
EXTAB_EXIT screen=extab_CHSZ_no_entanglement_f19_s7 code=0
EXTAB_LAUNCH screen=extab_CHSZ_no_entanglement_f23_s7 data=CHSZ variant=no_entanglement fold=23
EXTAB_LAUNCH screen=extab_CHSZ_no_entanglement_f24_s7 data=CHSZ variant=no_entanglement fold=24
EXTAB_LAUNCH screen=extab_CHSZ_no_entanglement_f25_s7 data=CHSZ variant=no_entanglement fold=25
EXTAB_LAUNCH screen=extab_CHSZ_no_entanglement_f26_s7 data=CHSZ variant=no_entanglement fold=26
EXTAB_LAUNCH screen=extab_CHSZ_linear_entanglement_f0_s7 data=CHSZ variant=linear_entanglement fold=0
EXTAB_LAUNCH screen=extab_CHSZ_linear_entanglement_f1_s7 data=CHSZ variant=linear_entanglement fold=1
EXTAB_EXIT screen=extab_CHSZ_no_entanglement_f16_s7 code=0
EXTAB_EXIT screen=extab_CHSZ_no_entanglement_f15_s7 code=0
EXTAB_EXIT screen=extab_CHSZ_no_entanglement_f20_s7 code=0
EXTAB_EXIT screen=extab_CHSZ_no_entanglement_f14_s7 code=0
EXTAB_WAIT ram_mib=28274 vram_free_mib=12456 running=8
EXTAB_WAIT ram_mib=28287 vram_free_mib=12456 running=8
EXTAB_EXIT screen=extab_CHSZ_no_entanglement_f21_s7 code=0
EXTAB_EXIT screen=extab_CHSZ_no_entanglement_f24_s7 code=0
EXTAB_LAUNCH screen=extab_CHSZ_linear_entanglement_f2_s7 data=CHSZ variant=linear_entanglement fold=2
EXTAB_LAUNCH screen=extab_CHSZ_linear_entanglement_f3_s7 data=CHSZ variant=linear_entanglement fold=3
EXTAB_LAUNCH screen=extab_CHSZ_linear_entanglement_f4_s7 data=CHSZ variant=linear_entanglement fold=4
EXTAB_LAUNCH screen=extab_CHSZ_linear_entanglement_f5_s7 data=CHSZ variant=linear_entanglement fold=5
EXTAB_LAUNCH screen=extab_CHSZ_linear_entanglement_f6_s7 data=CHSZ variant=linear_entanglement fold=6
EXTAB_WAIT ram_mib=28687 vram_free_mib=12101 running=11
EXTAB_EXIT screen=extab_CHSZ_linear_entanglement_f0_s7 code=0
EXTAB_EXIT screen=extab_CHSZ_no_entanglement_f26_s7 code=0
EXTAB_EXIT screen=extab_CHSZ_no_entanglement_f22_s7 code=0
EXTAB_WAIT ram_mib=28302 vram_free_mib=12458 running=8
EXTAB_EXIT screen=extab_CHSZ_linear_entanglement_f1_s7 code=0
EXTAB_EXIT screen=extab_CHSZ_no_entanglement_f23_s7 code=0
EXTAB_EXIT screen=extab_CHSZ_no_entanglement_f25_s7 code=0
EXTAB_LAUNCH screen=extab_CHSZ_linear_entanglement_f7_s7 data=CHSZ variant=linear_entanglement fold=7
EXTAB_LAUNCH screen=extab_CHSZ_linear_entanglement_f8_s7 data=CHSZ variant=linear_entanglement fold=8
EXTAB_LAUNCH screen=extab_CHSZ_linear_entanglement_f9_s7 data=CHSZ variant=linear_entanglement fold=9
EXTAB_LAUNCH screen=extab_CHSZ_linear_entanglement_f10_s7 data=CHSZ variant=linear_entanglement fold=10
EXTAB_LAUNCH screen=extab_CHSZ_linear_entanglement_f11_s7 data=CHSZ variant=linear_entanglement fold=11
EXTAB_WAIT ram_mib=28580 vram_free_mib=12151 running=10
EXTAB_EXIT screen=extab_CHSZ_linear_entanglement_f4_s7 code=0
EXTAB_EXIT screen=extab_CHSZ_linear_entanglement_f2_s7 code=0
EXTAB_EXIT screen=extab_CHSZ_linear_entanglement_f3_s7 code=0
EXTAB_LAUNCH screen=extab_CHSZ_linear_entanglement_f12_s7 data=CHSZ variant=linear_entanglement fold=12
EXTAB_LAUNCH screen=extab_CHSZ_linear_entanglement_f13_s7 data=CHSZ variant=linear_entanglement fold=13
EXTAB_WAIT ram_mib=28546 vram_free_mib=12173 running=9
EXTAB_WAIT ram_mib=30838 vram_free_mib=10977 running=9
EXTAB_EXIT screen=extab_CHSZ_linear_entanglement_f5_s7 code=0
EXTAB_WAIT ram_mib=28305 vram_free_mib=12452 running=8
EXTAB_EXIT screen=extab_CHSZ_linear_entanglement_f10_s7 code=0
EXTAB_LAUNCH screen=extab_CHSZ_linear_entanglement_f14_s7 data=CHSZ variant=linear_entanglement fold=14
EXTAB_LAUNCH screen=extab_CHSZ_linear_entanglement_f15_s7 data=CHSZ variant=linear_entanglement fold=15
EXTAB_LAUNCH screen=extab_CHSZ_linear_entanglement_f16_s7 data=CHSZ variant=linear_entanglement fold=16
EXTAB_LAUNCH screen=extab_CHSZ_linear_entanglement_f17_s7 data=CHSZ variant=linear_entanglement fold=17
EXTAB_LAUNCH screen=extab_CHSZ_linear_entanglement_f18_s7 data=CHSZ variant=linear_entanglement fold=18
EXTAB_EXIT screen=extab_CHSZ_linear_entanglement_f7_s7 code=0
EXTAB_EXIT screen=extab_CHSZ_linear_entanglement_f6_s7 code=0
EXTAB_EXIT screen=extab_CHSZ_linear_entanglement_f8_s7 code=0
EXTAB_EXIT screen=extab_CHSZ_linear_entanglement_f9_s7 code=0
EXTAB_EXIT screen=extab_CHSZ_linear_entanglement_f13_s7 code=0
EXTAB_EXIT screen=extab_CHSZ_linear_entanglement_f12_s7 code=0
EXTAB_EXIT screen=extab_CHSZ_linear_entanglement_f11_s7 code=0
EXTAB_LAUNCH screen=extab_CHSZ_linear_entanglement_f19_s7 data=CHSZ variant=linear_entanglement fold=19
EXTAB_LAUNCH screen=extab_CHSZ_linear_entanglement_f20_s7 data=CHSZ variant=linear_entanglement fold=20
EXTAB_LAUNCH screen=extab_CHSZ_linear_entanglement_f21_s7 data=CHSZ variant=linear_entanglement fold=21
EXTAB_LAUNCH screen=extab_CHSZ_linear_entanglement_f22_s7 data=CHSZ variant=linear_entanglement fold=22
EXTAB_LAUNCH screen=extab_CHSZ_linear_entanglement_f23_s7 data=CHSZ variant=linear_entanglement fold=23
EXTAB_LAUNCH screen=extab_CHSZ_linear_entanglement_f24_s7 data=CHSZ variant=linear_entanglement fold=24
EXTAB_WAIT ram_mib=28816 vram_free_mib=12061 running=11
EXTAB_EXIT screen=extab_CHSZ_linear_entanglement_f14_s7 code=0
EXTAB_EXIT screen=extab_CHSZ_linear_entanglement_f17_s7 code=0
EXTAB_WAIT ram_mib=30810 vram_free_mib=10995 running=9
EXTAB_EXIT screen=extab_CHSZ_linear_entanglement_f15_s7 code=0
EXTAB_EXIT screen=extab_CHSZ_linear_entanglement_f18_s7 code=0
EXTAB_LAUNCH screen=extab_CHSZ_linear_entanglement_f25_s7 data=CHSZ variant=linear_entanglement fold=25
EXTAB_LAUNCH screen=extab_CHSZ_linear_entanglement_f26_s7 data=CHSZ variant=linear_entanglement fold=26
EXTAB_LAUNCH screen=extab_CHSZ_no_reupload_f0_s7 data=CHSZ variant=no_reupload fold=0
EXTAB_WAIT ram_mib=28724 vram_free_mib=12061 running=10
EXTAB_EXIT screen=extab_CHSZ_linear_entanglement_f19_s7 code=0
EXTAB_WAIT ram_mib=30807 vram_free_mib=10983 running=9
EXTAB_EXIT screen=extab_CHSZ_linear_entanglement_f16_s7 code=0
EXTAB_EXIT screen=extab_CHSZ_linear_entanglement_f20_s7 code=0
EXTAB_EXIT screen=extab_CHSZ_linear_entanglement_f24_s7 code=0
EXTAB_EXIT screen=extab_CHSZ_linear_entanglement_f23_s7 code=0
EXTAB_LAUNCH screen=extab_CHSZ_no_reupload_f1_s7 data=CHSZ variant=no_reupload fold=1
EXTAB_LAUNCH screen=extab_CHSZ_no_reupload_f2_s7 data=CHSZ variant=no_reupload fold=2
EXTAB_LAUNCH screen=extab_CHSZ_no_reupload_f3_s7 data=CHSZ variant=no_reupload fold=3
EXTAB_LAUNCH screen=extab_CHSZ_no_reupload_f4_s7 data=CHSZ variant=no_reupload fold=4
EXTAB_LAUNCH screen=extab_CHSZ_no_reupload_f5_s7 data=CHSZ variant=no_reupload fold=5
EXTAB_LAUNCH screen=extab_CHSZ_no_reupload_f6_s7 data=CHSZ variant=no_reupload fold=6
EXTAB_WAIT ram_mib=28706 vram_free_mib=12083 running=11
EXTAB_EXIT screen=extab_CHSZ_linear_entanglement_f21_s7 code=0
EXTAB_EXIT screen=extab_CHSZ_linear_entanglement_f25_s7 code=0
EXTAB_WAIT ram_mib=30807 vram_free_mib=10983 running=9
EXTAB_EXIT screen=extab_CHSZ_linear_entanglement_f22_s7 code=0
EXTAB_WAIT ram_mib=28274 vram_free_mib=12582 running=8
EXTAB_EXIT screen=extab_CHSZ_linear_entanglement_f26_s7 code=0
EXTAB_LAUNCH screen=extab_CHSZ_no_reupload_f7_s7 data=CHSZ variant=no_reupload fold=7
EXTAB_LAUNCH screen=extab_CHSZ_no_reupload_f8_s7 data=CHSZ variant=no_reupload fold=8
EXTAB_LAUNCH screen=extab_CHSZ_no_reupload_f9_s7 data=CHSZ variant=no_reupload fold=9
EXTAB_WAIT ram_mib=28742 vram_free_mib=12077 running=10
EXTAB_EXIT screen=extab_CHSZ_no_reupload_f0_s7 code=0
EXTAB_WAIT ram_mib=30806 vram_free_mib=10983 running=9
EXTAB_EXIT screen=extab_CHSZ_no_reupload_f3_s7 code=0
EXTAB_EXIT screen=extab_CHSZ_no_reupload_f1_s7 code=0
EXTAB_LAUNCH screen=extab_CHSZ_no_reupload_f10_s7 data=CHSZ variant=no_reupload fold=10
EXTAB_LAUNCH screen=extab_CHSZ_no_reupload_f11_s7 data=CHSZ variant=no_reupload fold=11
EXTAB_LAUNCH screen=extab_CHSZ_no_reupload_f12_s7 data=CHSZ variant=no_reupload fold=12
EXTAB_LAUNCH screen=extab_CHSZ_no_reupload_f13_s7 data=CHSZ variant=no_reupload fold=13
EXTAB_WAIT ram_mib=28632 vram_free_mib=12119 running=11
EXTAB_EXIT screen=extab_CHSZ_no_reupload_f4_s7 code=0
EXTAB_EXIT screen=extab_CHSZ_no_reupload_f9_s7 code=0
EXTAB_EXIT screen=extab_CHSZ_no_reupload_f6_s7 code=0
EXTAB_EXIT screen=extab_CHSZ_no_reupload_f2_s7 code=0
EXTAB_EXIT screen=extab_CHSZ_no_reupload_f5_s7 code=0
EXTAB_LAUNCH screen=extab_CHSZ_no_reupload_f14_s7 data=CHSZ variant=no_reupload fold=14
EXTAB_LAUNCH screen=extab_CHSZ_no_reupload_f15_s7 data=CHSZ variant=no_reupload fold=15
EXTAB_LAUNCH screen=extab_CHSZ_no_reupload_f16_s7 data=CHSZ variant=no_reupload fold=16
EXTAB_LAUNCH screen=extab_CHSZ_no_reupload_f17_s7 data=CHSZ variant=no_reupload fold=17
EXTAB_LAUNCH screen=extab_CHSZ_no_reupload_f18_s7 data=CHSZ variant=no_reupload fold=18
EXTAB_WAIT ram_mib=28749 vram_free_mib=12053 running=11
EXTAB_EXIT screen=extab_CHSZ_no_reupload_f7_s7 code=0
EXTAB_EXIT screen=extab_CHSZ_no_reupload_f8_s7 code=0
EXTAB_EXIT screen=extab_CHSZ_no_reupload_f10_s7 code=0
EXTAB_WAIT ram_mib=28243 vram_free_mib=12476 running=8
EXTAB_EXIT screen=extab_CHSZ_no_reupload_f12_s7 code=0
EXTAB_LAUNCH screen=extab_CHSZ_no_reupload_f19_s7 data=CHSZ variant=no_reupload fold=19
EXTAB_LAUNCH screen=extab_CHSZ_no_reupload_f20_s7 data=CHSZ variant=no_reupload fold=20
EXTAB_LAUNCH screen=extab_CHSZ_no_reupload_f21_s7 data=CHSZ variant=no_reupload fold=21
EXTAB_LAUNCH screen=extab_CHSZ_no_reupload_f22_s7 data=CHSZ variant=no_reupload fold=22
EXTAB_LAUNCH screen=extab_CHSZ_no_reupload_f23_s7 data=CHSZ variant=no_reupload fold=23
EXTAB_EXIT screen=extab_CHSZ_no_reupload_f15_s7 code=0
EXTAB_EXIT screen=extab_CHSZ_no_reupload_f17_s7 code=0
EXTAB_EXIT screen=extab_CHSZ_no_reupload_f11_s7 code=0
EXTAB_EXIT screen=extab_CHSZ_no_reupload_f14_s7 code=0
EXTAB_EXIT screen=extab_CHSZ_no_reupload_f18_s7 code=0
EXTAB_EXIT screen=extab_CHSZ_no_reupload_f13_s7 code=0
EXTAB_LAUNCH screen=extab_CHSZ_no_reupload_f24_s7 data=CHSZ variant=no_reupload fold=24
EXTAB_LAUNCH screen=extab_CHSZ_no_reupload_f25_s7 data=CHSZ variant=no_reupload fold=25
EXTAB_LAUNCH screen=extab_CHSZ_no_reupload_f26_s7 data=CHSZ variant=no_reupload fold=26
EXTAB_LAUNCH screen=extab_CHSZ_frozen_reupload_scale_f0_s7 data=CHSZ variant=frozen_reupload_scale fold=0
EXTAB_WAIT ram_mib=28531 vram_free_mib=12167 running=10
EXTAB_EXIT screen=extab_CHSZ_no_reupload_f16_s7 code=0
EXTAB_EXIT screen=extab_CHSZ_no_reupload_f19_s7 code=0
EXTAB_WAIT ram_mib=28245 vram_free_mib=12460 running=8
EXTAB_EXIT screen=extab_CHSZ_no_reupload_f20_s7 code=0
EXTAB_LAUNCH screen=extab_CHSZ_frozen_reupload_scale_f1_s7 data=CHSZ variant=frozen_reupload_scale fold=1
EXTAB_LAUNCH screen=extab_CHSZ_frozen_reupload_scale_f2_s7 data=CHSZ variant=frozen_reupload_scale fold=2
EXTAB_WAIT ram_mib=28701 vram_free_mib=12061 running=9
EXTAB_EXIT screen=extab_CHSZ_no_reupload_f21_s7 code=0
EXTAB_WAIT ram_mib=28239 vram_free_mib=12460 running=8
EXTAB_EXIT screen=extab_CHSZ_frozen_reupload_scale_f0_s7 code=0
EXTAB_LAUNCH screen=extab_CHSZ_frozen_reupload_scale_f3_s7 data=CHSZ variant=frozen_reupload_scale fold=3
EXTAB_LAUNCH screen=extab_CHSZ_frozen_reupload_scale_f4_s7 data=CHSZ variant=frozen_reupload_scale fold=4
EXTAB_LAUNCH screen=extab_CHSZ_frozen_reupload_scale_f5_s7 data=CHSZ variant=frozen_reupload_scale fold=5
EXTAB_LAUNCH screen=extab_CHSZ_frozen_reupload_scale_f6_s7 data=CHSZ variant=frozen_reupload_scale fold=6
EXTAB_LAUNCH screen=extab_CHSZ_frozen_reupload_scale_f7_s7 data=CHSZ variant=frozen_reupload_scale fold=7
EXTAB_EXIT screen=extab_CHSZ_no_reupload_f23_s7 code=0
EXTAB_EXIT screen=extab_CHSZ_no_reupload_f25_s7 code=0
EXTAB_EXIT screen=extab_CHSZ_frozen_reupload_scale_f2_s7 code=0
EXTAB_EXIT screen=extab_CHSZ_no_reupload_f22_s7 code=0
EXTAB_EXIT screen=extab_CHSZ_no_reupload_f26_s7 code=0
EXTAB_EXIT screen=extab_CHSZ_frozen_reupload_scale_f1_s7 code=0
EXTAB_EXIT screen=extab_CHSZ_no_reupload_f24_s7 code=0
EXTAB_LAUNCH screen=extab_CHSZ_frozen_reupload_scale_f8_s7 data=CHSZ variant=frozen_reupload_scale fold=8
EXTAB_LAUNCH screen=extab_CHSZ_frozen_reupload_scale_f9_s7 data=CHSZ variant=frozen_reupload_scale fold=9
EXTAB_LAUNCH screen=extab_CHSZ_frozen_reupload_scale_f10_s7 data=CHSZ variant=frozen_reupload_scale fold=10
EXTAB_LAUNCH screen=extab_CHSZ_frozen_reupload_scale_f11_s7 data=CHSZ variant=frozen_reupload_scale fold=11
EXTAB_WAIT ram_mib=28704 vram_free_mib=12053 running=9
EXTAB_EXIT screen=extab_CHSZ_frozen_reupload_scale_f7_s7 code=0
EXTAB_EXIT screen=extab_CHSZ_frozen_reupload_scale_f6_s7 code=0
EXTAB_LAUNCH screen=extab_CHSZ_frozen_reupload_scale_f12_s7 data=CHSZ variant=frozen_reupload_scale fold=12
EXTAB_LAUNCH screen=extab_CHSZ_frozen_reupload_scale_f13_s7 data=CHSZ variant=frozen_reupload_scale fold=13
EXTAB_WAIT ram_mib=28450 vram_free_mib=12177 running=9
EXTAB_WAIT ram_mib=30764 vram_free_mib=10977 running=9
EXTAB_EXIT screen=extab_CHSZ_frozen_reupload_scale_f9_s7 code=0
EXTAB_EXIT screen=extab_CHSZ_frozen_reupload_scale_f3_s7 code=0
EXTAB_LAUNCH screen=extab_CHSZ_frozen_reupload_scale_f14_s7 data=CHSZ variant=frozen_reupload_scale fold=14
EXTAB_LAUNCH screen=extab_CHSZ_frozen_reupload_scale_f15_s7 data=CHSZ variant=frozen_reupload_scale fold=15
EXTAB_LAUNCH screen=extab_CHSZ_frozen_reupload_scale_f16_s7 data=CHSZ variant=frozen_reupload_scale fold=16
EXTAB_WAIT ram_mib=28690 vram_free_mib=12085 running=10
EXTAB_EXIT screen=extab_CHSZ_frozen_reupload_scale_f4_s7 code=0
EXTAB_EXIT screen=extab_CHSZ_frozen_reupload_scale_f5_s7 code=0
EXTAB_WAIT ram_mib=28254 vram_free_mib=12454 running=8
EXTAB_EXIT screen=extab_CHSZ_frozen_reupload_scale_f10_s7 code=0
EXTAB_LAUNCH screen=extab_CHSZ_frozen_reupload_scale_f17_s7 data=CHSZ variant=frozen_reupload_scale fold=17
EXTAB_LAUNCH screen=extab_CHSZ_frozen_reupload_scale_f18_s7 data=CHSZ variant=frozen_reupload_scale fold=18
EXTAB_WAIT ram_mib=28621 vram_free_mib=12079 running=9
EXTAB_EXIT screen=extab_CHSZ_frozen_reupload_scale_f8_s7 code=0
EXTAB_EXIT screen=extab_CHSZ_frozen_reupload_scale_f11_s7 code=0
EXTAB_EXIT screen=extab_CHSZ_frozen_reupload_scale_f13_s7 code=0
EXTAB_LAUNCH screen=extab_CHSZ_frozen_reupload_scale_f19_s7 data=CHSZ variant=frozen_reupload_scale fold=19
EXTAB_LAUNCH screen=extab_CHSZ_frozen_reupload_scale_f20_s7 data=CHSZ variant=frozen_reupload_scale fold=20
EXTAB_LAUNCH screen=extab_CHSZ_frozen_reupload_scale_f21_s7 data=CHSZ variant=frozen_reupload_scale fold=21
EXTAB_WAIT ram_mib=28704 vram_free_mib=12093 running=9
EXTAB_EXIT screen=extab_CHSZ_frozen_reupload_scale_f12_s7 code=0
EXTAB_WAIT ram_mib=28243 vram_free_mib=12474 running=8
EXTAB_EXIT screen=extab_CHSZ_frozen_reupload_scale_f17_s7 code=0
EXTAB_LAUNCH screen=extab_CHSZ_frozen_reupload_scale_f22_s7 data=CHSZ variant=frozen_reupload_scale fold=22
EXTAB_LAUNCH screen=extab_CHSZ_frozen_reupload_scale_f23_s7 data=CHSZ variant=frozen_reupload_scale fold=23
EXTAB_WAIT ram_mib=28450 vram_free_mib=12183 running=9
EXTAB_EXIT screen=extab_CHSZ_frozen_reupload_scale_f14_s7 code=0
EXTAB_EXIT screen=extab_CHSZ_frozen_reupload_scale_f15_s7 code=0
EXTAB_EXIT screen=extab_CHSZ_frozen_reupload_scale_f19_s7 code=0
EXTAB_LAUNCH screen=extab_CHSZ_frozen_reupload_scale_f24_s7 data=CHSZ variant=frozen_reupload_scale fold=24
EXTAB_LAUNCH screen=extab_CHSZ_frozen_reupload_scale_f25_s7 data=CHSZ variant=frozen_reupload_scale fold=25
EXTAB_LAUNCH screen=extab_CHSZ_frozen_reupload_scale_f26_s7 data=CHSZ variant=frozen_reupload_scale fold=26
EXTAB_LAUNCH screen=extab_CHSZ_uniform_channel_pool_f0_s7 data=CHSZ variant=uniform_channel_pool fold=0
EXTAB_LAUNCH screen=extab_CHSZ_uniform_channel_pool_f1_s7 data=CHSZ variant=uniform_channel_pool fold=1
EXTAB_LAUNCH screen=extab_CHSZ_uniform_channel_pool_f2_s7 data=CHSZ variant=uniform_channel_pool fold=2
EXTAB_EXIT screen=extab_CHSZ_frozen_reupload_scale_f20_s7 code=0
EXTAB_EXIT screen=extab_CHSZ_frozen_reupload_scale_f18_s7 code=0
EXTAB_EXIT screen=extab_CHSZ_frozen_reupload_scale_f23_s7 code=0
EXTAB_EXIT screen=extab_CHSZ_frozen_reupload_scale_f16_s7 code=0
EXTAB_EXIT screen=extab_CHSZ_frozen_reupload_scale_f22_s7 code=0
EXTAB_EXIT screen=extab_CHSZ_frozen_reupload_scale_f21_s7 code=0
EXTAB_LAUNCH screen=extab_CHSZ_uniform_channel_pool_f3_s7 data=CHSZ variant=uniform_channel_pool fold=3
EXTAB_LAUNCH screen=extab_CHSZ_uniform_channel_pool_f4_s7 data=CHSZ variant=uniform_channel_pool fold=4
EXTAB_LAUNCH screen=extab_CHSZ_uniform_channel_pool_f5_s7 data=CHSZ variant=uniform_channel_pool fold=5
EXTAB_LAUNCH screen=extab_CHSZ_uniform_channel_pool_f6_s7 data=CHSZ variant=uniform_channel_pool fold=6
EXTAB_LAUNCH screen=extab_CHSZ_uniform_channel_pool_f7_s7 data=CHSZ variant=uniform_channel_pool fold=7
EXTAB_LAUNCH screen=extab_CHSZ_uniform_channel_pool_f8_s7 data=CHSZ variant=uniform_channel_pool fold=8
EXTAB_EXIT screen=extab_CHSZ_uniform_channel_pool_f0_s7 code=0
EXTAB_EXIT screen=extab_CHSZ_frozen_reupload_scale_f25_s7 code=0
EXTAB_EXIT screen=extab_CHSZ_frozen_reupload_scale_f26_s7 code=0
EXTAB_EXIT screen=extab_CHSZ_uniform_channel_pool_f2_s7 code=0
EXTAB_EXIT screen=extab_CHSZ_frozen_reupload_scale_f24_s7 code=0
EXTAB_LAUNCH screen=extab_CHSZ_uniform_channel_pool_f9_s7 data=CHSZ variant=uniform_channel_pool fold=9
EXTAB_LAUNCH screen=extab_CHSZ_uniform_channel_pool_f10_s7 data=CHSZ variant=uniform_channel_pool fold=10
EXTAB_WAIT ram_mib=28755 vram_free_mib=12047 running=9
EXTAB_WAIT ram_mib=30771 vram_free_mib=10979 running=9
EXTAB_EXIT screen=extab_CHSZ_uniform_channel_pool_f4_s7 code=0
EXTAB_EXIT screen=extab_CHSZ_uniform_channel_pool_f6_s7 code=0
EXTAB_LAUNCH screen=extab_CHSZ_uniform_channel_pool_f11_s7 data=CHSZ variant=uniform_channel_pool fold=11
EXTAB_LAUNCH screen=extab_CHSZ_uniform_channel_pool_f12_s7 data=CHSZ variant=uniform_channel_pool fold=12
EXTAB_LAUNCH screen=extab_CHSZ_uniform_channel_pool_f13_s7 data=CHSZ variant=uniform_channel_pool fold=13
EXTAB_LAUNCH screen=extab_CHSZ_uniform_channel_pool_f14_s7 data=CHSZ variant=uniform_channel_pool fold=14
EXTAB_LAUNCH screen=extab_CHSZ_uniform_channel_pool_f15_s7 data=CHSZ variant=uniform_channel_pool fold=15
EXTAB_EXIT screen=extab_CHSZ_uniform_channel_pool_f9_s7 code=0
EXTAB_EXIT screen=extab_CHSZ_uniform_channel_pool_f10_s7 code=0
EXTAB_EXIT screen=extab_CHSZ_uniform_channel_pool_f5_s7 code=0
EXTAB_EXIT screen=extab_CHSZ_uniform_channel_pool_f7_s7 code=0
EXTAB_EXIT screen=extab_CHSZ_uniform_channel_pool_f1_s7 code=0
EXTAB_EXIT screen=extab_CHSZ_uniform_channel_pool_f8_s7 code=0
EXTAB_LAUNCH screen=extab_CHSZ_uniform_channel_pool_f16_s7 data=CHSZ variant=uniform_channel_pool fold=16
EXTAB_LAUNCH screen=extab_CHSZ_uniform_channel_pool_f17_s7 data=CHSZ variant=uniform_channel_pool fold=17
EXTAB_LAUNCH screen=extab_CHSZ_uniform_channel_pool_f18_s7 data=CHSZ variant=uniform_channel_pool fold=18
EXTAB_LAUNCH screen=extab_CHSZ_uniform_channel_pool_f19_s7 data=CHSZ variant=uniform_channel_pool fold=19
EXTAB_WAIT ram_mib=28581 vram_free_mib=12105 running=10
EXTAB_EXIT screen=extab_CHSZ_uniform_channel_pool_f3_s7 code=0
EXTAB_EXIT screen=extab_CHSZ_uniform_channel_pool_f12_s7 code=0
EXTAB_EXIT screen=extab_CHSZ_uniform_channel_pool_f13_s7 code=0
EXTAB_EXIT screen=extab_CHSZ_uniform_channel_pool_f14_s7 code=0
EXTAB_LAUNCH screen=extab_CHSZ_uniform_channel_pool_f20_s7 data=CHSZ variant=uniform_channel_pool fold=20
EXTAB_LAUNCH screen=extab_CHSZ_uniform_channel_pool_f21_s7 data=CHSZ variant=uniform_channel_pool fold=21
EXTAB_LAUNCH screen=extab_CHSZ_uniform_channel_pool_f22_s7 data=CHSZ variant=uniform_channel_pool fold=22
EXTAB_WAIT ram_mib=28714 vram_free_mib=12117 running=9
EXTAB_EXIT screen=extab_CHSZ_uniform_channel_pool_f11_s7 code=0
EXTAB_WAIT ram_mib=28240 vram_free_mib=12474 running=8
EXTAB_EXIT screen=extab_CHSZ_uniform_channel_pool_f19_s7 code=0
EXTAB_LAUNCH screen=extab_CHSZ_uniform_channel_pool_f23_s7 data=CHSZ variant=uniform_channel_pool fold=23
EXTAB_LAUNCH screen=extab_CHSZ_uniform_channel_pool_f24_s7 data=CHSZ variant=uniform_channel_pool fold=24
EXTAB_LAUNCH screen=extab_CHSZ_uniform_channel_pool_f25_s7 data=CHSZ variant=uniform_channel_pool fold=25
EXTAB_LAUNCH screen=extab_CHSZ_uniform_channel_pool_f26_s7 data=CHSZ variant=uniform_channel_pool fold=26
EXTAB_WAIT ram_mib=28675 vram_free_mib=12263 running=11
EXTAB_EXIT screen=extab_CHSZ_uniform_channel_pool_f16_s7 code=0
EXTAB_EXIT screen=extab_CHSZ_uniform_channel_pool_f15_s7 code=0
EXTAB_EXIT screen=extab_CHSZ_uniform_channel_pool_f17_s7 code=0
EXTAB_EXIT screen=extab_CHSZ_uniform_channel_pool_f20_s7 code=0
EXTAB_LAUNCH screen=extab_CHSZ_max_channel_pool_f0_s7 data=CHSZ variant=max_channel_pool fold=0
EXTAB_LAUNCH screen=extab_CHSZ_max_channel_pool_f1_s7 data=CHSZ variant=max_channel_pool fold=1
EXTAB_LAUNCH screen=extab_CHSZ_max_channel_pool_f2_s7 data=CHSZ variant=max_channel_pool fold=2
EXTAB_LAUNCH screen=extab_CHSZ_max_channel_pool_f3_s7 data=CHSZ variant=max_channel_pool fold=3
EXTAB_WAIT ram_mib=28754 vram_free_mib=12065 running=11
EXTAB_EXIT screen=extab_CHSZ_uniform_channel_pool_f21_s7 code=0
EXTAB_EXIT screen=extab_CHSZ_uniform_channel_pool_f18_s7 code=0
EXTAB_WAIT ram_mib=30813 vram_free_mib=10981 running=9
EXTAB_WAIT ram_mib=30814 vram_free_mib=10981 running=9
EXTAB_WAIT ram_mib=30814 vram_free_mib=10981 running=9
EXTAB_EXIT screen=extab_CHSZ_uniform_channel_pool_f26_s7 code=0
EXTAB_EXIT screen=extab_CHSZ_uniform_channel_pool_f22_s7 code=0
EXTAB_LAUNCH screen=extab_CHSZ_max_channel_pool_f4_s7 data=CHSZ variant=max_channel_pool fold=4
EXTAB_LAUNCH screen=extab_CHSZ_max_channel_pool_f5_s7 data=CHSZ variant=max_channel_pool fold=5
EXTAB_LAUNCH screen=extab_CHSZ_max_channel_pool_f6_s7 data=CHSZ variant=max_channel_pool fold=6
EXTAB_WAIT ram_mib=28712 vram_free_mib=12075 running=10
EXTAB_EXIT screen=extab_CHSZ_max_channel_pool_f1_s7 code=0
EXTAB_EXIT screen=extab_CHSZ_uniform_channel_pool_f25_s7 code=0
EXTAB_EXIT screen=extab_CHSZ_max_channel_pool_f0_s7 code=0
EXTAB_EXIT screen=extab_CHSZ_max_channel_pool_f2_s7 code=0
EXTAB_EXIT screen=extab_CHSZ_uniform_channel_pool_f23_s7 code=0
EXTAB_EXIT screen=extab_CHSZ_uniform_channel_pool_f24_s7 code=0
EXTAB_LAUNCH screen=extab_CHSZ_max_channel_pool_f7_s7 data=CHSZ variant=max_channel_pool fold=7
EXTAB_LAUNCH screen=extab_CHSZ_max_channel_pool_f8_s7 data=CHSZ variant=max_channel_pool fold=8
EXTAB_LAUNCH screen=extab_CHSZ_max_channel_pool_f9_s7 data=CHSZ variant=max_channel_pool fold=9
EXTAB_LAUNCH screen=extab_CHSZ_max_channel_pool_f10_s7 data=CHSZ variant=max_channel_pool fold=10
EXTAB_LAUNCH screen=extab_CHSZ_max_channel_pool_f11_s7 data=CHSZ variant=max_channel_pool fold=11
EXTAB_WAIT ram_mib=28628 vram_free_mib=12121 running=9
EXTAB_WAIT ram_mib=30778 vram_free_mib=10979 running=9
EXTAB_EXIT screen=extab_CHSZ_max_channel_pool_f3_s7 code=0
EXTAB_WAIT ram_mib=28250 vram_free_mib=12452 running=8
EXTAB_EXIT screen=extab_CHSZ_max_channel_pool_f5_s7 code=0
EXTAB_EXIT screen=extab_CHSZ_max_channel_pool_f4_s7 code=0
EXTAB_LAUNCH screen=extab_CHSZ_max_channel_pool_f12_s7 data=CHSZ variant=max_channel_pool fold=12
EXTAB_LAUNCH screen=extab_CHSZ_max_channel_pool_f13_s7 data=CHSZ variant=max_channel_pool fold=13
EXTAB_LAUNCH screen=extab_CHSZ_max_channel_pool_f14_s7 data=CHSZ variant=max_channel_pool fold=14
EXTAB_LAUNCH screen=extab_CHSZ_max_channel_pool_f15_s7 data=CHSZ variant=max_channel_pool fold=15
EXTAB_LAUNCH screen=extab_CHSZ_max_channel_pool_f16_s7 data=CHSZ variant=max_channel_pool fold=16
EXTAB_WAIT ram_mib=28769 vram_free_mib=12035 running=11
EXTAB_EXIT screen=extab_CHSZ_max_channel_pool_f9_s7 code=0
EXTAB_EXIT screen=extab_CHSZ_max_channel_pool_f6_s7 code=0
EXTAB_EXIT screen=extab_CHSZ_max_channel_pool_f7_s7 code=0
EXTAB_WAIT ram_mib=28246 vram_free_mib=12454 running=8
EXTAB_EXIT screen=extab_CHSZ_max_channel_pool_f8_s7 code=0
EXTAB_EXIT screen=extab_CHSZ_max_channel_pool_f11_s7 code=0
EXTAB_LAUNCH screen=extab_CHSZ_max_channel_pool_f17_s7 data=CHSZ variant=max_channel_pool fold=17
EXTAB_LAUNCH screen=extab_CHSZ_max_channel_pool_f18_s7 data=CHSZ variant=max_channel_pool fold=18
EXTAB_LAUNCH screen=extab_CHSZ_max_channel_pool_f19_s7 data=CHSZ variant=max_channel_pool fold=19
EXTAB_LAUNCH screen=extab_CHSZ_max_channel_pool_f20_s7 data=CHSZ variant=max_channel_pool fold=20
EXTAB_LAUNCH screen=extab_CHSZ_max_channel_pool_f21_s7 data=CHSZ variant=max_channel_pool fold=21
EXTAB_WAIT ram_mib=28539 vram_free_mib=12153 running=11
EXTAB_EXIT screen=extab_CHSZ_max_channel_pool_f10_s7 code=0
EXTAB_EXIT screen=extab_CHSZ_max_channel_pool_f13_s7 code=0
EXTAB_WAIT ram_mib=30791 vram_free_mib=10999 running=9
EXTAB_EXIT screen=extab_CHSZ_max_channel_pool_f12_s7 code=0
EXTAB_EXIT screen=extab_CHSZ_max_channel_pool_f15_s7 code=0
EXTAB_LAUNCH screen=extab_CHSZ_max_channel_pool_f22_s7 data=CHSZ variant=max_channel_pool fold=22
EXTAB_LAUNCH screen=extab_CHSZ_max_channel_pool_f23_s7 data=CHSZ variant=max_channel_pool fold=23
EXTAB_WAIT ram_mib=28609 vram_free_mib=12121 running=9
EXTAB_EXIT screen=extab_CHSZ_max_channel_pool_f14_s7 code=0
EXTAB_WAIT ram_mib=28258 vram_free_mib=12474 running=8
EXTAB_EXIT screen=extab_CHSZ_max_channel_pool_f16_s7 code=0
EXTAB_LAUNCH screen=extab_CHSZ_max_channel_pool_f24_s7 data=CHSZ variant=max_channel_pool fold=24
EXTAB_LAUNCH screen=extab_CHSZ_max_channel_pool_f25_s7 data=CHSZ variant=max_channel_pool fold=25
EXTAB_LAUNCH screen=extab_CHSZ_max_channel_pool_f26_s7 data=CHSZ variant=max_channel_pool fold=26
EXTAB_WAIT ram_mib=28828 vram_free_mib=12029 running=10
EXTAB_EXIT screen=extab_CHSZ_max_channel_pool_f19_s7 code=0
EXTAB_WAIT ram_mib=30782 vram_free_mib=10991 running=9
EXTAB_EXIT screen=extab_CHSZ_max_channel_pool_f20_s7 code=0
EXTAB_EXIT screen=extab_CHSZ_max_channel_pool_f18_s7 code=0
EXTAB_EXIT screen=extab_CHSZ_max_channel_pool_f17_s7 code=0
EXTAB_LAUNCH screen=extab_CHSZ_no_bilstm_f0_s7 data=CHSZ variant=no_bilstm fold=0
EXTAB_LAUNCH screen=extab_CHSZ_no_bilstm_f1_s7 data=CHSZ variant=no_bilstm fold=1
EXTAB_LAUNCH screen=extab_CHSZ_no_bilstm_f2_s7 data=CHSZ variant=no_bilstm fold=2
EXTAB_LAUNCH screen=extab_CHSZ_no_bilstm_f3_s7 data=CHSZ variant=no_bilstm fold=3
EXTAB_LAUNCH screen=extab_CHSZ_no_bilstm_f4_s7 data=CHSZ variant=no_bilstm fold=4
EXTAB_WAIT ram_mib=29299 vram_free_mib=11482 running=11
EXTAB_EXIT screen=extab_CHSZ_max_channel_pool_f21_s7 code=0
EXTAB_WAIT ram_mib=31299 vram_free_mib=10524 running=10
EXTAB_EXIT screen=extab_CHSZ_max_channel_pool_f22_s7 code=0
EXTAB_WAIT ram_mib=28773 vram_free_mib=11999 running=9
EXTAB_EXIT screen=extab_CHSZ_max_channel_pool_f24_s7 code=0
EXTAB_EXIT screen=extab_CHSZ_max_channel_pool_f23_s7 code=0
EXTAB_LAUNCH screen=extab_CHSZ_no_bilstm_f5_s7 data=CHSZ variant=no_bilstm fold=5
EXTAB_LAUNCH screen=extab_CHSZ_no_bilstm_f6_s7 data=CHSZ variant=no_bilstm fold=6
EXTAB_LAUNCH screen=extab_CHSZ_no_bilstm_f7_s7 data=CHSZ variant=no_bilstm fold=7
EXTAB_LAUNCH screen=extab_CHSZ_no_bilstm_f8_s7 data=CHSZ variant=no_bilstm fold=8
EXTAB_LAUNCH screen=extab_CHSZ_no_bilstm_f9_s7 data=CHSZ variant=no_bilstm fold=9
EXTAB_EXIT screen=extab_CHSZ_no_bilstm_f1_s7 code=0
EXTAB_EXIT screen=extab_CHSZ_no_bilstm_f3_s7 code=0
EXTAB_EXIT screen=extab_CHSZ_no_bilstm_f0_s7 code=0
EXTAB_EXIT screen=extab_CHSZ_max_channel_pool_f26_s7 code=0
EXTAB_EXIT screen=extab_CHSZ_max_channel_pool_f25_s7 code=0
EXTAB_LAUNCH screen=extab_CHSZ_no_bilstm_f10_s7 data=CHSZ variant=no_bilstm fold=10
EXTAB_LAUNCH screen=extab_CHSZ_no_bilstm_f11_s7 data=CHSZ variant=no_bilstm fold=11
EXTAB_LAUNCH screen=extab_CHSZ_no_bilstm_f12_s7 data=CHSZ variant=no_bilstm fold=12
EXTAB_LAUNCH screen=extab_CHSZ_no_bilstm_f13_s7 data=CHSZ variant=no_bilstm fold=13
EXTAB_WAIT ram_mib=29554 vram_free_mib=11189 running=11
EXTAB_EXIT screen=extab_CHSZ_no_bilstm_f2_s7 code=0
EXTAB_EXIT screen=extab_CHSZ_no_bilstm_f4_s7 code=0
EXTAB_LAUNCH screen=extab_CHSZ_no_bilstm_f14_s7 data=CHSZ variant=no_bilstm fold=14
EXTAB_LAUNCH screen=extab_CHSZ_no_bilstm_f15_s7 data=CHSZ variant=no_bilstm fold=15
EXTAB_LAUNCH screen=extab_CHSZ_no_bilstm_f16_s7 data=CHSZ variant=no_bilstm fold=16
EXTAB_EXIT screen=extab_CHSZ_no_bilstm_f10_s7 code=0
EXTAB_EXIT screen=extab_CHSZ_no_bilstm_f7_s7 code=0
EXTAB_WAIT ram_mib=29314 vram_free_mib=11540 running=10
EXTAB_EXIT screen=extab_CHSZ_no_bilstm_f9_s7 code=0
EXTAB_EXIT screen=extab_CHSZ_no_bilstm_f6_s7 code=0
EXTAB_LAUNCH screen=extab_CHSZ_no_bilstm_f17_s7 data=CHSZ variant=no_bilstm fold=17
EXTAB_LAUNCH screen=extab_CHSZ_no_bilstm_f18_s7 data=CHSZ variant=no_bilstm fold=18
EXTAB_LAUNCH screen=extab_CHSZ_no_bilstm_f19_s7 data=CHSZ variant=no_bilstm fold=19
EXTAB_LAUNCH screen=extab_CHSZ_no_bilstm_f20_s7 data=CHSZ variant=no_bilstm fold=20
EXTAB_EXIT screen=extab_CHSZ_no_bilstm_f5_s7 code=0
EXTAB_EXIT screen=extab_CHSZ_no_bilstm_f12_s7 code=0
EXTAB_EXIT screen=extab_CHSZ_no_bilstm_f11_s7 code=0
EXTAB_EXIT screen=extab_CHSZ_no_bilstm_f8_s7 code=0
EXTAB_EXIT screen=extab_CHSZ_no_bilstm_f15_s7 code=0
EXTAB_LAUNCH screen=extab_CHSZ_no_bilstm_f21_s7 data=CHSZ variant=no_bilstm fold=21
EXTAB_LAUNCH screen=extab_CHSZ_no_bilstm_f22_s7 data=CHSZ variant=no_bilstm fold=22
EXTAB_LAUNCH screen=extab_CHSZ_no_bilstm_f23_s7 data=CHSZ variant=no_bilstm fold=23
EXTAB_LAUNCH screen=extab_CHSZ_no_bilstm_f24_s7 data=CHSZ variant=no_bilstm fold=24
EXTAB_LAUNCH screen=extab_CHSZ_no_bilstm_f25_s7 data=CHSZ variant=no_bilstm fold=25
EXTAB_EXIT screen=extab_CHSZ_no_bilstm_f14_s7 code=0
EXTAB_EXIT screen=extab_CHSZ_no_bilstm_f13_s7 code=0
EXTAB_EXIT screen=extab_CHSZ_no_bilstm_f16_s7 code=0
EXTAB_LAUNCH screen=extab_CHSZ_no_bilstm_f26_s7 data=CHSZ variant=no_bilstm fold=26
EXTAB_LAUNCH screen=extab_CHSZ_endpoint_bilstm_f0_s7 data=CHSZ variant=endpoint_bilstm fold=0
EXTAB_LAUNCH screen=extab_CHSZ_endpoint_bilstm_f1_s7 data=CHSZ variant=endpoint_bilstm fold=1
EXTAB_EXIT screen=extab_CHSZ_no_bilstm_f19_s7 code=0
EXTAB_EXIT screen=extab_CHSZ_no_bilstm_f17_s7 code=0
EXTAB_EXIT screen=extab_CHSZ_no_bilstm_f20_s7 code=0
EXTAB_LAUNCH screen=extab_CHSZ_endpoint_bilstm_f2_s7 data=CHSZ variant=endpoint_bilstm fold=2
EXTAB_WAIT ram_mib=28853 vram_free_mib=11780 running=10
EXTAB_EXIT screen=extab_CHSZ_no_bilstm_f24_s7 code=0
EXTAB_EXIT screen=extab_CHSZ_no_bilstm_f22_s7 code=0
EXTAB_LAUNCH screen=extab_CHSZ_endpoint_bilstm_f3_s7 data=CHSZ variant=endpoint_bilstm fold=3
EXTAB_LAUNCH screen=extab_CHSZ_endpoint_bilstm_f4_s7 data=CHSZ variant=endpoint_bilstm fold=4
EXTAB_LAUNCH screen=extab_CHSZ_endpoint_bilstm_f5_s7 data=CHSZ variant=endpoint_bilstm fold=5
EXTAB_WAIT ram_mib=29590 vram_free_mib=11420 running=11
EXTAB_EXIT screen=extab_CHSZ_no_bilstm_f18_s7 code=0
EXTAB_EXIT screen=extab_CHSZ_no_bilstm_f23_s7 code=0
EXTAB_EXIT screen=extab_CHSZ_endpoint_bilstm_f0_s7 code=0
EXTAB_LAUNCH screen=extab_CHSZ_endpoint_bilstm_f6_s7 data=CHSZ variant=endpoint_bilstm fold=6
EXTAB_LAUNCH screen=extab_CHSZ_endpoint_bilstm_f7_s7 data=CHSZ variant=endpoint_bilstm fold=7
EXTAB_WAIT ram_mib=29694 vram_free_mib=11348 running=10
EXTAB_EXIT screen=extab_CHSZ_endpoint_bilstm_f1_s7 code=0
EXTAB_EXIT screen=extab_CHSZ_endpoint_bilstm_f2_s7 code=0
EXTAB_EXIT screen=extab_CHSZ_no_bilstm_f21_s7 code=0
EXTAB_LAUNCH screen=extab_CHSZ_endpoint_bilstm_f8_s7 data=CHSZ variant=endpoint_bilstm fold=8
EXTAB_LAUNCH screen=extab_CHSZ_endpoint_bilstm_f9_s7 data=CHSZ variant=endpoint_bilstm fold=9
EXTAB_LAUNCH screen=extab_CHSZ_endpoint_bilstm_f10_s7 data=CHSZ variant=endpoint_bilstm fold=10
EXTAB_LAUNCH screen=extab_CHSZ_endpoint_bilstm_f11_s7 data=CHSZ variant=endpoint_bilstm fold=11
EXTAB_WAIT ram_mib=28807 vram_free_mib=12041 running=11
EXTAB_EXIT screen=extab_CHSZ_endpoint_bilstm_f5_s7 code=0
EXTAB_EXIT screen=extab_CHSZ_no_bilstm_f25_s7 code=0
EXTAB_EXIT screen=extab_CHSZ_no_bilstm_f26_s7 code=0
EXTAB_WAIT ram_mib=28266 vram_free_mib=12452 running=8
EXTAB_WAIT ram_mib=28265 vram_free_mib=12452 running=8
EXTAB_WAIT ram_mib=28263 vram_free_mib=12552 running=8
EXTAB_EXIT screen=extab_CHSZ_endpoint_bilstm_f8_s7 code=0
EXTAB_LAUNCH screen=extab_CHSZ_endpoint_bilstm_f12_s7 data=CHSZ variant=endpoint_bilstm fold=12
EXTAB_LAUNCH screen=extab_CHSZ_endpoint_bilstm_f13_s7 data=CHSZ variant=endpoint_bilstm fold=13
EXTAB_LAUNCH screen=extab_CHSZ_endpoint_bilstm_f14_s7 data=CHSZ variant=endpoint_bilstm fold=14
EXTAB_LAUNCH screen=extab_CHSZ_endpoint_bilstm_f15_s7 data=CHSZ variant=endpoint_bilstm fold=15
EXTAB_LAUNCH screen=extab_CHSZ_endpoint_bilstm_f16_s7 data=CHSZ variant=endpoint_bilstm fold=16
EXTAB_EXIT screen=extab_CHSZ_endpoint_bilstm_f11_s7 code=0
EXTAB_EXIT screen=extab_CHSZ_endpoint_bilstm_f9_s7 code=0
EXTAB_EXIT screen=extab_CHSZ_endpoint_bilstm_f3_s7 code=0
EXTAB_EXIT screen=extab_CHSZ_endpoint_bilstm_f10_s7 code=0
EXTAB_EXIT screen=extab_CHSZ_endpoint_bilstm_f7_s7 code=0
EXTAB_EXIT screen=extab_CHSZ_endpoint_bilstm_f13_s7 code=0
EXTAB_EXIT screen=extab_CHSZ_endpoint_bilstm_f6_s7 code=0
EXTAB_EXIT screen=extab_CHSZ_endpoint_bilstm_f4_s7 code=0
EXTAB_EXIT screen=extab_CHSZ_endpoint_bilstm_f12_s7 code=0
EXTAB_LAUNCH screen=extab_CHSZ_endpoint_bilstm_f17_s7 data=CHSZ variant=endpoint_bilstm fold=17
EXTAB_LAUNCH screen=extab_CHSZ_endpoint_bilstm_f18_s7 data=CHSZ variant=endpoint_bilstm fold=18
EXTAB_LAUNCH screen=extab_CHSZ_endpoint_bilstm_f19_s7 data=CHSZ variant=endpoint_bilstm fold=19
EXTAB_LAUNCH screen=extab_CHSZ_endpoint_bilstm_f20_s7 data=CHSZ variant=endpoint_bilstm fold=20
EXTAB_LAUNCH screen=extab_CHSZ_endpoint_bilstm_f21_s7 data=CHSZ variant=endpoint_bilstm fold=21
EXTAB_LAUNCH screen=extab_CHSZ_endpoint_bilstm_f22_s7 data=CHSZ variant=endpoint_bilstm fold=22
EXTAB_LAUNCH screen=extab_CHSZ_endpoint_bilstm_f23_s7 data=CHSZ variant=endpoint_bilstm fold=23
EXTAB_LAUNCH screen=extab_CHSZ_endpoint_bilstm_f24_s7 data=CHSZ variant=endpoint_bilstm fold=24
EXTAB_WAIT ram_mib=28564 vram_free_mib=12157 running=11
EXTAB_EXIT screen=extab_CHSZ_endpoint_bilstm_f14_s7 code=0
EXTAB_EXIT screen=extab_CHSZ_endpoint_bilstm_f16_s7 code=0
EXTAB_EXIT screen=extab_CHSZ_endpoint_bilstm_f17_s7 code=0
EXTAB_WAIT ram_mib=28282 vram_free_mib=12470 running=8
EXTAB_EXIT screen=extab_CHSZ_endpoint_bilstm_f19_s7 code=0
EXTAB_LAUNCH screen=extab_CHSZ_endpoint_bilstm_f25_s7 data=CHSZ variant=endpoint_bilstm fold=25
EXTAB_LAUNCH screen=extab_CHSZ_endpoint_bilstm_f26_s7 data=CHSZ variant=endpoint_bilstm fold=26
EXTAB_LAUNCH screen=extab_CHSZ_mean_bilstm_f0_s7 data=CHSZ variant=mean_bilstm fold=0
EXTAB_LAUNCH screen=extab_CHSZ_mean_bilstm_f1_s7 data=CHSZ variant=mean_bilstm fold=1
EXTAB_WAIT ram_mib=28672 vram_free_mib=12115 running=11
EXTAB_EXIT screen=extab_CHSZ_endpoint_bilstm_f20_s7 code=0
EXTAB_EXIT screen=extab_CHSZ_endpoint_bilstm_f21_s7 code=0
EXTAB_EXIT screen=extab_CHSZ_endpoint_bilstm_f15_s7 code=0
EXTAB_WAIT ram_mib=28285 vram_free_mib=12462 running=8
EXTAB_WAIT ram_mib=28284 vram_free_mib=12462 running=8
EXTAB_EXIT screen=extab_CHSZ_endpoint_bilstm_f18_s7 code=0
EXTAB_EXIT screen=extab_CHSZ_endpoint_bilstm_f25_s7 code=0
EXTAB_LAUNCH screen=extab_CHSZ_mean_bilstm_f2_s7 data=CHSZ variant=mean_bilstm fold=2
EXTAB_LAUNCH screen=extab_CHSZ_mean_bilstm_f3_s7 data=CHSZ variant=mean_bilstm fold=3
EXTAB_LAUNCH screen=extab_CHSZ_mean_bilstm_f4_s7 data=CHSZ variant=mean_bilstm fold=4
EXTAB_LAUNCH screen=extab_CHSZ_mean_bilstm_f5_s7 data=CHSZ variant=mean_bilstm fold=5
EXTAB_LAUNCH screen=extab_CHSZ_mean_bilstm_f6_s7 data=CHSZ variant=mean_bilstm fold=6
EXTAB_WAIT ram_mib=28782 vram_free_mib=12067 running=11
EXTAB_EXIT screen=extab_CHSZ_endpoint_bilstm_f24_s7 code=0
EXTAB_EXIT screen=extab_CHSZ_mean_bilstm_f1_s7 code=0
EXTAB_EXIT screen=extab_CHSZ_endpoint_bilstm_f23_s7 code=0
EXTAB_EXIT screen=extab_CHSZ_endpoint_bilstm_f22_s7 code=0
EXTAB_LAUNCH screen=extab_CHSZ_mean_bilstm_f7_s7 data=CHSZ variant=mean_bilstm fold=7
EXTAB_LAUNCH screen=extab_CHSZ_mean_bilstm_f8_s7 data=CHSZ variant=mean_bilstm fold=8
EXTAB_WAIT ram_mib=28672 vram_free_mib=12103 running=9
EXTAB_EXIT screen=extab_CHSZ_endpoint_bilstm_f26_s7 code=0
EXTAB_WAIT ram_mib=28283 vram_free_mib=12458 running=8
EXTAB_EXIT screen=extab_CHSZ_mean_bilstm_f0_s7 code=0
EXTAB_EXIT screen=extab_CHSZ_mean_bilstm_f4_s7 code=0
EXTAB_EXIT screen=extab_CHSZ_mean_bilstm_f6_s7 code=0
EXTAB_LAUNCH screen=extab_CHSZ_mean_bilstm_f9_s7 data=CHSZ variant=mean_bilstm fold=9
EXTAB_LAUNCH screen=extab_CHSZ_mean_bilstm_f10_s7 data=CHSZ variant=mean_bilstm fold=10
EXTAB_LAUNCH screen=extab_CHSZ_mean_bilstm_f11_s7 data=CHSZ variant=mean_bilstm fold=11
EXTAB_LAUNCH screen=extab_CHSZ_mean_bilstm_f12_s7 data=CHSZ variant=mean_bilstm fold=12
EXTAB_LAUNCH screen=extab_CHSZ_mean_bilstm_f13_s7 data=CHSZ variant=mean_bilstm fold=13
EXTAB_WAIT ram_mib=28767 vram_free_mib=12069 running=10
EXTAB_EXIT screen=extab_CHSZ_mean_bilstm_f2_s7 code=0
EXTAB_WAIT ram_mib=30800 vram_free_mib=10977 running=9
EXTAB_EXIT screen=extab_CHSZ_mean_bilstm_f8_s7 code=0
EXTAB_LAUNCH screen=extab_CHSZ_mean_bilstm_f14_s7 data=CHSZ variant=mean_bilstm fold=14
EXTAB_LAUNCH screen=extab_CHSZ_mean_bilstm_f15_s7 data=CHSZ variant=mean_bilstm fold=15
EXTAB_LAUNCH screen=extab_CHSZ_mean_bilstm_f16_s7 data=CHSZ variant=mean_bilstm fold=16
EXTAB_LAUNCH screen=extab_CHSZ_mean_bilstm_f17_s7 data=CHSZ variant=mean_bilstm fold=17
EXTAB_EXIT screen=extab_CHSZ_mean_bilstm_f10_s7 code=0
EXTAB_EXIT screen=extab_CHSZ_mean_bilstm_f7_s7 code=0
EXTAB_EXIT screen=extab_CHSZ_mean_bilstm_f3_s7 code=0
EXTAB_EXIT screen=extab_CHSZ_mean_bilstm_f12_s7 code=0
EXTAB_EXIT screen=extab_CHSZ_mean_bilstm_f5_s7 code=0
EXTAB_EXIT screen=extab_CHSZ_mean_bilstm_f13_s7 code=0
EXTAB_EXIT screen=extab_CHSZ_mean_bilstm_f9_s7 code=0
EXTAB_LAUNCH screen=extab_CHSZ_mean_bilstm_f18_s7 data=CHSZ variant=mean_bilstm fold=18
EXTAB_LAUNCH screen=extab_CHSZ_mean_bilstm_f19_s7 data=CHSZ variant=mean_bilstm fold=19
EXTAB_LAUNCH screen=extab_CHSZ_mean_bilstm_f20_s7 data=CHSZ variant=mean_bilstm fold=20
EXTAB_LAUNCH screen=extab_CHSZ_mean_bilstm_f21_s7 data=CHSZ variant=mean_bilstm fold=21
EXTAB_LAUNCH screen=extab_CHSZ_mean_bilstm_f22_s7 data=CHSZ variant=mean_bilstm fold=22
EXTAB_LAUNCH screen=extab_CHSZ_mean_bilstm_f23_s7 data=CHSZ variant=mean_bilstm fold=23
EXTAB_LAUNCH screen=extab_CHSZ_mean_bilstm_f24_s7 data=CHSZ variant=mean_bilstm fold=24
EXTAB_EXIT screen=extab_CHSZ_mean_bilstm_f14_s7 code=0
EXTAB_EXIT screen=extab_CHSZ_mean_bilstm_f16_s7 code=0
EXTAB_EXIT screen=extab_CHSZ_mean_bilstm_f15_s7 code=0
EXTAB_EXIT screen=extab_CHSZ_mean_bilstm_f11_s7 code=0
EXTAB_WAIT ram_mib=28285 vram_free_mib=12474 running=8
EXTAB_WAIT ram_mib=28284 vram_free_mib=12474 running=8
EXTAB_EXIT screen=extab_CHSZ_mean_bilstm_f19_s7 code=0
EXTAB_LAUNCH screen=extab_CHSZ_mean_bilstm_f25_s7 data=CHSZ variant=mean_bilstm fold=25
EXTAB_LAUNCH screen=extab_CHSZ_mean_bilstm_f26_s7 data=CHSZ variant=mean_bilstm fold=26
EXTAB_LAUNCH screen=extab_CHSZ_linear_classifier_f0_s7 data=CHSZ variant=linear_classifier fold=0
EXTAB_LAUNCH screen=extab_CHSZ_linear_classifier_f1_s7 data=CHSZ variant=linear_classifier fold=1
EXTAB_LAUNCH screen=extab_CHSZ_linear_classifier_f2_s7 data=CHSZ variant=linear_classifier fold=2
EXTAB_EXIT screen=extab_CHSZ_mean_bilstm_f24_s7 code=0
EXTAB_EXIT screen=extab_CHSZ_mean_bilstm_f21_s7 code=0
EXTAB_EXIT screen=extab_CHSZ_mean_bilstm_f22_s7 code=0
EXTAB_EXIT screen=extab_CHSZ_mean_bilstm_f17_s7 code=0
EXTAB_WAIT ram_mib=28301 vram_free_mib=12462 running=8
EXTAB_EXIT screen=extab_CHSZ_mean_bilstm_f20_s7 code=0
EXTAB_EXIT screen=extab_CHSZ_mean_bilstm_f18_s7 code=0
EXTAB_LAUNCH screen=extab_CHSZ_linear_classifier_f3_s7 data=CHSZ variant=linear_classifier fold=3
EXTAB_LAUNCH screen=extab_CHSZ_linear_classifier_f4_s7 data=CHSZ variant=linear_classifier fold=4
EXTAB_LAUNCH screen=extab_CHSZ_linear_classifier_f5_s7 data=CHSZ variant=linear_classifier fold=5
EXTAB_WAIT ram_mib=28537 vram_free_mib=12163 running=9
EXTAB_WAIT ram_mib=30829 vram_free_mib=10981 running=9
EXTAB_EXIT screen=extab_CHSZ_linear_classifier_f0_s7 code=0
EXTAB_EXIT screen=extab_CHSZ_mean_bilstm_f23_s7 code=0
EXTAB_LAUNCH screen=extab_CHSZ_linear_classifier_f6_s7 data=CHSZ variant=linear_classifier fold=6
EXTAB_LAUNCH screen=extab_CHSZ_linear_classifier_f7_s7 data=CHSZ variant=linear_classifier fold=7
EXTAB_WAIT ram_mib=28448 vram_free_mib=12187 running=9
EXTAB_EXIT screen=extab_CHSZ_linear_classifier_f2_s7 code=0
EXTAB_EXIT screen=extab_CHSZ_linear_classifier_f1_s7 code=0
EXTAB_EXIT screen=extab_CHSZ_mean_bilstm_f25_s7 code=0
EXTAB_EXIT screen=extab_CHSZ_mean_bilstm_f26_s7 code=0
EXTAB_LAUNCH screen=extab_CHSZ_linear_classifier_f8_s7 data=CHSZ variant=linear_classifier fold=8
EXTAB_LAUNCH screen=extab_CHSZ_linear_classifier_f9_s7 data=CHSZ variant=linear_classifier fold=9
EXTAB_LAUNCH screen=extab_CHSZ_linear_classifier_f10_s7 data=CHSZ variant=linear_classifier fold=10
EXTAB_LAUNCH screen=extab_CHSZ_linear_classifier_f11_s7 data=CHSZ variant=linear_classifier fold=11
EXTAB_WAIT ram_mib=28606 vram_free_mib=12135 running=9
EXTAB_EXIT screen=extab_CHSZ_linear_classifier_f5_s7 code=0
EXTAB_EXIT screen=extab_CHSZ_linear_classifier_f3_s7 code=0
EXTAB_LAUNCH screen=extab_CHSZ_linear_classifier_f12_s7 data=CHSZ variant=linear_classifier fold=12
EXTAB_LAUNCH screen=extab_CHSZ_linear_classifier_f13_s7 data=CHSZ variant=linear_classifier fold=13
EXTAB_LAUNCH screen=extab_CHSZ_linear_classifier_f14_s7 data=CHSZ variant=linear_classifier fold=14
EXTAB_WAIT ram_mib=28659 vram_free_mib=12099 running=10
EXTAB_EXIT screen=extab_CHSZ_linear_classifier_f4_s7 code=0
EXTAB_WAIT ram_mib=30815 vram_free_mib=10977 running=9
EXTAB_EXIT screen=extab_CHSZ_linear_classifier_f7_s7 code=0
EXTAB_WAIT ram_mib=28280 vram_free_mib=12452 running=8
EXTAB_LAUNCH screen=extab_CHSZ_linear_classifier_f15_s7 data=CHSZ variant=linear_classifier fold=15
EXTAB_LAUNCH screen=extab_CHSZ_linear_classifier_f16_s7 data=CHSZ variant=linear_classifier fold=16
EXTAB_LAUNCH screen=extab_CHSZ_linear_classifier_f17_s7 data=CHSZ variant=linear_classifier fold=17
EXTAB_LAUNCH screen=extab_CHSZ_linear_classifier_f18_s7 data=CHSZ variant=linear_classifier fold=18
EXTAB_EXIT screen=extab_CHSZ_linear_classifier_f11_s7 code=0
EXTAB_EXIT screen=extab_CHSZ_linear_classifier_f6_s7 code=0
EXTAB_EXIT screen=extab_CHSZ_linear_classifier_f10_s7 code=0
EXTAB_EXIT screen=extab_CHSZ_linear_classifier_f13_s7 code=0
EXTAB_EXIT screen=extab_CHSZ_linear_classifier_f9_s7 code=0
EXTAB_EXIT screen=extab_CHSZ_linear_classifier_f8_s7 code=0
EXTAB_LAUNCH screen=extab_CHSZ_linear_classifier_f19_s7 data=CHSZ variant=linear_classifier fold=19
EXTAB_LAUNCH screen=extab_CHSZ_linear_classifier_f20_s7 data=CHSZ variant=linear_classifier fold=20
EXTAB_LAUNCH screen=extab_CHSZ_linear_classifier_f21_s7 data=CHSZ variant=linear_classifier fold=21
EXTAB_WAIT ram_mib=28288 vram_free_mib=12281 running=9
EXTAB_EXIT screen=extab_CHSZ_linear_classifier_f14_s7 code=0
EXTAB_EXIT screen=extab_CHSZ_linear_classifier_f12_s7 code=0
EXTAB_LAUNCH screen=extab_CHSZ_linear_classifier_f22_s7 data=CHSZ variant=linear_classifier fold=22
EXTAB_LAUNCH screen=extab_CHSZ_linear_classifier_f23_s7 data=CHSZ variant=linear_classifier fold=23
EXTAB_LAUNCH screen=extab_CHSZ_linear_classifier_f24_s7 data=CHSZ variant=linear_classifier fold=24
EXTAB_WAIT ram_mib=30346 vram_free_mib=11070 running=10
EXTAB_WAIT ram_mib=32767 vram_free_mib=9524 running=10
EXTAB_EXIT screen=extab_CHSZ_linear_classifier_f17_s7 code=0
EXTAB_EXIT screen=extab_CHSZ_linear_classifier_f16_s7 code=0
EXTAB_EXIT screen=extab_CHSZ_linear_classifier_f15_s7 code=0
EXTAB_LAUNCH screen=extab_CHSZ_linear_classifier_f25_s7 data=CHSZ variant=linear_classifier fold=25
EXTAB_LAUNCH screen=extab_CHSZ_linear_classifier_f26_s7 data=CHSZ variant=linear_classifier fold=26
EXTAB_LAUNCH screen=extab_CHSZ_mlp_classifier_f0_s7 data=CHSZ variant=mlp_classifier fold=0
EXTAB_WAIT ram_mib=29934 vram_free_mib=11010 running=10
EXTAB_EXIT screen=extab_CHSZ_linear_classifier_f19_s7 code=0
EXTAB_WAIT ram_mib=30245 vram_free_mib=10987 running=9
EXTAB_EXIT screen=extab_CHSZ_linear_classifier_f18_s7 code=0
EXTAB_LAUNCH screen=extab_CHSZ_mlp_classifier_f1_s7 data=CHSZ variant=mlp_classifier fold=1
EXTAB_LAUNCH screen=extab_CHSZ_mlp_classifier_f2_s7 data=CHSZ variant=mlp_classifier fold=2
EXTAB_LAUNCH screen=extab_CHSZ_mlp_classifier_f3_s7 data=CHSZ variant=mlp_classifier fold=3
EXTAB_WAIT ram_mib=29941 vram_free_mib=10996 running=11
EXTAB_EXIT screen=extab_CHSZ_linear_classifier_f21_s7 code=0
EXTAB_EXIT screen=extab_CHSZ_linear_classifier_f20_s7 code=0
EXTAB_WAIT ram_mib=30272 vram_free_mib=10981 running=9
EXTAB_EXIT screen=extab_CHSZ_linear_classifier_f22_s7 code=0
EXTAB_LAUNCH screen=extab_CHSZ_mlp_classifier_f4_s7 data=CHSZ variant=mlp_classifier fold=4
EXTAB_WAIT ram_mib=28488 vram_free_mib=11869 running=9
EXTAB_EXIT screen=extab_CHSZ_linear_classifier_f24_s7 code=0
EXTAB_EXIT screen=extab_CHSZ_linear_classifier_f23_s7 code=0
EXTAB_LAUNCH screen=extab_CHSZ_mlp_classifier_f5_s7 data=CHSZ variant=mlp_classifier fold=5
EXTAB_LAUNCH screen=extab_CHSZ_mlp_classifier_f6_s7 data=CHSZ variant=mlp_classifier fold=6
EXTAB_LAUNCH screen=extab_CHSZ_mlp_classifier_f7_s7 data=CHSZ variant=mlp_classifier fold=7
EXTAB_LAUNCH screen=extab_CHSZ_mlp_classifier_f8_s7 data=CHSZ variant=mlp_classifier fold=8
EXTAB_LAUNCH screen=extab_CHSZ_mlp_classifier_f9_s7 data=CHSZ variant=mlp_classifier fold=9
EXTAB_EXIT screen=extab_CHSZ_linear_classifier_f26_s7 code=0
EXTAB_EXIT screen=extab_CHSZ_mlp_classifier_f2_s7 code=0
EXTAB_EXIT screen=extab_CHSZ_mlp_classifier_f0_s7 code=0
EXTAB_EXIT screen=extab_CHSZ_linear_classifier_f25_s7 code=0
EXTAB_LAUNCH screen=extab_CHSZ_mlp_classifier_f10_s7 data=CHSZ variant=mlp_classifier fold=10
EXTAB_WAIT ram_mib=28527 vram_free_mib=11855 running=9
EXTAB_WAIT ram_mib=30289 vram_free_mib=10979 running=9
EXTAB_EXIT screen=extab_CHSZ_mlp_classifier_f1_s7 code=0
EXTAB_LAUNCH screen=extab_CHSZ_mlp_classifier_f11_s7 data=CHSZ variant=mlp_classifier fold=11
EXTAB_LAUNCH screen=extab_CHSZ_mlp_classifier_f12_s7 data=CHSZ variant=mlp_classifier fold=12
EXTAB_LAUNCH screen=extab_CHSZ_mlp_classifier_f13_s7 data=CHSZ variant=mlp_classifier fold=13
EXTAB_LAUNCH screen=extab_CHSZ_mlp_classifier_f14_s7 data=CHSZ variant=mlp_classifier fold=14
EXTAB_EXIT screen=extab_CHSZ_mlp_classifier_f4_s7 code=0
EXTAB_EXIT screen=extab_CHSZ_mlp_classifier_f10_s7 code=0
EXTAB_EXIT screen=extab_CHSZ_mlp_classifier_f5_s7 code=0
EXTAB_EXIT screen=extab_CHSZ_mlp_classifier_f8_s7 code=0
EXTAB_EXIT screen=extab_CHSZ_mlp_classifier_f3_s7 code=0
EXTAB_EXIT screen=extab_CHSZ_mlp_classifier_f6_s7 code=0
EXTAB_EXIT screen=extab_CHSZ_mlp_classifier_f9_s7 code=0
EXTAB_EXIT screen=extab_CHSZ_mlp_classifier_f7_s7 code=0
EXTAB_LAUNCH screen=extab_CHSZ_mlp_classifier_f15_s7 data=CHSZ variant=mlp_classifier fold=15
EXTAB_LAUNCH screen=extab_CHSZ_mlp_classifier_f16_s7 data=CHSZ variant=mlp_classifier fold=16
EXTAB_LAUNCH screen=extab_CHSZ_mlp_classifier_f17_s7 data=CHSZ variant=mlp_classifier fold=17
EXTAB_LAUNCH screen=extab_CHSZ_mlp_classifier_f18_s7 data=CHSZ variant=mlp_classifier fold=18
EXTAB_LAUNCH screen=extab_CHSZ_mlp_classifier_f19_s7 data=CHSZ variant=mlp_classifier fold=19
EXTAB_LAUNCH screen=extab_CHSZ_mlp_classifier_f20_s7 data=CHSZ variant=mlp_classifier fold=20
EXTAB_LAUNCH screen=extab_CHSZ_mlp_classifier_f21_s7 data=CHSZ variant=mlp_classifier fold=21
EXTAB_WAIT ram_mib=30169 vram_free_mib=10854 running=11
EXTAB_EXIT screen=extab_CHSZ_mlp_classifier_f11_s7 code=0
EXTAB_WAIT ram_mib=32767 vram_free_mib=9524 running=10
EXTAB_EXIT screen=extab_CHSZ_mlp_classifier_f13_s7 code=0
EXTAB_EXIT screen=extab_CHSZ_mlp_classifier_f12_s7 code=0
EXTAB_EXIT screen=extab_CHSZ_mlp_classifier_f14_s7 code=0
EXTAB_LAUNCH screen=extab_CHSZ_mlp_classifier_f22_s7 data=CHSZ variant=mlp_classifier fold=22
EXTAB_LAUNCH screen=extab_CHSZ_mlp_classifier_f23_s7 data=CHSZ variant=mlp_classifier fold=23
EXTAB_LAUNCH screen=extab_CHSZ_mlp_classifier_f24_s7 data=CHSZ variant=mlp_classifier fold=24
EXTAB_WAIT ram_mib=29773 vram_free_mib=11076 running=10
EXTAB_EXIT screen=extab_CHSZ_mlp_classifier_f17_s7 code=0
EXTAB_WAIT ram_mib=30253 vram_free_mib=10995 running=9
EXTAB_WAIT ram_mib=30254 vram_free_mib=10995 running=9
EXTAB_EXIT screen=extab_CHSZ_mlp_classifier_f20_s7 code=0
EXTAB_EXIT screen=extab_CHSZ_mlp_classifier_f15_s7 code=0
EXTAB_LAUNCH screen=extab_CHSZ_mlp_classifier_f25_s7 data=CHSZ variant=mlp_classifier fold=25
EXTAB_LAUNCH screen=extab_CHSZ_mlp_classifier_f26_s7 data=CHSZ variant=mlp_classifier fold=26
EXTAB_LAUNCH screen=extab_CHSZ_no_spectral_f0_s7 data=CHSZ variant=no_spectral fold=0
EXTAB_WAIT ram_mib=29986 vram_free_mib=10996 running=10
EXTAB_EXIT screen=extab_CHSZ_mlp_classifier_f19_s7 code=0
EXTAB_EXIT screen=extab_CHSZ_mlp_classifier_f16_s7 code=0
EXTAB_LAUNCH screen=extab_CHSZ_no_spectral_f1_s7 data=CHSZ variant=no_spectral fold=1
EXTAB_WAIT ram_mib=28346 vram_free_mib=11923 running=9
EXTAB_EXIT screen=extab_CHSZ_mlp_classifier_f22_s7 code=0
EXTAB_EXIT screen=extab_CHSZ_mlp_classifier_f23_s7 code=0
EXTAB_EXIT screen=extab_CHSZ_mlp_classifier_f18_s7 code=0
EXTAB_EXIT screen=extab_CHSZ_mlp_classifier_f21_s7 code=0
EXTAB_LAUNCH screen=extab_CHSZ_no_spectral_f2_s7 data=CHSZ variant=no_spectral fold=2
EXTAB_LAUNCH screen=extab_CHSZ_no_spectral_f3_s7 data=CHSZ variant=no_spectral fold=3
EXTAB_LAUNCH screen=extab_CHSZ_no_spectral_f4_s7 data=CHSZ variant=no_spectral fold=4
EXTAB_LAUNCH screen=extab_CHSZ_no_spectral_f5_s7 data=CHSZ variant=no_spectral fold=5
EXTAB_LAUNCH screen=extab_CHSZ_no_spectral_f6_s7 data=CHSZ variant=no_spectral fold=6
EXTAB_LAUNCH screen=extab_CHSZ_no_spectral_f7_s7 data=CHSZ variant=no_spectral fold=7
EXTAB_LAUNCH screen=extab_CHSZ_no_spectral_f8_s7 data=CHSZ variant=no_spectral fold=8
EXTAB_EXIT screen=extab_CHSZ_no_spectral_f2_s7 code=0
EXTAB_EXIT screen=extab_CHSZ_mlp_classifier_f25_s7 code=0
EXTAB_EXIT screen=extab_CHSZ_mlp_classifier_f26_s7 code=0
EXTAB_EXIT screen=extab_CHSZ_no_spectral_f0_s7 code=0
EXTAB_EXIT screen=extab_CHSZ_mlp_classifier_f24_s7 code=0
EXTAB_LAUNCH screen=extab_CHSZ_no_spectral_f9_s7 data=CHSZ variant=no_spectral fold=9
EXTAB_LAUNCH screen=extab_CHSZ_no_spectral_f10_s7 data=CHSZ variant=no_spectral fold=10
EXTAB_LAUNCH screen=extab_CHSZ_no_spectral_f11_s7 data=CHSZ variant=no_spectral fold=11
EXTAB_LAUNCH screen=extab_CHSZ_no_spectral_f12_s7 data=CHSZ variant=no_spectral fold=12
EXTAB_LAUNCH screen=extab_CHSZ_no_spectral_f13_s7 data=CHSZ variant=no_spectral fold=13
EXTAB_EXIT screen=extab_CHSZ_no_spectral_f7_s7 code=0
EXTAB_EXIT screen=extab_CHSZ_no_spectral_f6_s7 code=0
EXTAB_EXIT screen=extab_CHSZ_no_spectral_f1_s7 code=0
EXTAB_EXIT screen=extab_CHSZ_no_spectral_f5_s7 code=0
EXTAB_LAUNCH screen=extab_CHSZ_no_spectral_f14_s7 data=CHSZ variant=no_spectral fold=14
EXTAB_LAUNCH screen=extab_CHSZ_no_spectral_f15_s7 data=CHSZ variant=no_spectral fold=15
EXTAB_LAUNCH screen=extab_CHSZ_no_spectral_f16_s7 data=CHSZ variant=no_spectral fold=16
EXTAB_LAUNCH screen=extab_CHSZ_no_spectral_f17_s7 data=CHSZ variant=no_spectral fold=17
EXTAB_EXIT screen=extab_CHSZ_no_spectral_f3_s7 code=0
EXTAB_EXIT screen=extab_CHSZ_no_spectral_f4_s7 code=0
EXTAB_EXIT screen=extab_CHSZ_no_spectral_f12_s7 code=0
EXTAB_EXIT screen=extab_CHSZ_no_spectral_f8_s7 code=0
EXTAB_EXIT screen=extab_CHSZ_no_spectral_f13_s7 code=0
EXTAB_EXIT screen=extab_CHSZ_no_spectral_f11_s7 code=0
EXTAB_EXIT screen=extab_CHSZ_no_spectral_f10_s7 code=0
EXTAB_EXIT screen=extab_CHSZ_no_spectral_f9_s7 code=0
EXTAB_LAUNCH screen=extab_CHSZ_no_spectral_f18_s7 data=CHSZ variant=no_spectral fold=18
EXTAB_LAUNCH screen=extab_CHSZ_no_spectral_f19_s7 data=CHSZ variant=no_spectral fold=19
EXTAB_LAUNCH screen=extab_CHSZ_no_spectral_f20_s7 data=CHSZ variant=no_spectral fold=20
EXTAB_LAUNCH screen=extab_CHSZ_no_spectral_f21_s7 data=CHSZ variant=no_spectral fold=21
EXTAB_LAUNCH screen=extab_CHSZ_no_spectral_f22_s7 data=CHSZ variant=no_spectral fold=22
EXTAB_LAUNCH screen=extab_CHSZ_no_spectral_f23_s7 data=CHSZ variant=no_spectral fold=23
EXTAB_LAUNCH screen=extab_CHSZ_no_spectral_f24_s7 data=CHSZ variant=no_spectral fold=24
EXTAB_LAUNCH screen=extab_CHSZ_no_spectral_f25_s7 data=CHSZ variant=no_spectral fold=25
EXTAB_EXIT screen=extab_CHSZ_no_spectral_f14_s7 code=0
EXTAB_EXIT screen=extab_CHSZ_no_spectral_f15_s7 code=0
EXTAB_EXIT screen=extab_CHSZ_no_spectral_f22_s7 code=0
EXTAB_EXIT screen=extab_CHSZ_no_spectral_f16_s7 code=0
EXTAB_EXIT screen=extab_CHSZ_no_spectral_f19_s7 code=0
EXTAB_EXIT screen=extab_CHSZ_no_spectral_f21_s7 code=0
EXTAB_EXIT screen=extab_CHSZ_no_spectral_f17_s7 code=0
EXTAB_LAUNCH screen=extab_CHSZ_no_spectral_f26_s7 data=CHSZ variant=no_spectral fold=26
EXTAB_LAUNCH screen=extab_CHSZ_no_bandpowers_f0_s7 data=CHSZ variant=no_bandpowers fold=0
EXTAB_LAUNCH screen=extab_CHSZ_no_bandpowers_f1_s7 data=CHSZ variant=no_bandpowers fold=1
EXTAB_LAUNCH screen=extab_CHSZ_no_bandpowers_f2_s7 data=CHSZ variant=no_bandpowers fold=2
EXTAB_LAUNCH screen=extab_CHSZ_no_bandpowers_f3_s7 data=CHSZ variant=no_bandpowers fold=3
EXTAB_LAUNCH screen=extab_CHSZ_no_bandpowers_f4_s7 data=CHSZ variant=no_bandpowers fold=4
EXTAB_LAUNCH screen=extab_CHSZ_no_bandpowers_f5_s7 data=CHSZ variant=no_bandpowers fold=5
EXTAB_EXIT screen=extab_CHSZ_no_spectral_f18_s7 code=0
EXTAB_EXIT screen=extab_CHSZ_no_spectral_f23_s7 code=0
EXTAB_EXIT screen=extab_CHSZ_no_spectral_f20_s7 code=0
EXTAB_EXIT screen=extab_CHSZ_no_spectral_f24_s7 code=0
EXTAB_EXIT screen=extab_CHSZ_no_spectral_f25_s7 code=0
EXTAB_LAUNCH screen=extab_CHSZ_no_bandpowers_f6_s7 data=CHSZ variant=no_bandpowers fold=6
EXTAB_LAUNCH screen=extab_CHSZ_no_bandpowers_f7_s7 data=CHSZ variant=no_bandpowers fold=7
EXTAB_LAUNCH screen=extab_CHSZ_no_bandpowers_f8_s7 data=CHSZ variant=no_bandpowers fold=8
EXTAB_LAUNCH screen=extab_CHSZ_no_bandpowers_f9_s7 data=CHSZ variant=no_bandpowers fold=9
EXTAB_LAUNCH screen=extab_CHSZ_no_bandpowers_f10_s7 data=CHSZ variant=no_bandpowers fold=10
EXTAB_EXIT screen=extab_CHSZ_no_spectral_f26_s7 code=0
EXTAB_EXIT screen=extab_CHSZ_no_bandpowers_f2_s7 code=0
EXTAB_EXIT screen=extab_CHSZ_no_bandpowers_f0_s7 code=0
EXTAB_WAIT ram_mib=30225 vram_free_mib=10979 running=9
EXTAB_EXIT screen=extab_CHSZ_no_bandpowers_f4_s7 code=0
EXTAB_LAUNCH screen=extab_CHSZ_no_bandpowers_f11_s7 data=CHSZ variant=no_bandpowers fold=11
EXTAB_WAIT ram_mib=28574 vram_free_mib=11827 running=9
EXTAB_WAIT ram_mib=30222 vram_free_mib=10977 running=9
EXTAB_EXIT screen=extab_CHSZ_no_bandpowers_f7_s7 code=0
EXTAB_EXIT screen=extab_CHSZ_no_bandpowers_f1_s7 code=0
EXTAB_EXIT screen=extab_CHSZ_no_bandpowers_f9_s7 code=0
EXTAB_EXIT screen=extab_CHSZ_no_bandpowers_f10_s7 code=0
EXTAB_LAUNCH screen=extab_CHSZ_no_bandpowers_f12_s7 data=CHSZ variant=no_bandpowers fold=12
EXTAB_LAUNCH screen=extab_CHSZ_no_bandpowers_f13_s7 data=CHSZ variant=no_bandpowers fold=13
EXTAB_LAUNCH screen=extab_CHSZ_no_bandpowers_f14_s7 data=CHSZ variant=no_bandpowers fold=14
EXTAB_LAUNCH screen=extab_CHSZ_no_bandpowers_f15_s7 data=CHSZ variant=no_bandpowers fold=15
EXTAB_LAUNCH screen=extab_CHSZ_no_bandpowers_f16_s7 data=CHSZ variant=no_bandpowers fold=16
EXTAB_LAUNCH screen=extab_CHSZ_no_bandpowers_f17_s7 data=CHSZ variant=no_bandpowers fold=17
EXTAB_LAUNCH screen=extab_CHSZ_no_bandpowers_f18_s7 data=CHSZ variant=no_bandpowers fold=18
EXTAB_EXIT screen=extab_CHSZ_no_bandpowers_f6_s7 code=0
EXTAB_EXIT screen=extab_CHSZ_no_bandpowers_f3_s7 code=0
EXTAB_EXIT screen=extab_CHSZ_no_bandpowers_f11_s7 code=0
EXTAB_EXIT screen=extab_CHSZ_no_bandpowers_f5_s7 code=0
EXTAB_LAUNCH screen=extab_CHSZ_no_bandpowers_f19_s7 data=CHSZ variant=no_bandpowers fold=19
EXTAB_WAIT ram_mib=28521 vram_free_mib=11855 running=9
EXTAB_EXIT screen=extab_CHSZ_no_bandpowers_f12_s7 code=0
EXTAB_EXIT screen=extab_CHSZ_no_bandpowers_f13_s7 code=0
EXTAB_EXIT screen=extab_CHSZ_no_bandpowers_f8_s7 code=0
EXTAB_LAUNCH screen=extab_CHSZ_no_bandpowers_f20_s7 data=CHSZ variant=no_bandpowers fold=20
EXTAB_LAUNCH screen=extab_CHSZ_no_bandpowers_f21_s7 data=CHSZ variant=no_bandpowers fold=21
EXTAB_LAUNCH screen=extab_CHSZ_no_bandpowers_f22_s7 data=CHSZ variant=no_bandpowers fold=22
EXTAB_LAUNCH screen=extab_CHSZ_no_bandpowers_f23_s7 data=CHSZ variant=no_bandpowers fold=23
EXTAB_LAUNCH screen=extab_CHSZ_no_bandpowers_f24_s7 data=CHSZ variant=no_bandpowers fold=24
EXTAB_LAUNCH screen=extab_CHSZ_no_bandpowers_f25_s7 data=CHSZ variant=no_bandpowers fold=25
EXTAB_EXIT screen=extab_CHSZ_no_bandpowers_f14_s7 code=0
EXTAB_EXIT screen=extab_CHSZ_no_bandpowers_f17_s7 code=0
EXTAB_EXIT screen=extab_CHSZ_no_bandpowers_f15_s7 code=0
EXTAB_EXIT screen=extab_CHSZ_no_bandpowers_f19_s7 code=0
EXTAB_LAUNCH screen=extab_CHSZ_no_bandpowers_f26_s7 data=CHSZ variant=no_bandpowers fold=26
EXTAB_WAIT ram_mib=28625 vram_free_mib=11835 running=9
EXTAB_EXIT screen=extab_CHSZ_no_bandpowers_f18_s7 code=0
EXTAB_LAUNCH screen=extab_CHSZ_no_entropy_f0_s7 data=CHSZ variant=no_entropy fold=0
EXTAB_WAIT ram_mib=28520 vram_free_mib=11853 running=9
EXTAB_EXIT screen=extab_CHSZ_no_bandpowers_f23_s7 code=0
EXTAB_EXIT screen=extab_CHSZ_no_bandpowers_f22_s7 code=0
EXTAB_LAUNCH screen=extab_CHSZ_no_entropy_f1_s7 data=CHSZ variant=no_entropy fold=1
EXTAB_LAUNCH screen=extab_CHSZ_no_entropy_f2_s7 data=CHSZ variant=no_entropy fold=2
EXTAB_LAUNCH screen=extab_CHSZ_no_entropy_f3_s7 data=CHSZ variant=no_entropy fold=3
EXTAB_WAIT ram_mib=28356 vram_free_mib=12043 running=10
EXTAB_EXIT screen=extab_CHSZ_no_bandpowers_f16_s7 code=0
EXTAB_EXIT screen=extab_CHSZ_no_bandpowers_f26_s7 code=0
EXTAB_LAUNCH screen=extab_CHSZ_no_entropy_f4_s7 data=CHSZ variant=no_entropy fold=4
EXTAB_LAUNCH screen=extab_CHSZ_no_entropy_f5_s7 data=CHSZ variant=no_entropy fold=5
EXTAB_LAUNCH screen=extab_CHSZ_no_entropy_f6_s7 data=CHSZ variant=no_entropy fold=6
EXTAB_WAIT ram_mib=28345 vram_free_mib=12013 running=11
EXTAB_EXIT screen=extab_CHSZ_no_bandpowers_f24_s7 code=0
EXTAB_EXIT screen=extab_CHSZ_no_bandpowers_f20_s7 code=0
EXTAB_EXIT screen=extab_CHSZ_no_bandpowers_f21_s7 code=0
EXTAB_LAUNCH screen=extab_CHSZ_no_entropy_f7_s7 data=CHSZ variant=no_entropy fold=7
EXTAB_LAUNCH screen=extab_CHSZ_no_entropy_f8_s7 data=CHSZ variant=no_entropy fold=8
EXTAB_LAUNCH screen=extab_CHSZ_no_entropy_f9_s7 data=CHSZ variant=no_entropy fold=9
EXTAB_WAIT ram_mib=30724 vram_free_mib=10758 running=11
EXTAB_EXIT screen=extab_CHSZ_no_entropy_f0_s7 code=0
EXTAB_EXIT screen=extab_CHSZ_no_bandpowers_f25_s7 code=0
EXTAB_WAIT ram_mib=30267 vram_free_mib=10981 running=9
EXTAB_WAIT ram_mib=30267 vram_free_mib=10981 running=9
EXTAB_EXIT screen=extab_CHSZ_no_entropy_f5_s7 code=0
EXTAB_LAUNCH screen=extab_CHSZ_no_entropy_f10_s7 data=CHSZ variant=no_entropy fold=10
EXTAB_WAIT ram_mib=28562 vram_free_mib=11835 running=9
EXTAB_EXIT screen=extab_CHSZ_no_entropy_f2_s7 code=0
EXTAB_EXIT screen=extab_CHSZ_no_entropy_f3_s7 code=0
EXTAB_LAUNCH screen=extab_CHSZ_no_entropy_f11_s7 data=CHSZ variant=no_entropy fold=11
EXTAB_LAUNCH screen=extab_CHSZ_no_entropy_f12_s7 data=CHSZ variant=no_entropy fold=12
EXTAB_LAUNCH screen=extab_CHSZ_no_entropy_f13_s7 data=CHSZ variant=no_entropy fold=13
EXTAB_LAUNCH screen=extab_CHSZ_no_entropy_f14_s7 data=CHSZ variant=no_entropy fold=14
EXTAB_WAIT ram_mib=28249 vram_free_mib=12039 running=11
EXTAB_EXIT screen=extab_CHSZ_no_entropy_f1_s7 code=0
EXTAB_EXIT screen=extab_CHSZ_no_entropy_f9_s7 code=0
EXTAB_WAIT ram_mib=30267 vram_free_mib=10979 running=9
EXTAB_EXIT screen=extab_CHSZ_no_entropy_f6_s7 code=0
EXTAB_EXIT screen=extab_CHSZ_no_entropy_f8_s7 code=0
EXTAB_EXIT screen=extab_CHSZ_no_entropy_f7_s7 code=0
EXTAB_EXIT screen=extab_CHSZ_no_entropy_f4_s7 code=0
EXTAB_LAUNCH screen=extab_CHSZ_no_entropy_f15_s7 data=CHSZ variant=no_entropy fold=15
EXTAB_LAUNCH screen=extab_CHSZ_no_entropy_f16_s7 data=CHSZ variant=no_entropy fold=16
EXTAB_LAUNCH screen=extab_CHSZ_no_entropy_f17_s7 data=CHSZ variant=no_entropy fold=17
EXTAB_LAUNCH screen=extab_CHSZ_no_entropy_f18_s7 data=CHSZ variant=no_entropy fold=18
EXTAB_LAUNCH screen=extab_CHSZ_no_entropy_f19_s7 data=CHSZ variant=no_entropy fold=19
EXTAB_WAIT ram_mib=28267 vram_free_mib=12137 running=10
EXTAB_EXIT screen=extab_CHSZ_no_entropy_f14_s7 code=0
EXTAB_EXIT screen=extab_CHSZ_no_entropy_f12_s7 code=0
EXTAB_EXIT screen=extab_CHSZ_no_entropy_f11_s7 code=0
EXTAB_LAUNCH screen=extab_CHSZ_no_entropy_f20_s7 data=CHSZ variant=no_entropy fold=20
EXTAB_LAUNCH screen=extab_CHSZ_no_entropy_f21_s7 data=CHSZ variant=no_entropy fold=21
EXTAB_LAUNCH screen=extab_CHSZ_no_entropy_f22_s7 data=CHSZ variant=no_entropy fold=22
EXTAB_LAUNCH screen=extab_CHSZ_no_entropy_f23_s7 data=CHSZ variant=no_entropy fold=23
EXTAB_LAUNCH screen=extab_CHSZ_no_entropy_f24_s7 data=CHSZ variant=no_entropy fold=24
EXTAB_EXIT screen=extab_CHSZ_no_entropy_f13_s7 code=0
EXTAB_EXIT screen=extab_CHSZ_no_entropy_f15_s7 code=0
EXTAB_EXIT screen=extab_CHSZ_no_entropy_f10_s7 code=0
EXTAB_WAIT ram_mib=30234 vram_free_mib=10999 running=9
EXTAB_EXIT screen=extab_CHSZ_no_entropy_f16_s7 code=0
EXTAB_LAUNCH screen=extab_CHSZ_no_entropy_f25_s7 data=CHSZ variant=no_entropy fold=25
EXTAB_WAIT ram_mib=28616 vram_free_mib=11817 running=9
EXTAB_WAIT ram_mib=30238 vram_free_mib=10999 running=9
EXTAB_EXIT screen=extab_CHSZ_no_entropy_f17_s7 code=0
EXTAB_LAUNCH screen=extab_CHSZ_no_entropy_f26_s7 data=CHSZ variant=no_entropy fold=26
EXTAB_WAIT ram_mib=28675 vram_free_mib=11789 running=9
EXTAB_EXIT screen=extab_CHSZ_no_entropy_f18_s7 code=0
EXTAB_LAUNCH screen=extab_CHSZ_no_hjorth_f0_s7 data=CHSZ variant=no_hjorth fold=0
EXTAB_WAIT ram_mib=28600 vram_free_mib=11803 running=9
EXTAB_EXIT screen=extab_CHSZ_no_entropy_f19_s7 code=0
EXTAB_LAUNCH screen=extab_CHSZ_no_hjorth_f1_s7 data=CHSZ variant=no_hjorth fold=1
EXTAB_WAIT ram_mib=28578 vram_free_mib=11823 running=9
EXTAB_EXIT screen=extab_CHSZ_no_entropy_f20_s7 code=0
EXTAB_EXIT screen=extab_CHSZ_no_entropy_f21_s7 code=0
EXTAB_LAUNCH screen=extab_CHSZ_no_hjorth_f2_s7 data=CHSZ variant=no_hjorth fold=2
EXTAB_LAUNCH screen=extab_CHSZ_no_hjorth_f3_s7 data=CHSZ variant=no_hjorth fold=3
EXTAB_LAUNCH screen=extab_CHSZ_no_hjorth_f4_s7 data=CHSZ variant=no_hjorth fold=4
EXTAB_LAUNCH screen=extab_CHSZ_no_hjorth_f5_s7 data=CHSZ variant=no_hjorth fold=5
EXTAB_LAUNCH screen=extab_CHSZ_no_hjorth_f6_s7 data=CHSZ variant=no_hjorth fold=6
EXTAB_EXIT screen=extab_CHSZ_no_entropy_f22_s7 code=0
EXTAB_EXIT screen=extab_CHSZ_no_hjorth_f0_s7 code=0
EXTAB_EXIT screen=extab_CHSZ_no_entropy_f23_s7 code=0
EXTAB_EXIT screen=extab_CHSZ_no_entropy_f24_s7 code=0
EXTAB_LAUNCH screen=extab_CHSZ_no_hjorth_f7_s7 data=CHSZ variant=no_hjorth fold=7
EXTAB_LAUNCH screen=extab_CHSZ_no_hjorth_f8_s7 data=CHSZ variant=no_hjorth fold=8
EXTAB_LAUNCH screen=extab_CHSZ_no_hjorth_f9_s7 data=CHSZ variant=no_hjorth fold=9
EXTAB_LAUNCH screen=extab_CHSZ_no_hjorth_f10_s7 data=CHSZ variant=no_hjorth fold=10
EXTAB_EXIT screen=extab_CHSZ_no_hjorth_f2_s7 code=0
EXTAB_EXIT screen=extab_CHSZ_no_hjorth_f1_s7 code=0
EXTAB_EXIT screen=extab_CHSZ_no_entropy_f26_s7 code=0
EXTAB_EXIT screen=extab_CHSZ_no_entropy_f25_s7 code=0
EXTAB_EXIT screen=extab_CHSZ_no_hjorth_f3_s7 code=0
EXTAB_LAUNCH screen=extab_CHSZ_no_hjorth_f11_s7 data=CHSZ variant=no_hjorth fold=11
EXTAB_LAUNCH screen=extab_CHSZ_no_hjorth_f12_s7 data=CHSZ variant=no_hjorth fold=12
EXTAB_LAUNCH screen=extab_CHSZ_no_hjorth_f13_s7 data=CHSZ variant=no_hjorth fold=13
EXTAB_LAUNCH screen=extab_CHSZ_no_hjorth_f14_s7 data=CHSZ variant=no_hjorth fold=14
EXTAB_LAUNCH screen=extab_CHSZ_no_hjorth_f15_s7 data=CHSZ variant=no_hjorth fold=15
EXTAB_EXIT screen=extab_CHSZ_no_hjorth_f7_s7 code=0
EXTAB_EXIT screen=extab_CHSZ_no_hjorth_f9_s7 code=0
EXTAB_EXIT screen=extab_CHSZ_no_hjorth_f5_s7 code=0
EXTAB_EXIT screen=extab_CHSZ_no_hjorth_f6_s7 code=0
EXTAB_LAUNCH screen=extab_CHSZ_no_hjorth_f16_s7 data=CHSZ variant=no_hjorth fold=16
EXTAB_WAIT ram_mib=28588 vram_free_mib=11827 running=9
EXTAB_EXIT screen=extab_CHSZ_no_hjorth_f10_s7 code=0
EXTAB_LAUNCH screen=extab_CHSZ_no_hjorth_f17_s7 data=CHSZ variant=no_hjorth fold=17
EXTAB_LAUNCH screen=extab_CHSZ_no_hjorth_f18_s7 data=CHSZ variant=no_hjorth fold=18
EXTAB_LAUNCH screen=extab_CHSZ_no_hjorth_f19_s7 data=CHSZ variant=no_hjorth fold=19
EXTAB_LAUNCH screen=extab_CHSZ_no_hjorth_f20_s7 data=CHSZ variant=no_hjorth fold=20
EXTAB_EXIT screen=extab_CHSZ_no_hjorth_f14_s7 code=0
EXTAB_EXIT screen=extab_CHSZ_no_hjorth_f13_s7 code=0
EXTAB_EXIT screen=extab_CHSZ_no_hjorth_f15_s7 code=0
EXTAB_EXIT screen=extab_CHSZ_no_hjorth_f4_s7 code=0
EXTAB_EXIT screen=extab_CHSZ_no_hjorth_f11_s7 code=0
EXTAB_EXIT screen=extab_CHSZ_no_hjorth_f8_s7 code=0
EXTAB_EXIT screen=extab_CHSZ_no_hjorth_f12_s7 code=0
EXTAB_LAUNCH screen=extab_CHSZ_no_hjorth_f21_s7 data=CHSZ variant=no_hjorth fold=21
EXTAB_LAUNCH screen=extab_CHSZ_no_hjorth_f22_s7 data=CHSZ variant=no_hjorth fold=22
EXTAB_LAUNCH screen=extab_CHSZ_no_hjorth_f23_s7 data=CHSZ variant=no_hjorth fold=23
EXTAB_LAUNCH screen=extab_CHSZ_no_hjorth_f24_s7 data=CHSZ variant=no_hjorth fold=24
EXTAB_LAUNCH screen=extab_CHSZ_no_hjorth_f25_s7 data=CHSZ variant=no_hjorth fold=25
EXTAB_LAUNCH screen=extab_CHSZ_no_hjorth_f26_s7 data=CHSZ variant=no_hjorth fold=26
EXTAB_LAUNCH screen=extab_CHSZ_no_hjorth_mobility_f0_s7 data=CHSZ variant=no_hjorth_mobility fold=0
EXTAB_EXIT screen=extab_CHSZ_no_hjorth_f19_s7 code=0
EXTAB_EXIT screen=extab_CHSZ_no_hjorth_f17_s7 code=0
EXTAB_EXIT screen=extab_CHSZ_no_hjorth_f16_s7 code=0
EXTAB_EXIT screen=extab_CHSZ_no_hjorth_f20_s7 code=0
EXTAB_LAUNCH screen=extab_CHSZ_no_hjorth_mobility_f1_s7 data=CHSZ variant=no_hjorth_mobility fold=1
EXTAB_WAIT ram_mib=28525 vram_free_mib=11881 running=9
EXTAB_EXIT screen=extab_CHSZ_no_hjorth_f21_s7 code=0
EXTAB_LAUNCH screen=extab_CHSZ_no_hjorth_mobility_f2_s7 data=CHSZ variant=no_hjorth_mobility fold=2
EXTAB_WAIT ram_mib=28705 vram_free_mib=11779 running=9
EXTAB_EXIT screen=extab_CHSZ_no_hjorth_f23_s7 code=0
EXTAB_EXIT screen=extab_CHSZ_no_hjorth_f25_s7 code=0
EXTAB_EXIT screen=extab_CHSZ_no_hjorth_f24_s7 code=0
EXTAB_LAUNCH screen=extab_CHSZ_no_hjorth_mobility_f3_s7 data=CHSZ variant=no_hjorth_mobility fold=3
EXTAB_LAUNCH screen=extab_CHSZ_no_hjorth_mobility_f4_s7 data=CHSZ variant=no_hjorth_mobility fold=4
EXTAB_LAUNCH screen=extab_CHSZ_no_hjorth_mobility_f5_s7 data=CHSZ variant=no_hjorth_mobility fold=5
EXTAB_LAUNCH screen=extab_CHSZ_no_hjorth_mobility_f6_s7 data=CHSZ variant=no_hjorth_mobility fold=6
EXTAB_LAUNCH screen=extab_CHSZ_no_hjorth_mobility_f7_s7 data=CHSZ variant=no_hjorth_mobility fold=7
EXTAB_LAUNCH screen=extab_CHSZ_no_hjorth_mobility_f8_s7 data=CHSZ variant=no_hjorth_mobility fold=8
EXTAB_EXIT screen=extab_CHSZ_no_hjorth_f26_s7 code=0
EXTAB_EXIT screen=extab_CHSZ_no_hjorth_mobility_f1_s7 code=0
EXTAB_EXIT screen=extab_CHSZ_no_hjorth_f22_s7 code=0
EXTAB_EXIT screen=extab_CHSZ_no_hjorth_mobility_f0_s7 code=0
EXTAB_EXIT screen=extab_CHSZ_no_hjorth_f18_s7 code=0
EXTAB_EXIT screen=extab_CHSZ_no_hjorth_mobility_f2_s7 code=0
EXTAB_LAUNCH screen=extab_CHSZ_no_hjorth_mobility_f9_s7 data=CHSZ variant=no_hjorth_mobility fold=9
EXTAB_LAUNCH screen=extab_CHSZ_no_hjorth_mobility_f10_s7 data=CHSZ variant=no_hjorth_mobility fold=10
EXTAB_LAUNCH screen=extab_CHSZ_no_hjorth_mobility_f11_s7 data=CHSZ variant=no_hjorth_mobility fold=11
EXTAB_LAUNCH screen=extab_CHSZ_no_hjorth_mobility_f12_s7 data=CHSZ variant=no_hjorth_mobility fold=12
EXTAB_LAUNCH screen=extab_CHSZ_no_hjorth_mobility_f13_s7 data=CHSZ variant=no_hjorth_mobility fold=13
EXTAB_WAIT ram_mib=30443 vram_free_mib=10704 running=11
EXTAB_EXIT screen=extab_CHSZ_no_hjorth_mobility_f7_s7 code=0
EXTAB_EXIT screen=extab_CHSZ_no_hjorth_mobility_f4_s7 code=0
EXTAB_WAIT ram_mib=30235 vram_free_mib=10977 running=9
EXTAB_EXIT screen=extab_CHSZ_no_hjorth_mobility_f8_s7 code=0
EXTAB_LAUNCH screen=extab_CHSZ_no_hjorth_mobility_f14_s7 data=CHSZ variant=no_hjorth_mobility fold=14
EXTAB_WAIT ram_mib=28532 vram_free_mib=11835 running=9
EXTAB_EXIT screen=extab_CHSZ_no_hjorth_mobility_f5_s7 code=0
EXTAB_EXIT screen=extab_CHSZ_no_hjorth_mobility_f10_s7 code=0
EXTAB_EXIT screen=extab_CHSZ_no_hjorth_mobility_f9_s7 code=0
EXTAB_LAUNCH screen=extab_CHSZ_no_hjorth_mobility_f15_s7 data=CHSZ variant=no_hjorth_mobility fold=15
EXTAB_LAUNCH screen=extab_CHSZ_no_hjorth_mobility_f16_s7 data=CHSZ variant=no_hjorth_mobility fold=16
EXTAB_LAUNCH screen=extab_CHSZ_no_hjorth_mobility_f17_s7 data=CHSZ variant=no_hjorth_mobility fold=17
EXTAB_LAUNCH screen=extab_CHSZ_no_hjorth_mobility_f18_s7 data=CHSZ variant=no_hjorth_mobility fold=18
EXTAB_LAUNCH screen=extab_CHSZ_no_hjorth_mobility_f19_s7 data=CHSZ variant=no_hjorth_mobility fold=19
EXTAB_LAUNCH screen=extab_CHSZ_no_hjorth_mobility_f20_s7 data=CHSZ variant=no_hjorth_mobility fold=20
EXTAB_EXIT screen=extab_CHSZ_no_hjorth_mobility_f6_s7 code=0
EXTAB_EXIT screen=extab_CHSZ_no_hjorth_mobility_f13_s7 code=0
EXTAB_EXIT screen=extab_CHSZ_no_hjorth_mobility_f3_s7 code=0
EXTAB_EXIT screen=extab_CHSZ_no_hjorth_mobility_f11_s7 code=0
EXTAB_EXIT screen=extab_CHSZ_no_hjorth_mobility_f14_s7 code=0
EXTAB_LAUNCH screen=extab_CHSZ_no_hjorth_mobility_f21_s7 data=CHSZ variant=no_hjorth_mobility fold=21
EXTAB_LAUNCH screen=extab_CHSZ_no_hjorth_mobility_f22_s7 data=CHSZ variant=no_hjorth_mobility fold=22
EXTAB_LAUNCH screen=extab_CHSZ_no_hjorth_mobility_f23_s7 data=CHSZ variant=no_hjorth_mobility fold=23
EXTAB_WAIT ram_mib=30369 vram_free_mib=10748 running=10
EXTAB_WAIT ram_mib=32767 vram_free_mib=9524 running=10
EXTAB_EXIT screen=extab_CHSZ_no_hjorth_mobility_f12_s7 code=0
EXTAB_EXIT screen=extab_CHSZ_no_hjorth_mobility_f18_s7 code=0
EXTAB_EXIT screen=extab_CHSZ_no_hjorth_mobility_f17_s7 code=0
EXTAB_LAUNCH screen=extab_CHSZ_no_hjorth_mobility_f24_s7 data=CHSZ variant=no_hjorth_mobility fold=24
EXTAB_LAUNCH screen=extab_CHSZ_no_hjorth_mobility_f25_s7 data=CHSZ variant=no_hjorth_mobility fold=25
EXTAB_LAUNCH screen=extab_CHSZ_no_hjorth_mobility_f26_s7 data=CHSZ variant=no_hjorth_mobility fold=26
EXTAB_LAUNCH screen=extab_CHSZ_no_hjorth_complexity_f0_s7 data=CHSZ variant=no_hjorth_complexity fold=0
EXTAB_LAUNCH screen=extab_CHSZ_no_hjorth_complexity_f1_s7 data=CHSZ variant=no_hjorth_complexity fold=1
EXTAB_EXIT screen=extab_CHSZ_no_hjorth_mobility_f23_s7 code=0
EXTAB_EXIT screen=extab_CHSZ_no_hjorth_mobility_f19_s7 code=0
EXTAB_EXIT screen=extab_CHSZ_no_hjorth_mobility_f15_s7 code=0
EXTAB_EXIT screen=extab_CHSZ_no_hjorth_mobility_f21_s7 code=0
EXTAB_EXIT screen=extab_CHSZ_no_hjorth_mobility_f20_s7 code=0
EXTAB_EXIT screen=extab_CHSZ_no_hjorth_mobility_f22_s7 code=0
EXTAB_LAUNCH screen=extab_CHSZ_no_hjorth_complexity_f2_s7 data=CHSZ variant=no_hjorth_complexity fold=2
EXTAB_LAUNCH screen=extab_CHSZ_no_hjorth_complexity_f3_s7 data=CHSZ variant=no_hjorth_complexity fold=3
EXTAB_LAUNCH screen=extab_CHSZ_no_hjorth_complexity_f4_s7 data=CHSZ variant=no_hjorth_complexity fold=4
EXTAB_WAIT ram_mib=28272 vram_free_mib=12183 running=9
EXTAB_EXIT screen=extab_CHSZ_no_hjorth_mobility_f24_s7 code=0
EXTAB_EXIT screen=extab_CHSZ_no_hjorth_mobility_f16_s7 code=0
EXTAB_LAUNCH screen=extab_CHSZ_no_hjorth_complexity_f5_s7 data=CHSZ variant=no_hjorth_complexity fold=5
EXTAB_LAUNCH screen=extab_CHSZ_no_hjorth_complexity_f6_s7 data=CHSZ variant=no_hjorth_complexity fold=6
EXTAB_LAUNCH screen=extab_CHSZ_no_hjorth_complexity_f7_s7 data=CHSZ variant=no_hjorth_complexity fold=7
EXTAB_LAUNCH screen=extab_CHSZ_no_hjorth_complexity_f8_s7 data=CHSZ variant=no_hjorth_complexity fold=8
EXTAB_WAIT ram_mib=30553 vram_free_mib=10662 running=11
EXTAB_EXIT screen=extab_CHSZ_no_hjorth_mobility_f25_s7 code=0
EXTAB_WAIT ram_mib=32766 vram_free_mib=9506 running=10
EXTAB_EXIT screen=extab_CHSZ_no_hjorth_complexity_f2_s7 code=0
EXTAB_LAUNCH screen=extab_CHSZ_no_hjorth_complexity_f9_s7 data=CHSZ variant=no_hjorth_complexity fold=9
EXTAB_WAIT ram_mib=28562 vram_free_mib=11843 running=10
EXTAB_EXIT screen=extab_CHSZ_no_hjorth_mobility_f26_s7 code=0
EXTAB_WAIT ram_mib=30231 vram_free_mib=10981 running=9
EXTAB_EXIT screen=extab_CHSZ_no_hjorth_complexity_f7_s7 code=0
EXTAB_EXIT screen=extab_CHSZ_no_hjorth_complexity_f6_s7 code=0
EXTAB_EXIT screen=extab_CHSZ_no_hjorth_complexity_f0_s7 code=0
EXTAB_EXIT screen=extab_CHSZ_no_hjorth_complexity_f1_s7 code=0
EXTAB_LAUNCH screen=extab_CHSZ_no_hjorth_complexity_f10_s7 data=CHSZ variant=no_hjorth_complexity fold=10
EXTAB_LAUNCH screen=extab_CHSZ_no_hjorth_complexity_f11_s7 data=CHSZ variant=no_hjorth_complexity fold=11
EXTAB_LAUNCH screen=extab_CHSZ_no_hjorth_complexity_f12_s7 data=CHSZ variant=no_hjorth_complexity fold=12
EXTAB_LAUNCH screen=extab_CHSZ_no_hjorth_complexity_f13_s7 data=CHSZ variant=no_hjorth_complexity fold=13
EXTAB_LAUNCH screen=extab_CHSZ_no_hjorth_complexity_f14_s7 data=CHSZ variant=no_hjorth_complexity fold=14
EXTAB_LAUNCH screen=extab_CHSZ_no_hjorth_complexity_f15_s7 data=CHSZ variant=no_hjorth_complexity fold=15
EXTAB_LAUNCH screen=extab_CHSZ_no_hjorth_complexity_f16_s7 data=CHSZ variant=no_hjorth_complexity fold=16
EXTAB_EXIT screen=extab_CHSZ_no_hjorth_complexity_f3_s7 code=0
EXTAB_EXIT screen=extab_CHSZ_no_hjorth_complexity_f4_s7 code=0
EXTAB_EXIT screen=extab_CHSZ_no_hjorth_complexity_f8_s7 code=0
EXTAB_EXIT screen=extab_CHSZ_no_hjorth_complexity_f5_s7 code=0
EXTAB_EXIT screen=extab_CHSZ_no_hjorth_complexity_f9_s7 code=0
EXTAB_LAUNCH screen=extab_CHSZ_no_hjorth_complexity_f17_s7 data=CHSZ variant=no_hjorth_complexity fold=17
EXTAB_LAUNCH screen=extab_CHSZ_no_hjorth_complexity_f18_s7 data=CHSZ variant=no_hjorth_complexity fold=18
EXTAB_LAUNCH screen=extab_CHSZ_no_hjorth_complexity_f19_s7 data=CHSZ variant=no_hjorth_complexity fold=19
EXTAB_LAUNCH screen=extab_CHSZ_no_hjorth_complexity_f20_s7 data=CHSZ variant=no_hjorth_complexity fold=20
EXTAB_LAUNCH screen=extab_CHSZ_no_hjorth_complexity_f21_s7 data=CHSZ variant=no_hjorth_complexity fold=21
EXTAB_EXIT screen=extab_CHSZ_no_hjorth_complexity_f12_s7 code=0
EXTAB_EXIT screen=extab_CHSZ_no_hjorth_complexity_f11_s7 code=0
EXTAB_EXIT screen=extab_CHSZ_no_hjorth_complexity_f10_s7 code=0
EXTAB_WAIT ram_mib=30248 vram_free_mib=10999 running=9
EXTAB_EXIT screen=extab_CHSZ_no_hjorth_complexity_f13_s7 code=0
EXTAB_LAUNCH screen=extab_CHSZ_no_hjorth_complexity_f22_s7 data=CHSZ variant=no_hjorth_complexity fold=22
EXTAB_WAIT ram_mib=28717 vram_free_mib=11781 running=9
EXTAB_WAIT ram_mib=30261 vram_free_mib=10999 running=9
EXTAB_EXIT screen=extab_CHSZ_no_hjorth_complexity_f17_s7 code=0
EXTAB_LAUNCH screen=extab_CHSZ_no_hjorth_complexity_f23_s7 data=CHSZ variant=no_hjorth_complexity fold=23
EXTAB_WAIT ram_mib=28623 vram_free_mib=11829 running=9
EXTAB_EXIT screen=extab_CHSZ_no_hjorth_complexity_f14_s7 code=0
EXTAB_LAUNCH screen=extab_CHSZ_no_hjorth_complexity_f24_s7 data=CHSZ variant=no_hjorth_complexity fold=24
EXTAB_WAIT ram_mib=28485 vram_free_mib=11881 running=9
EXTAB_EXIT screen=extab_CHSZ_no_hjorth_complexity_f16_s7 code=0
EXTAB_EXIT screen=extab_CHSZ_no_hjorth_complexity_f15_s7 code=0
EXTAB_LAUNCH screen=extab_CHSZ_no_hjorth_complexity_f25_s7 data=CHSZ variant=no_hjorth_complexity fold=25
EXTAB_LAUNCH screen=extab_CHSZ_no_hjorth_complexity_f26_s7 data=CHSZ variant=no_hjorth_complexity fold=26
EXTAB_LAUNCH screen=extab_CHSZ_no_connectivity_f0_s7 data=CHSZ variant=no_connectivity fold=0
EXTAB_LAUNCH screen=extab_CHSZ_no_connectivity_f1_s7 data=CHSZ variant=no_connectivity fold=1
EXTAB_LAUNCH screen=extab_CHSZ_no_connectivity_f2_s7 data=CHSZ variant=no_connectivity fold=2
EXTAB_EXIT screen=extab_CHSZ_no_hjorth_complexity_f20_s7 code=0
EXTAB_EXIT screen=extab_CHSZ_no_hjorth_complexity_f18_s7 code=0
EXTAB_EXIT screen=extab_CHSZ_no_hjorth_complexity_f19_s7 code=0
EXTAB_EXIT screen=extab_CHSZ_no_hjorth_complexity_f21_s7 code=0
EXTAB_EXIT screen=extab_CHSZ_no_hjorth_complexity_f22_s7 code=0
EXTAB_LAUNCH screen=extab_CHSZ_no_connectivity_f3_s7 data=CHSZ variant=no_connectivity fold=3
EXTAB_LAUNCH screen=extab_CHSZ_no_connectivity_f4_s7 data=CHSZ variant=no_connectivity fold=4
EXTAB_LAUNCH screen=extab_CHSZ_no_connectivity_f5_s7 data=CHSZ variant=no_connectivity fold=5
EXTAB_WAIT ram_mib=30429 vram_free_mib=10692 running=10
EXTAB_WAIT ram_mib=32761 vram_free_mib=9506 running=10
EXTAB_WAIT ram_mib=32761 vram_free_mib=9506 running=10
EXTAB_WAIT ram_mib=32761 vram_free_mib=9506 running=10
EXTAB_EXIT screen=extab_CHSZ_no_hjorth_complexity_f24_s7 code=0
EXTAB_EXIT screen=extab_CHSZ_no_hjorth_complexity_f23_s7 code=0
EXTAB_EXIT screen=extab_CHSZ_no_hjorth_complexity_f26_s7 code=0
EXTAB_LAUNCH screen=extab_CHSZ_no_connectivity_f6_s7 data=CHSZ variant=no_connectivity fold=6
EXTAB_LAUNCH screen=extab_CHSZ_no_connectivity_f7_s7 data=CHSZ variant=no_connectivity fold=7
EXTAB_LAUNCH screen=extab_CHSZ_no_connectivity_f8_s7 data=CHSZ variant=no_connectivity fold=8
EXTAB_LAUNCH screen=extab_CHSZ_no_connectivity_f9_s7 data=CHSZ variant=no_connectivity fold=9
EXTAB_LAUNCH screen=extab_CHSZ_no_connectivity_f10_s7 data=CHSZ variant=no_connectivity fold=10
EXTAB_EXIT screen=extab_CHSZ_no_hjorth_complexity_f25_s7 code=0
EXTAB_EXIT screen=extab_CHSZ_no_connectivity_f4_s7 code=0
EXTAB_EXIT screen=extab_CHSZ_no_connectivity_f0_s7 code=0
EXTAB_EXIT screen=extab_CHSZ_no_connectivity_f1_s7 code=0
EXTAB_EXIT screen=extab_CHSZ_no_connectivity_f2_s7 code=0
EXTAB_LAUNCH screen=extab_CHSZ_no_connectivity_f11_s7 data=CHSZ variant=no_connectivity fold=11
EXTAB_LAUNCH screen=extab_CHSZ_no_connectivity_f12_s7 data=CHSZ variant=no_connectivity fold=12
EXTAB_LAUNCH screen=extab_CHSZ_no_connectivity_f13_s7 data=CHSZ variant=no_connectivity fold=13
EXTAB_LAUNCH screen=extab_CHSZ_no_connectivity_f14_s7 data=CHSZ variant=no_connectivity fold=14
EXTAB_LAUNCH screen=extab_CHSZ_no_connectivity_f15_s7 data=CHSZ variant=no_connectivity fold=15
EXTAB_EXIT screen=extab_CHSZ_no_connectivity_f3_s7 code=0
EXTAB_EXIT screen=extab_CHSZ_no_connectivity_f5_s7 code=0
EXTAB_EXIT screen=extab_CHSZ_no_connectivity_f8_s7 code=0
EXTAB_WAIT ram_mib=30240 vram_free_mib=10977 running=9
EXTAB_WAIT ram_mib=30240 vram_free_mib=10977 running=9
EXTAB_EXIT screen=extab_CHSZ_no_connectivity_f9_s7 code=0
EXTAB_LAUNCH screen=extab_CHSZ_no_connectivity_f16_s7 data=CHSZ variant=no_connectivity fold=16
EXTAB_WAIT ram_mib=28707 vram_free_mib=11789 running=9
EXTAB_WAIT ram_mib=30244 vram_free_mib=10979 running=9
EXTAB_EXIT screen=extab_CHSZ_no_connectivity_f6_s7 code=0
EXTAB_EXIT screen=extab_CHSZ_no_connectivity_f11_s7 code=0
EXTAB_EXIT screen=extab_CHSZ_no_connectivity_f7_s7 code=0
EXTAB_LAUNCH screen=extab_CHSZ_no_connectivity_f17_s7 data=CHSZ variant=no_connectivity fold=17
EXTAB_LAUNCH screen=extab_CHSZ_no_connectivity_f18_s7 data=CHSZ variant=no_connectivity fold=18
EXTAB_LAUNCH screen=extab_CHSZ_no_connectivity_f19_s7 data=CHSZ variant=no_connectivity fold=19
EXTAB_LAUNCH screen=extab_CHSZ_no_connectivity_f20_s7 data=CHSZ variant=no_connectivity fold=20
EXTAB_LAUNCH screen=extab_CHSZ_no_connectivity_f21_s7 data=CHSZ variant=no_connectivity fold=21
EXTAB_LAUNCH screen=extab_CHSZ_no_connectivity_f22_s7 data=CHSZ variant=no_connectivity fold=22
EXTAB_EXIT screen=extab_CHSZ_no_connectivity_f13_s7 code=0
EXTAB_EXIT screen=extab_CHSZ_no_connectivity_f14_s7 code=0
EXTAB_EXIT screen=extab_CHSZ_no_connectivity_f16_s7 code=0
EXTAB_EXIT screen=extab_CHSZ_no_connectivity_f10_s7 code=0
EXTAB_EXIT screen=extab_CHSZ_no_connectivity_f12_s7 code=0
EXTAB_LAUNCH screen=extab_CHSZ_no_connectivity_f23_s7 data=CHSZ variant=no_connectivity fold=23
EXTAB_LAUNCH screen=extab_CHSZ_no_connectivity_f24_s7 data=CHSZ variant=no_connectivity fold=24
EXTAB_LAUNCH screen=extab_CHSZ_no_connectivity_f25_s7 data=CHSZ variant=no_connectivity fold=25
EXTAB_LAUNCH screen=extab_CHSZ_no_connectivity_f26_s7 data=CHSZ variant=no_connectivity fold=26
EXTAB_WAIT ram_mib=30387 vram_free_mib=10724 running=11
EXTAB_EXIT screen=extab_CHSZ_no_connectivity_f15_s7 code=0
EXTAB_WAIT ram_mib=32748 vram_free_mib=9522 running=10
EXTAB_EXIT screen=extab_CHSZ_no_connectivity_f22_s7 code=0
EXTAB_WAIT ram_mib=30223 vram_free_mib=10997 running=9
EXTAB_WAIT ram_mib=30223 vram_free_mib=10997 running=9
EXTAB_EXIT screen=extab_CHSZ_no_connectivity_f21_s7 code=0
EXTAB_EXIT screen=extab_CHSZ_no_connectivity_f17_s7 code=0
EXTAB_EXIT screen=extab_CHSZ_no_connectivity_f19_s7 code=0
EXTAB_LAUNCH screen=extab_CHSZ_no_mean_connectivity_f0_s7 data=CHSZ variant=no_mean_connectivity fold=0
EXTAB_LAUNCH screen=extab_CHSZ_no_mean_connectivity_f1_s7 data=CHSZ variant=no_mean_connectivity fold=1
EXTAB_LAUNCH screen=extab_CHSZ_no_mean_connectivity_f2_s7 data=CHSZ variant=no_mean_connectivity fold=2
EXTAB_LAUNCH screen=extab_CHSZ_no_mean_connectivity_f3_s7 data=CHSZ variant=no_mean_connectivity fold=3
EXTAB_LAUNCH screen=extab_CHSZ_no_mean_connectivity_f4_s7 data=CHSZ variant=no_mean_connectivity fold=4
EXTAB_LAUNCH screen=extab_CHSZ_no_mean_connectivity_f5_s7 data=CHSZ variant=no_mean_connectivity fold=5
EXTAB_EXIT screen=extab_CHSZ_no_connectivity_f26_s7 code=0
EXTAB_EXIT screen=extab_CHSZ_no_connectivity_f18_s7 code=0
EXTAB_EXIT screen=extab_CHSZ_no_connectivity_f24_s7 code=0
EXTAB_EXIT screen=extab_CHSZ_no_connectivity_f20_s7 code=0
EXTAB_LAUNCH screen=extab_CHSZ_no_mean_connectivity_f6_s7 data=CHSZ variant=no_mean_connectivity fold=6
EXTAB_WAIT ram_mib=28637 vram_free_mib=11793 running=9
EXTAB_EXIT screen=extab_CHSZ_no_connectivity_f25_s7 code=0
EXTAB_LAUNCH screen=extab_CHSZ_no_mean_connectivity_f7_s7 data=CHSZ variant=no_mean_connectivity fold=7
EXTAB_LAUNCH screen=extab_CHSZ_no_mean_connectivity_f8_s7 data=CHSZ variant=no_mean_connectivity fold=8
EXTAB_LAUNCH screen=extab_CHSZ_no_mean_connectivity_f9_s7 data=CHSZ variant=no_mean_connectivity fold=9
EXTAB_LAUNCH screen=extab_CHSZ_no_mean_connectivity_f10_s7 data=CHSZ variant=no_mean_connectivity fold=10
EXTAB_EXIT screen=extab_CHSZ_no_mean_connectivity_f0_s7 code=0
EXTAB_EXIT screen=extab_CHSZ_no_mean_connectivity_f1_s7 code=0
EXTAB_EXIT screen=extab_CHSZ_no_mean_connectivity_f2_s7 code=0
EXTAB_EXIT screen=extab_CHSZ_no_connectivity_f23_s7 code=0
EXTAB_EXIT screen=extab_CHSZ_no_mean_connectivity_f3_s7 code=0
EXTAB_LAUNCH screen=extab_CHSZ_no_mean_connectivity_f11_s7 data=CHSZ variant=no_mean_connectivity fold=11
EXTAB_LAUNCH screen=extab_CHSZ_no_mean_connectivity_f12_s7 data=CHSZ variant=no_mean_connectivity fold=12
EXTAB_LAUNCH screen=extab_CHSZ_no_mean_connectivity_f13_s7 data=CHSZ variant=no_mean_connectivity fold=13
EXTAB_LAUNCH screen=extab_CHSZ_no_mean_connectivity_f14_s7 data=CHSZ variant=no_mean_connectivity fold=14
EXTAB_LAUNCH screen=extab_CHSZ_no_mean_connectivity_f15_s7 data=CHSZ variant=no_mean_connectivity fold=15
EXTAB_EXIT screen=extab_CHSZ_no_mean_connectivity_f6_s7 code=0
EXTAB_EXIT screen=extab_CHSZ_no_mean_connectivity_f5_s7 code=0
EXTAB_EXIT screen=extab_CHSZ_no_mean_connectivity_f4_s7 code=0
EXTAB_WAIT ram_mib=30238 vram_free_mib=10977 running=9
EXTAB_EXIT screen=extab_CHSZ_no_mean_connectivity_f10_s7 code=0
EXTAB_EXIT screen=extab_CHSZ_no_mean_connectivity_f8_s7 code=0
EXTAB_EXIT screen=extab_CHSZ_no_mean_connectivity_f7_s7 code=0
EXTAB_EXIT screen=extab_CHSZ_no_mean_connectivity_f9_s7 code=0
EXTAB_LAUNCH screen=extab_CHSZ_no_mean_connectivity_f16_s7 data=CHSZ variant=no_mean_connectivity fold=16
EXTAB_LAUNCH screen=extab_CHSZ_no_mean_connectivity_f17_s7 data=CHSZ variant=no_mean_connectivity fold=17
EXTAB_LAUNCH screen=extab_CHSZ_no_mean_connectivity_f18_s7 data=CHSZ variant=no_mean_connectivity fold=18
EXTAB_LAUNCH screen=extab_CHSZ_no_mean_connectivity_f19_s7 data=CHSZ variant=no_mean_connectivity fold=19
EXTAB_LAUNCH screen=extab_CHSZ_no_mean_connectivity_f20_s7 data=CHSZ variant=no_mean_connectivity fold=20
EXTAB_LAUNCH screen=extab_CHSZ_no_mean_connectivity_f21_s7 data=CHSZ variant=no_mean_connectivity fold=21
EXTAB_LAUNCH screen=extab_CHSZ_no_mean_connectivity_f22_s7 data=CHSZ variant=no_mean_connectivity fold=22
EXTAB_EXIT screen=extab_CHSZ_no_mean_connectivity_f14_s7 code=0
EXTAB_EXIT screen=extab_CHSZ_no_mean_connectivity_f15_s7 code=0
EXTAB_EXIT screen=extab_CHSZ_no_mean_connectivity_f11_s7 code=0
EXTAB_EXIT screen=extab_CHSZ_no_mean_connectivity_f12_s7 code=0
EXTAB_EXIT screen=extab_CHSZ_no_mean_connectivity_f13_s7 code=0
EXTAB_LAUNCH screen=extab_CHSZ_no_mean_connectivity_f23_s7 data=CHSZ variant=no_mean_connectivity fold=23
EXTAB_LAUNCH screen=extab_CHSZ_no_mean_connectivity_f24_s7 data=CHSZ variant=no_mean_connectivity fold=24
EXTAB_LAUNCH screen=extab_CHSZ_no_mean_connectivity_f25_s7 data=CHSZ variant=no_mean_connectivity fold=25
EXTAB_WAIT ram_mib=30342 vram_free_mib=10758 running=10
EXTAB_EXIT screen=extab_CHSZ_no_mean_connectivity_f17_s7 code=0
EXTAB_EXIT screen=extab_CHSZ_no_mean_connectivity_f16_s7 code=0
EXTAB_EXIT screen=extab_CHSZ_no_mean_connectivity_f18_s7 code=0
EXTAB_LAUNCH screen=extab_CHSZ_no_mean_connectivity_f26_s7 data=CHSZ variant=no_mean_connectivity fold=26
EXTAB_LAUNCH screen=extab_CHSZ_no_derivative_connectivity_f0_s7 data=CHSZ variant=no_derivative_connectivity fold=0
EXTAB_LAUNCH screen=extab_CHSZ_no_derivative_connectivity_f1_s7 data=CHSZ variant=no_derivative_connectivity fold=1
EXTAB_LAUNCH screen=extab_CHSZ_no_derivative_connectivity_f2_s7 data=CHSZ variant=no_derivative_connectivity fold=2
EXTAB_WAIT ram_mib=30410 vram_free_mib=10740 running=11
EXTAB_EXIT screen=extab_CHSZ_no_mean_connectivity_f22_s7 code=0
EXTAB_EXIT screen=extab_CHSZ_no_mean_connectivity_f19_s7 code=0
EXTAB_EXIT screen=extab_CHSZ_no_mean_connectivity_f20_s7 code=0
EXTAB_EXIT screen=extab_CHSZ_no_mean_connectivity_f21_s7 code=0
EXTAB_LAUNCH screen=extab_CHSZ_no_derivative_connectivity_f3_s7 data=CHSZ variant=no_derivative_connectivity fold=3
EXTAB_LAUNCH screen=extab_CHSZ_no_derivative_connectivity_f4_s7 data=CHSZ variant=no_derivative_connectivity fold=4
EXTAB_LAUNCH screen=extab_CHSZ_no_derivative_connectivity_f5_s7 data=CHSZ variant=no_derivative_connectivity fold=5
EXTAB_WAIT ram_mib=30360 vram_free_mib=10738 running=10
EXTAB_EXIT screen=extab_CHSZ_no_mean_connectivity_f25_s7 code=0
EXTAB_EXIT screen=extab_CHSZ_no_mean_connectivity_f24_s7 code=0
EXTAB_EXIT screen=extab_CHSZ_no_mean_connectivity_f23_s7 code=0
EXTAB_LAUNCH screen=extab_CHSZ_no_derivative_connectivity_f6_s7 data=CHSZ variant=no_derivative_connectivity fold=6
EXTAB_LAUNCH screen=extab_CHSZ_no_derivative_connectivity_f7_s7 data=CHSZ variant=no_derivative_connectivity fold=7
EXTAB_LAUNCH screen=extab_CHSZ_no_derivative_connectivity_f8_s7 data=CHSZ variant=no_derivative_connectivity fold=8
EXTAB_LAUNCH screen=extab_CHSZ_no_derivative_connectivity_f9_s7 data=CHSZ variant=no_derivative_connectivity fold=9
EXTAB_LAUNCH screen=extab_CHSZ_no_derivative_connectivity_f10_s7 data=CHSZ variant=no_derivative_connectivity fold=10
EXTAB_EXIT screen=extab_CHSZ_no_derivative_connectivity_f0_s7 code=0
EXTAB_EXIT screen=extab_CHSZ_no_mean_connectivity_f26_s7 code=0
EXTAB_WAIT ram_mib=32753 vram_free_mib=9504 running=10
EXTAB_WAIT ram_mib=32753 vram_free_mib=9504 running=10
EXTAB_WAIT ram_mib=32753 vram_free_mib=9504 running=10
EXTAB_WAIT ram_mib=32753 vram_free_mib=9504 running=10
EXTAB_EXIT screen=extab_CHSZ_no_derivative_connectivity_f2_s7 code=0
EXTAB_EXIT screen=extab_CHSZ_no_derivative_connectivity_f1_s7 code=0
EXTAB_EXIT screen=extab_CHSZ_no_derivative_connectivity_f9_s7 code=0
EXTAB_EXIT screen=extab_CHSZ_no_derivative_connectivity_f4_s7 code=0
EXTAB_LAUNCH screen=extab_CHSZ_no_derivative_connectivity_f11_s7 data=CHSZ variant=no_derivative_connectivity fold=11
EXTAB_LAUNCH screen=extab_CHSZ_no_derivative_connectivity_f12_s7 data=CHSZ variant=no_derivative_connectivity fold=12
EXTAB_LAUNCH screen=extab_CHSZ_no_derivative_connectivity_f13_s7 data=CHSZ variant=no_derivative_connectivity fold=13
EXTAB_LAUNCH screen=extab_CHSZ_no_derivative_connectivity_f14_s7 data=CHSZ variant=no_derivative_connectivity fold=14
EXTAB_LAUNCH screen=extab_CHSZ_no_derivative_connectivity_f15_s7 data=CHSZ variant=no_derivative_connectivity fold=15
EXTAB_LAUNCH screen=extab_CHSZ_no_derivative_connectivity_f16_s7 data=CHSZ variant=no_derivative_connectivity fold=16
EXTAB_EXIT screen=extab_CHSZ_no_derivative_connectivity_f10_s7 code=0
EXTAB_EXIT screen=extab_CHSZ_no_derivative_connectivity_f7_s7 code=0
EXTAB_EXIT screen=extab_CHSZ_no_derivative_connectivity_f3_s7 code=0
EXTAB_EXIT screen=extab_CHSZ_no_derivative_connectivity_f5_s7 code=0
EXTAB_LAUNCH screen=extab_CHSZ_no_derivative_connectivity_f17_s7 data=CHSZ variant=no_derivative_connectivity fold=17
EXTAB_WAIT ram_mib=28581 vram_free_mib=11937 running=9
EXTAB_EXIT screen=extab_CHSZ_no_derivative_connectivity_f8_s7 code=0
EXTAB_EXIT screen=extab_CHSZ_no_derivative_connectivity_f6_s7 code=0
EXTAB_LAUNCH screen=extab_CHSZ_no_derivative_connectivity_f18_s7 data=CHSZ variant=no_derivative_connectivity fold=18
EXTAB_LAUNCH screen=extab_CHSZ_no_derivative_connectivity_f19_s7 data=CHSZ variant=no_derivative_connectivity fold=19
EXTAB_LAUNCH screen=extab_CHSZ_no_derivative_connectivity_f20_s7 data=CHSZ variant=no_derivative_connectivity fold=20
EXTAB_LAUNCH screen=extab_CHSZ_no_derivative_connectivity_f21_s7 data=CHSZ variant=no_derivative_connectivity fold=21
EXTAB_LAUNCH screen=extab_CHSZ_no_derivative_connectivity_f22_s7 data=CHSZ variant=no_derivative_connectivity fold=22
EXTAB_EXIT screen=extab_CHSZ_no_derivative_connectivity_f13_s7 code=0
EXTAB_EXIT screen=extab_CHSZ_no_derivative_connectivity_f12_s7 code=0
EXTAB_WAIT ram_mib=32760 vram_free_mib=9522 running=10
EXTAB_WAIT ram_mib=32760 vram_free_mib=9522 running=10
EXTAB_EXIT screen=extab_CHSZ_no_derivative_connectivity_f11_s7 code=0
EXTAB_EXIT screen=extab_CHSZ_no_derivative_connectivity_f14_s7 code=0
EXTAB_LAUNCH screen=extab_CHSZ_no_derivative_connectivity_f23_s7 data=CHSZ variant=no_derivative_connectivity fold=23
EXTAB_LAUNCH screen=extab_CHSZ_no_derivative_connectivity_f24_s7 data=CHSZ variant=no_derivative_connectivity fold=24
EXTAB_LAUNCH screen=extab_CHSZ_no_derivative_connectivity_f25_s7 data=CHSZ variant=no_derivative_connectivity fold=25
EXTAB_WAIT ram_mib=30545 vram_free_mib=10664 running=11
EXTAB_EXIT screen=extab_CHSZ_no_derivative_connectivity_f22_s7 code=0
EXTAB_EXIT screen=extab_CHSZ_no_derivative_connectivity_f21_s7 code=0
EXTAB_EXIT screen=extab_CHSZ_no_derivative_connectivity_f19_s7 code=0
EXTAB_LAUNCH screen=extab_CHSZ_no_derivative_connectivity_f26_s7 data=CHSZ variant=no_derivative_connectivity fold=26
EXTAB_LAUNCH screen=extab_CHSZ_no_rz_augmentation_f0_s7 data=CHSZ variant=no_rz_augmentation fold=0
EXTAB_LAUNCH screen=extab_CHSZ_no_rz_augmentation_f1_s7 data=CHSZ variant=no_rz_augmentation fold=1
EXTAB_LAUNCH screen=extab_CHSZ_no_rz_augmentation_f2_s7 data=CHSZ variant=no_rz_augmentation fold=2
EXTAB_EXIT screen=extab_CHSZ_no_derivative_connectivity_f16_s7 code=0
EXTAB_EXIT screen=extab_CHSZ_no_derivative_connectivity_f15_s7 code=0
EXTAB_EXIT screen=extab_CHSZ_no_derivative_connectivity_f17_s7 code=0
EXTAB_WAIT ram_mib=30223 vram_free_mib=10987 running=9
EXTAB_EXIT screen=extab_CHSZ_no_derivative_connectivity_f20_s7 code=0
EXTAB_EXIT screen=extab_CHSZ_no_derivative_connectivity_f25_s7 code=0
EXTAB_EXIT screen=extab_CHSZ_no_derivative_connectivity_f18_s7 code=0
EXTAB_LAUNCH screen=extab_CHSZ_no_rz_augmentation_f3_s7 data=CHSZ variant=no_rz_augmentation fold=3
EXTAB_LAUNCH screen=extab_CHSZ_no_rz_augmentation_f4_s7 data=CHSZ variant=no_rz_augmentation fold=4
EXTAB_LAUNCH screen=extab_CHSZ_no_rz_augmentation_f5_s7 data=CHSZ variant=no_rz_augmentation fold=5
EXTAB_WAIT ram_mib=28277 vram_free_mib=12039 running=9
EXTAB_EXIT screen=extab_CHSZ_no_rz_augmentation_f0_s7 code=0
EXTAB_LAUNCH screen=extab_CHSZ_no_rz_augmentation_f6_s7 data=CHSZ variant=no_rz_augmentation fold=6
EXTAB_WAIT ram_mib=28685 vram_free_mib=11755 running=9
EXTAB_EXIT screen=extab_CHSZ_no_derivative_connectivity_f23_s7 code=0
EXTAB_LAUNCH screen=extab_CHSZ_no_rz_augmentation_f7_s7 data=CHSZ variant=no_rz_augmentation fold=7
EXTAB_WAIT ram_mib=28612 vram_free_mib=11781 running=9
EXTAB_EXIT screen=extab_CHSZ_no_derivative_connectivity_f24_s7 code=0
EXTAB_EXIT screen=extab_CHSZ_no_derivative_connectivity_f26_s7 code=0
EXTAB_LAUNCH screen=extab_CHSZ_no_rz_augmentation_f8_s7 data=CHSZ variant=no_rz_augmentation fold=8
EXTAB_LAUNCH screen=extab_CHSZ_no_rz_augmentation_f9_s7 data=CHSZ variant=no_rz_augmentation fold=9
EXTAB_LAUNCH screen=extab_CHSZ_no_rz_augmentation_f10_s7 data=CHSZ variant=no_rz_augmentation fold=10
EXTAB_LAUNCH screen=extab_CHSZ_no_rz_augmentation_f11_s7 data=CHSZ variant=no_rz_augmentation fold=11
EXTAB_LAUNCH screen=extab_CHSZ_no_rz_augmentation_f12_s7 data=CHSZ variant=no_rz_augmentation fold=12
EXTAB_EXIT screen=extab_CHSZ_no_rz_augmentation_f2_s7 code=0
EXTAB_EXIT screen=extab_CHSZ_no_rz_augmentation_f4_s7 code=0
EXTAB_EXIT screen=extab_CHSZ_no_rz_augmentation_f1_s7 code=0
EXTAB_WAIT ram_mib=30238 vram_free_mib=10977 running=9
EXTAB_EXIT screen=extab_CHSZ_no_rz_augmentation_f7_s7 code=0
EXTAB_EXIT screen=extab_CHSZ_no_rz_augmentation_f3_s7 code=0
EXTAB_LAUNCH screen=extab_CHSZ_no_rz_augmentation_f13_s7 data=CHSZ variant=no_rz_augmentation fold=13
EXTAB_LAUNCH screen=extab_CHSZ_no_rz_augmentation_f14_s7 data=CHSZ variant=no_rz_augmentation fold=14
EXTAB_LAUNCH screen=extab_CHSZ_no_rz_augmentation_f15_s7 data=CHSZ variant=no_rz_augmentation fold=15
EXTAB_LAUNCH screen=extab_CHSZ_no_rz_augmentation_f16_s7 data=CHSZ variant=no_rz_augmentation fold=16
EXTAB_LAUNCH screen=extab_CHSZ_no_rz_augmentation_f17_s7 data=CHSZ variant=no_rz_augmentation fold=17
EXTAB_EXIT screen=extab_CHSZ_no_rz_augmentation_f5_s7 code=0
EXTAB_EXIT screen=extab_CHSZ_no_rz_augmentation_f8_s7 code=0
EXTAB_EXIT screen=extab_CHSZ_no_rz_augmentation_f6_s7 code=0
EXTAB_EXIT screen=extab_CHSZ_no_rz_augmentation_f10_s7 code=0
EXTAB_EXIT screen=extab_CHSZ_no_rz_augmentation_f9_s7 code=0
EXTAB_EXIT screen=extab_CHSZ_no_rz_augmentation_f12_s7 code=0
EXTAB_LAUNCH screen=extab_CHSZ_no_rz_augmentation_f18_s7 data=CHSZ variant=no_rz_augmentation fold=18
EXTAB_LAUNCH screen=extab_CHSZ_no_rz_augmentation_f19_s7 data=CHSZ variant=no_rz_augmentation fold=19
EXTAB_LAUNCH screen=extab_CHSZ_no_rz_augmentation_f20_s7 data=CHSZ variant=no_rz_augmentation fold=20
EXTAB_WAIT ram_mib=28243 vram_free_mib=12027 running=9
EXTAB_EXIT screen=extab_CHSZ_no_rz_augmentation_f13_s7 code=0
EXTAB_EXIT screen=extab_CHSZ_no_rz_augmentation_f14_s7 code=0
EXTAB_LAUNCH screen=extab_CHSZ_no_rz_augmentation_f21_s7 data=CHSZ variant=no_rz_augmentation fold=21
EXTAB_LAUNCH screen=extab_CHSZ_no_rz_augmentation_f22_s7 data=CHSZ variant=no_rz_augmentation fold=22
EXTAB_LAUNCH screen=extab_CHSZ_no_rz_augmentation_f23_s7 data=CHSZ variant=no_rz_augmentation fold=23
EXTAB_WAIT ram_mib=28222 vram_free_mib=12051 running=10
EXTAB_EXIT screen=extab_CHSZ_no_rz_augmentation_f11_s7 code=0
EXTAB_WAIT ram_mib=30218 vram_free_mib=10999 running=9
EXTAB_EXIT screen=extab_CHSZ_no_rz_augmentation_f19_s7 code=0
EXTAB_LAUNCH screen=extab_CHSZ_no_rz_augmentation_f24_s7 data=CHSZ variant=no_rz_augmentation fold=24
EXTAB_LAUNCH screen=extab_CHSZ_no_rz_augmentation_f25_s7 data=CHSZ variant=no_rz_augmentation fold=25
EXTAB_LAUNCH screen=extab_CHSZ_no_rz_augmentation_f26_s7 data=CHSZ variant=no_rz_augmentation fold=26
EXTAB_WAIT ram_mib=30476 vram_free_mib=10690 running=11
EXTAB_EXIT screen=extab_CHSZ_no_rz_augmentation_f16_s7 code=0
EXTAB_EXIT screen=extab_CHSZ_no_rz_augmentation_f17_s7 code=0
EXTAB_WAIT ram_mib=30210 vram_free_mib=10987 running=9
EXTAB_EXIT screen=extab_CHSZ_no_rz_augmentation_f15_s7 code=0
EXTAB_LAUNCH screen=extab_CHSZ_high_rz_augmentation_f0_s7 data=CHSZ variant=high_rz_augmentation fold=0
EXTAB_LAUNCH screen=extab_CHSZ_high_rz_augmentation_f1_s7 data=CHSZ variant=high_rz_augmentation fold=1
EXTAB_LAUNCH screen=extab_CHSZ_high_rz_augmentation_f2_s7 data=CHSZ variant=high_rz_augmentation fold=2
EXTAB_LAUNCH screen=extab_CHSZ_high_rz_augmentation_f3_s7 data=CHSZ variant=high_rz_augmentation fold=3
EXTAB_EXIT screen=extab_CHSZ_no_rz_augmentation_f21_s7 code=0
EXTAB_EXIT screen=extab_CHSZ_no_rz_augmentation_f18_s7 code=0
EXTAB_EXIT screen=extab_CHSZ_no_rz_augmentation_f20_s7 code=0
EXTAB_WAIT ram_mib=30221 vram_free_mib=10981 running=9
EXTAB_EXIT screen=extab_CHSZ_no_rz_augmentation_f22_s7 code=0
EXTAB_EXIT screen=extab_CHSZ_no_rz_augmentation_f23_s7 code=0
EXTAB_LAUNCH screen=extab_CHSZ_high_rz_augmentation_f4_s7 data=CHSZ variant=high_rz_augmentation fold=4
EXTAB_LAUNCH screen=extab_CHSZ_high_rz_augmentation_f5_s7 data=CHSZ variant=high_rz_augmentation fold=5
EXTAB_LAUNCH screen=extab_CHSZ_high_rz_augmentation_f6_s7 data=CHSZ variant=high_rz_augmentation fold=6
EXTAB_LAUNCH screen=extab_CHSZ_high_rz_augmentation_f7_s7 data=CHSZ variant=high_rz_augmentation fold=7
EXTAB_LAUNCH screen=extab_CHSZ_high_rz_augmentation_f8_s7 data=CHSZ variant=high_rz_augmentation fold=8
EXTAB_EXIT screen=extab_CHSZ_high_rz_augmentation_f0_s7 code=0
EXTAB_EXIT screen=extab_CHSZ_no_rz_augmentation_f25_s7 code=0
EXTAB_EXIT screen=extab_CHSZ_no_rz_augmentation_f26_s7 code=0
EXTAB_WAIT ram_mib=30229 vram_free_mib=10983 running=9
EXTAB_EXIT screen=extab_CHSZ_no_rz_augmentation_f24_s7 code=0
EXTAB_LAUNCH screen=extab_CHSZ_high_rz_augmentation_f9_s7 data=CHSZ variant=high_rz_augmentation fold=9
EXTAB_WAIT ram_mib=28550 vram_free_mib=11831 running=9
EXTAB_EXIT screen=extab_CHSZ_high_rz_augmentation_f4_s7 code=0
EXTAB_LAUNCH screen=extab_CHSZ_high_rz_augmentation_f10_s7 data=CHSZ variant=high_rz_augmentation fold=10
EXTAB_WAIT ram_mib=28550 vram_free_mib=11835 running=9
EXTAB_EXIT screen=extab_CHSZ_high_rz_augmentation_f2_s7 code=0
EXTAB_EXIT screen=extab_CHSZ_high_rz_augmentation_f3_s7 code=0
EXTAB_EXIT screen=extab_CHSZ_high_rz_augmentation_f7_s7 code=0
EXTAB_EXIT screen=extab_CHSZ_high_rz_augmentation_f8_s7 code=0
EXTAB_LAUNCH screen=extab_CHSZ_high_rz_augmentation_f11_s7 data=CHSZ variant=high_rz_augmentation fold=11
EXTAB_LAUNCH screen=extab_CHSZ_high_rz_augmentation_f12_s7 data=CHSZ variant=high_rz_augmentation fold=12
EXTAB_LAUNCH screen=extab_CHSZ_high_rz_augmentation_f13_s7 data=CHSZ variant=high_rz_augmentation fold=13
EXTAB_LAUNCH screen=extab_CHSZ_high_rz_augmentation_f14_s7 data=CHSZ variant=high_rz_augmentation fold=14
EXTAB_LAUNCH screen=extab_CHSZ_high_rz_augmentation_f15_s7 data=CHSZ variant=high_rz_augmentation fold=15
EXTAB_LAUNCH screen=extab_CHSZ_high_rz_augmentation_f16_s7 data=CHSZ variant=high_rz_augmentation fold=16
EXTAB_LAUNCH screen=extab_CHSZ_high_rz_augmentation_f17_s7 data=CHSZ variant=high_rz_augmentation fold=17
EXTAB_EXIT screen=extab_CHSZ_high_rz_augmentation_f6_s7 code=0
EXTAB_EXIT screen=extab_CHSZ_high_rz_augmentation_f1_s7 code=0
EXTAB_EXIT screen=extab_CHSZ_high_rz_augmentation_f5_s7 code=0
EXTAB_EXIT screen=extab_CHSZ_high_rz_augmentation_f9_s7 code=0
EXTAB_LAUNCH screen=extab_CHSZ_high_rz_augmentation_f18_s7 data=CHSZ variant=high_rz_augmentation fold=18
EXTAB_WAIT ram_mib=28638 vram_free_mib=11785 running=9
EXTAB_EXIT screen=extab_CHSZ_high_rz_augmentation_f13_s7 code=0
EXTAB_EXIT screen=extab_CHSZ_high_rz_augmentation_f10_s7 code=0
EXTAB_EXIT screen=extab_CHSZ_high_rz_augmentation_f12_s7 code=0
EXTAB_LAUNCH screen=extab_CHSZ_high_rz_augmentation_f19_s7 data=CHSZ variant=high_rz_augmentation fold=19
EXTAB_LAUNCH screen=extab_CHSZ_high_rz_augmentation_f20_s7 data=CHSZ variant=high_rz_augmentation fold=20
EXTAB_LAUNCH screen=extab_CHSZ_high_rz_augmentation_f21_s7 data=CHSZ variant=high_rz_augmentation fold=21
EXTAB_LAUNCH screen=extab_CHSZ_high_rz_augmentation_f22_s7 data=CHSZ variant=high_rz_augmentation fold=22
EXTAB_LAUNCH screen=extab_CHSZ_high_rz_augmentation_f23_s7 data=CHSZ variant=high_rz_augmentation fold=23
EXTAB_WAIT ram_mib=30392 vram_free_mib=10734 running=11
EXTAB_EXIT screen=extab_CHSZ_high_rz_augmentation_f11_s7 code=0
EXTAB_EXIT screen=extab_CHSZ_high_rz_augmentation_f14_s7 code=0
EXTAB_WAIT ram_mib=30227 vram_free_mib=10999 running=9
EXTAB_WAIT ram_mib=30227 vram_free_mib=10999 running=9
EXTAB_EXIT screen=extab_CHSZ_high_rz_augmentation_f19_s7 code=0
EXTAB_LAUNCH screen=extab_CHSZ_high_rz_augmentation_f24_s7 data=CHSZ variant=high_rz_augmentation fold=24
EXTAB_WAIT ram_mib=28603 vram_free_mib=11811 running=9
EXTAB_EXIT screen=extab_CHSZ_high_rz_augmentation_f16_s7 code=0
EXTAB_EXIT screen=extab_CHSZ_high_rz_augmentation_f17_s7 code=0
EXTAB_LAUNCH screen=extab_CHSZ_high_rz_augmentation_f25_s7 data=CHSZ variant=high_rz_augmentation fold=25
EXTAB_LAUNCH screen=extab_CHSZ_high_rz_augmentation_f26_s7 data=CHSZ variant=high_rz_augmentation fold=26
EXTAB_LAUNCH screen=extab_Sleep_EDF_20_full_f0_s7 data=Sleep-EDF-20 variant=full fold=0
EXTAB_LAUNCH screen=extab_Sleep_EDF_20_full_f1_s7 data=Sleep-EDF-20 variant=full fold=1
EXTAB_LAUNCH screen=extab_Sleep_EDF_20_full_f2_s7 data=Sleep-EDF-20 variant=full fold=2
EXTAB_EXIT screen=extab_CHSZ_high_rz_augmentation_f23_s7 code=0
EXTAB_EXIT screen=extab_CHSZ_high_rz_augmentation_f21_s7 code=0
EXTAB_EXIT screen=extab_CHSZ_high_rz_augmentation_f15_s7 code=0
EXTAB_EXIT screen=extab_CHSZ_high_rz_augmentation_f18_s7 code=0
EXTAB_LAUNCH screen=extab_Sleep_EDF_20_full_f3_s7 data=Sleep-EDF-20 variant=full fold=3
EXTAB_WAIT ram_mib=28746 vram_free_mib=10287 running=9
EXTAB_WAIT ram_mib=30258 vram_free_mib=9259 running=9
EXTAB_EXIT screen=extab_CHSZ_high_rz_augmentation_f20_s7 code=0
EXTAB_EXIT screen=extab_CHSZ_high_rz_augmentation_f22_s7 code=0
EXTAB_LAUNCH screen=extab_Sleep_EDF_20_full_f4_s7 data=Sleep-EDF-20 variant=full fold=4
EXTAB_LAUNCH screen=extab_Sleep_EDF_20_full_f5_s7 data=Sleep-EDF-20 variant=full fold=5
EXTAB_LAUNCH screen=extab_Sleep_EDF_20_full_f6_s7 data=Sleep-EDF-20 variant=full fold=6
EXTAB_WAIT ram_mib=30097 vram_free_mib=8184 running=10
EXTAB_WAIT ram_mib=32764 vram_free_mib=6492 running=10
EXTAB_EXIT screen=extab_CHSZ_high_rz_augmentation_f26_s7 code=0
EXTAB_WAIT ram_mib=30234 vram_free_mib=7961 running=9
EXTAB_EXIT screen=extab_CHSZ_high_rz_augmentation_f24_s7 code=0
EXTAB_LAUNCH screen=extab_Sleep_EDF_20_full_f7_s7 data=Sleep-EDF-20 variant=full fold=7
EXTAB_WAIT ram_mib=28745 vram_free_mib=8553 running=9
EXTAB_EXIT screen=extab_CHSZ_high_rz_augmentation_f25_s7 code=0
EXTAB_LAUNCH screen=extab_Sleep_EDF_20_full_f8_s7 data=Sleep-EDF-20 variant=full fold=8
EXTAB_WAIT ram_mib=28658 vram_free_mib=8155 running=9
EXTAB_WAIT ram_mib=30240 vram_free_mib=7099 running=9
EXTAB_WAIT ram_mib=30241 vram_free_mib=7095 running=9
EXTAB_WAIT ram_mib=30241 vram_free_mib=7095 running=9
EXTAB_WAIT ram_mib=30241 vram_free_mib=7095 running=9
EXTAB_WAIT ram_mib=30240 vram_free_mib=7095 running=9
EXTAB_WAIT ram_mib=30241 vram_free_mib=7095 running=9
EXTAB_WAIT ram_mib=30241 vram_free_mib=7095 running=9
EXTAB_WAIT ram_mib=30241 vram_free_mib=7095 running=9
EXTAB_WAIT ram_mib=30241 vram_free_mib=7095 running=9
EXTAB_WAIT ram_mib=30241 vram_free_mib=7095 running=9
EXTAB_WAIT ram_mib=30241 vram_free_mib=7095 running=9
EXTAB_WAIT ram_mib=30241 vram_free_mib=7095 running=9
EXTAB_WAIT ram_mib=30242 vram_free_mib=7095 running=9
EXTAB_WAIT ram_mib=30242 vram_free_mib=7095 running=9
EXTAB_WAIT ram_mib=30242 vram_free_mib=7095 running=9
EXTAB_WAIT ram_mib=30242 vram_free_mib=7095 running=9
EXTAB_WAIT ram_mib=30242 vram_free_mib=7095 running=9
EXTAB_WAIT ram_mib=30242 vram_free_mib=7095 running=9
EXTAB_WAIT ram_mib=30241 vram_free_mib=7095 running=9
EXTAB_WAIT ram_mib=30241 vram_free_mib=7095 running=9
EXTAB_WAIT ram_mib=30242 vram_free_mib=7095 running=9
EXTAB_WAIT ram_mib=30242 vram_free_mib=7095 running=9
EXTAB_WAIT ram_mib=30242 vram_free_mib=7095 running=9
EXTAB_WAIT ram_mib=30242 vram_free_mib=7095 running=9
EXTAB_WAIT ram_mib=30242 vram_free_mib=7095 running=9
EXTAB_WAIT ram_mib=30242 vram_free_mib=7095 running=9
EXTAB_WAIT ram_mib=30241 vram_free_mib=7095 running=9
EXTAB_WAIT ram_mib=30242 vram_free_mib=7095 running=9
EXTAB_WAIT ram_mib=30242 vram_free_mib=7095 running=9
EXTAB_WAIT ram_mib=30242 vram_free_mib=7095 running=9
EXTAB_WAIT ram_mib=30242 vram_free_mib=7095 running=9
EXTAB_WAIT ram_mib=30242 vram_free_mib=7095 running=9
EXTAB_WAIT ram_mib=30242 vram_free_mib=7095 running=9
EXTAB_WAIT ram_mib=30243 vram_free_mib=7095 running=9
EXTAB_WAIT ram_mib=30242 vram_free_mib=7095 running=9
EXTAB_WAIT ram_mib=30242 vram_free_mib=7095 running=9
EXTAB_WAIT ram_mib=30242 vram_free_mib=7095 running=9
EXTAB_WAIT ram_mib=30242 vram_free_mib=7095 running=9
EXTAB_WAIT ram_mib=30242 vram_free_mib=7095 running=9
EXTAB_WAIT ram_mib=30242 vram_free_mib=7095 running=9
EXTAB_WAIT ram_mib=30242 vram_free_mib=7095 running=9
EXTAB_WAIT ram_mib=30242 vram_free_mib=7095 running=9
EXTAB_EXIT screen=extab_Sleep_EDF_20_full_f0_s7 code=0
EXTAB_EXIT screen=extab_Sleep_EDF_20_full_f1_s7 code=0
EXTAB_EXIT screen=extab_Sleep_EDF_20_full_f2_s7 code=0
EXTAB_LAUNCH screen=extab_Sleep_EDF_20_full_f9_s7 data=Sleep-EDF-20 variant=full fold=9
EXTAB_LAUNCH screen=extab_Sleep_EDF_20_full_f10_s7 data=Sleep-EDF-20 variant=full fold=10
EXTAB_LAUNCH screen=extab_Sleep_EDF_20_full_f11_s7 data=Sleep-EDF-20 variant=full fold=11
EXTAB_LAUNCH screen=extab_Sleep_EDF_20_full_f12_s7 data=Sleep-EDF-20 variant=full fold=12
EXTAB_WAIT ram_mib=30015 vram_free_mib=6914 running=10
EXTAB_EXIT screen=extab_Sleep_EDF_20_full_f3_s7 code=0
EXTAB_WAIT ram_mib=30264 vram_free_mib=7093 running=9
EXTAB_WAIT ram_mib=30265 vram_free_mib=7091 running=9
EXTAB_EXIT screen=extab_Sleep_EDF_20_full_f4_s7 code=0
EXTAB_EXIT screen=extab_Sleep_EDF_20_full_f5_s7 code=0
EXTAB_LAUNCH screen=extab_Sleep_EDF_20_full_f13_s7 data=Sleep-EDF-20 variant=full fold=13
EXTAB_LAUNCH screen=extab_Sleep_EDF_20_full_f14_s7 data=Sleep-EDF-20 variant=full fold=14
EXTAB_LAUNCH screen=extab_Sleep_EDF_20_full_f15_s7 data=Sleep-EDF-20 variant=full fold=15
EXTAB_LAUNCH screen=extab_Sleep_EDF_20_full_f16_s7 data=Sleep-EDF-20 variant=full fold=16
EXTAB_WAIT ram_mib=30104 vram_free_mib=6866 running=11
EXTAB_EXIT screen=extab_Sleep_EDF_20_full_f6_s7 code=0
EXTAB_WAIT ram_mib=32767 vram_free_mib=5190 running=10
EXTAB_EXIT screen=extab_Sleep_EDF_20_full_f8_s7 code=0
EXTAB_WAIT ram_mib=30227 vram_free_mib=7097 running=9
EXTAB_EXIT screen=extab_Sleep_EDF_20_full_f7_s7 code=0
EXTAB_LAUNCH screen=extab_Sleep_EDF_20_full_f17_s7 data=Sleep-EDF-20 variant=full fold=17
EXTAB_WAIT ram_mib=28564 vram_free_mib=8189 running=9
EXTAB_WAIT ram_mib=30233 vram_free_mib=7099 running=9
EXTAB_WAIT ram_mib=30234 vram_free_mib=7095 running=9
EXTAB_WAIT ram_mib=30234 vram_free_mib=7095 running=9
EXTAB_WAIT ram_mib=30235 vram_free_mib=7095 running=9
EXTAB_WAIT ram_mib=30235 vram_free_mib=7095 running=9
EXTAB_WAIT ram_mib=30235 vram_free_mib=7095 running=9
EXTAB_WAIT ram_mib=30234 vram_free_mib=7095 running=9
EXTAB_WAIT ram_mib=30235 vram_free_mib=7095 running=9
EXTAB_WAIT ram_mib=30235 vram_free_mib=7095 running=9
EXTAB_WAIT ram_mib=30235 vram_free_mib=7095 running=9
EXTAB_WAIT ram_mib=30235 vram_free_mib=7095 running=9
EXTAB_WAIT ram_mib=30235 vram_free_mib=7095 running=9
EXTAB_WAIT ram_mib=30235 vram_free_mib=7095 running=9
EXTAB_WAIT ram_mib=30235 vram_free_mib=7095 running=9
EXTAB_WAIT ram_mib=30235 vram_free_mib=7095 running=9
EXTAB_WAIT ram_mib=30235 vram_free_mib=7095 running=9
EXTAB_WAIT ram_mib=30235 vram_free_mib=7095 running=9
EXTAB_WAIT ram_mib=30235 vram_free_mib=7095 running=9
EXTAB_WAIT ram_mib=30235 vram_free_mib=7095 running=9
EXTAB_WAIT ram_mib=30235 vram_free_mib=7095 running=9
EXTAB_WAIT ram_mib=30235 vram_free_mib=7095 running=9
EXTAB_WAIT ram_mib=30235 vram_free_mib=7095 running=9
EXTAB_WAIT ram_mib=30235 vram_free_mib=7095 running=9
EXTAB_WAIT ram_mib=30235 vram_free_mib=7095 running=9
EXTAB_WAIT ram_mib=30235 vram_free_mib=7095 running=9
EXTAB_WAIT ram_mib=30235 vram_free_mib=7095 running=9
EXTAB_WAIT ram_mib=30235 vram_free_mib=7095 running=9
EXTAB_WAIT ram_mib=30235 vram_free_mib=7095 running=9
EXTAB_WAIT ram_mib=30235 vram_free_mib=7095 running=9
EXTAB_WAIT ram_mib=30235 vram_free_mib=7095 running=9
EXTAB_WAIT ram_mib=30235 vram_free_mib=7095 running=9
EXTAB_WAIT ram_mib=30236 vram_free_mib=7095 running=9
EXTAB_WAIT ram_mib=30235 vram_free_mib=7095 running=9
EXTAB_WAIT ram_mib=30235 vram_free_mib=7095 running=9
EXTAB_WAIT ram_mib=30235 vram_free_mib=7095 running=9
EXTAB_WAIT ram_mib=30235 vram_free_mib=7095 running=9
EXTAB_WAIT ram_mib=30235 vram_free_mib=7095 running=9
EXTAB_WAIT ram_mib=30235 vram_free_mib=7095 running=9
EXTAB_EXIT screen=extab_Sleep_EDF_20_full_f12_s7 code=0
EXTAB_LAUNCH screen=extab_Sleep_EDF_20_full_f18_s7 data=Sleep-EDF-20 variant=full fold=18
EXTAB_LAUNCH screen=extab_Sleep_EDF_20_full_f19_s7 data=Sleep-EDF-20 variant=full fold=19
EXTAB_LAUNCH screen=extab_Sleep_EDF_20_classical_latent_f0_s7 data=Sleep-EDF-20 variant=classical_latent fold=0
EXTAB_WAIT ram_mib=29860 vram_free_mib=6984 running=11
EXTAB_EXIT screen=extab_Sleep_EDF_20_full_f10_s7 code=0
EXTAB_WAIT ram_mib=32767 vram_free_mib=5198 running=10
EXTAB_WAIT ram_mib=32765 vram_free_mib=5190 running=10
EXTAB_WAIT ram_mib=32764 vram_free_mib=5188 running=10
EXTAB_WAIT ram_mib=32764 vram_free_mib=5188 running=10
EXTAB_EXIT screen=extab_Sleep_EDF_20_full_f9_s7 code=0
EXTAB_EXIT screen=extab_Sleep_EDF_20_full_f11_s7 code=0
EXTAB_LAUNCH screen=extab_Sleep_EDF_20_classical_latent_f1_s7 data=Sleep-EDF-20 variant=classical_latent fold=1
EXTAB_WAIT ram_mib=28626 vram_free_mib=8151 running=9
EXTAB_WAIT ram_mib=30213 vram_free_mib=7103 running=9
EXTAB_WAIT ram_mib=30214 vram_free_mib=7101 running=9
EXTAB_EXIT screen=extab_Sleep_EDF_20_full_f13_s7 code=0
EXTAB_LAUNCH screen=extab_Sleep_EDF_20_classical_latent_f2_s7 data=Sleep-EDF-20 variant=classical_latent fold=2
EXTAB_WAIT ram_mib=28690 vram_free_mib=8125 running=9
EXTAB_EXIT screen=extab_Sleep_EDF_20_full_f14_s7 code=0
EXTAB_EXIT screen=extab_Sleep_EDF_20_full_f15_s7 code=0
EXTAB_EXIT screen=extab_Sleep_EDF_20_full_f16_s7 code=0
EXTAB_LAUNCH screen=extab_Sleep_EDF_20_classical_latent_f3_s7 data=Sleep-EDF-20 variant=classical_latent fold=3
EXTAB_LAUNCH screen=extab_Sleep_EDF_20_classical_latent_f4_s7 data=Sleep-EDF-20 variant=classical_latent fold=4
EXTAB_LAUNCH screen=extab_Sleep_EDF_20_classical_latent_f5_s7 data=Sleep-EDF-20 variant=classical_latent fold=5
EXTAB_WAIT ram_mib=28221 vram_free_mib=8421 running=9
EXTAB_EXIT screen=extab_Sleep_EDF_20_full_f17_s7 code=0
EXTAB_LAUNCH screen=extab_Sleep_EDF_20_classical_latent_f6_s7 data=Sleep-EDF-20 variant=classical_latent fold=6
EXTAB_WAIT ram_mib=28903 vram_free_mib=8035 running=9
EXTAB_WAIT ram_mib=30216 vram_free_mib=7109 running=9
EXTAB_WAIT ram_mib=30216 vram_free_mib=7109 running=9
EXTAB_WAIT ram_mib=30217 vram_free_mib=7109 running=9
EXTAB_WAIT ram_mib=30217 vram_free_mib=7109 running=9
EXTAB_WAIT ram_mib=30217 vram_free_mib=7109 running=9
EXTAB_WAIT ram_mib=30217 vram_free_mib=7109 running=9
EXTAB_WAIT ram_mib=30216 vram_free_mib=7109 running=9
EXTAB_WAIT ram_mib=30217 vram_free_mib=7109 running=9
EXTAB_WAIT ram_mib=30217 vram_free_mib=7109 running=9
EXTAB_WAIT ram_mib=30216 vram_free_mib=7109 running=9
EXTAB_WAIT ram_mib=30217 vram_free_mib=7109 running=9
EXTAB_WAIT ram_mib=30216 vram_free_mib=7109 running=9
EXTAB_WAIT ram_mib=30217 vram_free_mib=7109 running=9
EXTAB_WAIT ram_mib=30217 vram_free_mib=7109 running=9
EXTAB_WAIT ram_mib=30217 vram_free_mib=7109 running=9
EXTAB_EXIT screen=extab_Sleep_EDF_20_classical_latent_f0_s7 code=0
EXTAB_LAUNCH screen=extab_Sleep_EDF_20_classical_latent_f7_s7 data=Sleep-EDF-20 variant=classical_latent fold=7
EXTAB_WAIT ram_mib=28844 vram_free_mib=8071 running=9
EXTAB_WAIT ram_mib=30220 vram_free_mib=7111 running=9
EXTAB_WAIT ram_mib=30220 vram_free_mib=7111 running=9
EXTAB_EXIT screen=extab_Sleep_EDF_20_classical_latent_f2_s7 code=0
EXTAB_EXIT screen=extab_Sleep_EDF_20_classical_latent_f1_s7 code=0
EXTAB_LAUNCH screen=extab_Sleep_EDF_20_classical_latent_f8_s7 data=Sleep-EDF-20 variant=classical_latent fold=8
EXTAB_LAUNCH screen=extab_Sleep_EDF_20_classical_latent_f9_s7 data=Sleep-EDF-20 variant=classical_latent fold=9
EXTAB_WAIT ram_mib=28367 vram_free_mib=8381 running=9
EXTAB_WAIT ram_mib=30228 vram_free_mib=7105 running=9
EXTAB_WAIT ram_mib=30229 vram_free_mib=7103 running=9
EXTAB_EXIT screen=extab_Sleep_EDF_20_classical_latent_f3_s7 code=0
EXTAB_LAUNCH screen=extab_Sleep_EDF_20_classical_latent_f10_s7 data=Sleep-EDF-20 variant=classical_latent fold=10
EXTAB_LAUNCH screen=extab_Sleep_EDF_20_classical_latent_f11_s7 data=Sleep-EDF-20 variant=classical_latent fold=11
EXTAB_LAUNCH screen=extab_Sleep_EDF_20_classical_latent_f12_s7 data=Sleep-EDF-20 variant=classical_latent fold=12
EXTAB_WAIT ram_mib=28243 vram_free_mib=8431 running=11
EXTAB_EXIT screen=extab_Sleep_EDF_20_classical_latent_f6_s7 code=0
EXTAB_EXIT screen=extab_Sleep_EDF_20_classical_latent_f5_s7 code=0
EXTAB_EXIT screen=extab_Sleep_EDF_20_classical_latent_f4_s7 code=0
EXTAB_LAUNCH screen=extab_Sleep_EDF_20_classical_latent_f13_s7 data=Sleep-EDF-20 variant=classical_latent fold=13
EXTAB_WAIT ram_mib=29008 vram_free_mib=8037 running=9
EXTAB_WAIT ram_mib=30235 vram_free_mib=7099 running=9
EXTAB_WAIT ram_mib=30236 vram_free_mib=7099 running=9
EXTAB_EXIT screen=extab_Sleep_EDF_20_full_f19_s7 code=0
EXTAB_EXIT screen=extab_Sleep_EDF_20_full_f18_s7 code=0
EXTAB_LAUNCH screen=extab_Sleep_EDF_20_classical_latent_f14_s7 data=Sleep-EDF-20 variant=classical_latent fold=14
EXTAB_LAUNCH screen=extab_Sleep_EDF_20_classical_latent_f15_s7 data=Sleep-EDF-20 variant=classical_latent fold=15
EXTAB_WAIT ram_mib=28403 vram_free_mib=8357 running=9
EXTAB_WAIT ram_mib=30215 vram_free_mib=7103 running=9
EXTAB_WAIT ram_mib=30215 vram_free_mib=7101 running=9
EXTAB_WAIT ram_mib=30215 vram_free_mib=7101 running=9
EXTAB_WAIT ram_mib=30215 vram_free_mib=7101 running=9
EXTAB_WAIT ram_mib=30216 vram_free_mib=7101 running=9
EXTAB_WAIT ram_mib=30216 vram_free_mib=7101 running=9
EXTAB_WAIT ram_mib=30216 vram_free_mib=7101 running=9
EXTAB_WAIT ram_mib=30216 vram_free_mib=7101 running=9
EXTAB_EXIT screen=extab_Sleep_EDF_20_classical_latent_f7_s7 code=0
EXTAB_LAUNCH screen=extab_Sleep_EDF_20_classical_latent_f16_s7 data=Sleep-EDF-20 variant=classical_latent fold=16
EXTAB_WAIT ram_mib=28949 vram_free_mib=8015 running=9
EXTAB_WAIT ram_mib=30214 vram_free_mib=7099 running=9
EXTAB_WAIT ram_mib=30214 vram_free_mib=7099 running=9
EXTAB_WAIT ram_mib=30214 vram_free_mib=7099 running=9
EXTAB_WAIT ram_mib=30214 vram_free_mib=7099 running=9
EXTAB_EXIT screen=extab_Sleep_EDF_20_classical_latent_f9_s7 code=0
EXTAB_EXIT screen=extab_Sleep_EDF_20_classical_latent_f8_s7 code=0
EXTAB_LAUNCH screen=extab_Sleep_EDF_20_classical_latent_f17_s7 data=Sleep-EDF-20 variant=classical_latent fold=17
EXTAB_LAUNCH screen=extab_Sleep_EDF_20_classical_latent_f18_s7 data=Sleep-EDF-20 variant=classical_latent fold=18
EXTAB_WAIT ram_mib=28460 vram_free_mib=8335 running=9
EXTAB_EXIT screen=extab_Sleep_EDF_20_classical_latent_f11_s7 code=0
EXTAB_EXIT screen=extab_Sleep_EDF_20_classical_latent_f10_s7 code=0
EXTAB_LAUNCH screen=extab_Sleep_EDF_20_classical_latent_f19_s7 data=Sleep-EDF-20 variant=classical_latent fold=19
EXTAB_LAUNCH screen=extab_Sleep_EDF_20_quantum_depth_1_f0_s7 data=Sleep-EDF-20 variant=quantum_depth_1 fold=0
EXTAB_WAIT ram_mib=28571 vram_free_mib=8269 running=9
EXTAB_EXIT screen=extab_Sleep_EDF_20_classical_latent_f12_s7 code=0
EXTAB_LAUNCH screen=extab_Sleep_EDF_20_quantum_depth_1_f1_s7 data=Sleep-EDF-20 variant=quantum_depth_1 fold=1
EXTAB_WAIT ram_mib=28872 vram_free_mib=8051 running=9
EXTAB_WAIT ram_mib=30221 vram_free_mib=7107 running=9
EXTAB_EXIT screen=extab_Sleep_EDF_20_classical_latent_f13_s7 code=0
EXTAB_LAUNCH screen=extab_Sleep_EDF_20_quantum_depth_1_f2_s7 data=Sleep-EDF-20 variant=quantum_depth_1 fold=2
EXTAB_WAIT ram_mib=28899 vram_free_mib=8049 running=9
EXTAB_WAIT ram_mib=30220 vram_free_mib=7107 running=9
EXTAB_EXIT screen=extab_Sleep_EDF_20_classical_latent_f15_s7 code=0
EXTAB_EXIT screen=extab_Sleep_EDF_20_classical_latent_f14_s7 code=0
EXTAB_LAUNCH screen=extab_Sleep_EDF_20_quantum_depth_1_f3_s7 data=Sleep-EDF-20 variant=quantum_depth_1 fold=3
EXTAB_LAUNCH screen=extab_Sleep_EDF_20_quantum_depth_1_f4_s7 data=Sleep-EDF-20 variant=quantum_depth_1 fold=4
EXTAB_WAIT ram_mib=28357 vram_free_mib=8375 running=9
EXTAB_WAIT ram_mib=30229 vram_free_mib=7107 running=9
EXTAB_WAIT ram_mib=30232 vram_free_mib=7103 running=9
EXTAB_WAIT ram_mib=30232 vram_free_mib=7103 running=9
EXTAB_WAIT ram_mib=30232 vram_free_mib=7103 running=9
EXTAB_WAIT ram_mib=30232 vram_free_mib=7103 running=9
EXTAB_WAIT ram_mib=30233 vram_free_mib=7103 running=9
EXTAB_WAIT ram_mib=30233 vram_free_mib=7103 running=9
EXTAB_WAIT ram_mib=30232 vram_free_mib=7103 running=9
EXTAB_WAIT ram_mib=30233 vram_free_mib=7103 running=9
EXTAB_WAIT ram_mib=30233 vram_free_mib=7103 running=9
EXTAB_EXIT screen=extab_Sleep_EDF_20_classical_latent_f16_s7 code=0
EXTAB_LAUNCH screen=extab_Sleep_EDF_20_quantum_depth_1_f5_s7 data=Sleep-EDF-20 variant=quantum_depth_1 fold=5
EXTAB_WAIT ram_mib=28973 vram_free_mib=8025 running=9
EXTAB_WAIT ram_mib=30237 vram_free_mib=7109 running=9
EXTAB_WAIT ram_mib=30237 vram_free_mib=7103 running=9
EXTAB_WAIT ram_mib=30238 vram_free_mib=7103 running=9
EXTAB_WAIT ram_mib=30238 vram_free_mib=7103 running=9
EXTAB_WAIT ram_mib=30238 vram_free_mib=7103 running=9
EXTAB_WAIT ram_mib=30238 vram_free_mib=7103 running=9
EXTAB_EXIT screen=extab_Sleep_EDF_20_classical_latent_f17_s7 code=0
EXTAB_EXIT screen=extab_Sleep_EDF_20_classical_latent_f18_s7 code=0
EXTAB_LAUNCH screen=extab_Sleep_EDF_20_quantum_depth_1_f6_s7 data=Sleep-EDF-20 variant=quantum_depth_1 fold=6
EXTAB_LAUNCH screen=extab_Sleep_EDF_20_quantum_depth_1_f7_s7 data=Sleep-EDF-20 variant=quantum_depth_1 fold=7
EXTAB_WAIT ram_mib=28294 vram_free_mib=8413 running=9
EXTAB_EXIT screen=extab_Sleep_EDF_20_classical_latent_f19_s7 code=0
EXTAB_LAUNCH screen=extab_Sleep_EDF_20_quantum_depth_1_f8_s7 data=Sleep-EDF-20 variant=quantum_depth_1 fold=8
EXTAB_WAIT ram_mib=28781 vram_free_mib=8103 running=9
EXTAB_WAIT ram_mib=30250 vram_free_mib=7105 running=9
EXTAB_WAIT ram_mib=30250 vram_free_mib=7099 running=9
EXTAB_WAIT ram_mib=30251 vram_free_mib=7099 running=9
EXTAB_WAIT ram_mib=30251 vram_free_mib=7099 running=9
EXTAB_WAIT ram_mib=30251 vram_free_mib=7099 running=9
EXTAB_WAIT ram_mib=30251 vram_free_mib=7099 running=9
EXTAB_WAIT ram_mib=30250 vram_free_mib=7099 running=9
EXTAB_EXIT screen=extab_Sleep_EDF_20_quantum_depth_1_f0_s7 code=0
EXTAB_LAUNCH screen=extab_Sleep_EDF_20_quantum_depth_1_f9_s7 data=Sleep-EDF-20 variant=quantum_depth_1 fold=9
EXTAB_WAIT ram_mib=28906 vram_free_mib=8093 running=9
EXTAB_EXIT screen=extab_Sleep_EDF_20_quantum_depth_1_f1_s7 code=0
EXTAB_LAUNCH screen=extab_Sleep_EDF_20_quantum_depth_1_f10_s7 data=Sleep-EDF-20 variant=quantum_depth_1 fold=10
EXTAB_WAIT ram_mib=28891 vram_free_mib=8053 running=9
EXTAB_WAIT ram_mib=30255 vram_free_mib=7101 running=9
EXTAB_WAIT ram_mib=30257 vram_free_mib=7097 running=9
EXTAB_EXIT screen=extab_Sleep_EDF_20_quantum_depth_1_f2_s7 code=0
EXTAB_EXIT screen=extab_Sleep_EDF_20_quantum_depth_1_f3_s7 code=0
EXTAB_LAUNCH screen=extab_Sleep_EDF_20_quantum_depth_1_f11_s7 data=Sleep-EDF-20 variant=quantum_depth_1 fold=11
EXTAB_LAUNCH screen=extab_Sleep_EDF_20_quantum_depth_1_f12_s7 data=Sleep-EDF-20 variant=quantum_depth_1 fold=12
EXTAB_WAIT ram_mib=28239 vram_free_mib=8455 running=9
EXTAB_WAIT ram_mib=30264 vram_free_mib=7099 running=9
EXTAB_EXIT screen=extab_Sleep_EDF_20_quantum_depth_1_f4_s7 code=0
EXTAB_LAUNCH screen=extab_Sleep_EDF_20_quantum_depth_1_f13_s7 data=Sleep-EDF-20 variant=quantum_depth_1 fold=13
EXTAB_WAIT ram_mib=28773 vram_free_mib=8107 running=9
EXTAB_WAIT ram_mib=30262 vram_free_mib=7099 running=9
EXTAB_WAIT ram_mib=30261 vram_free_mib=7097 running=9
EXTAB_WAIT ram_mib=30262 vram_free_mib=7097 running=9
EXTAB_WAIT ram_mib=30263 vram_free_mib=7097 running=9
EXTAB_WAIT ram_mib=30263 vram_free_mib=7097 running=9
EXTAB_WAIT ram_mib=30263 vram_free_mib=7097 running=9
EXTAB_WAIT ram_mib=30263 vram_free_mib=7097 running=9
EXTAB_WAIT ram_mib=30263 vram_free_mib=7097 running=9
EXTAB_WAIT ram_mib=30263 vram_free_mib=7097 running=9
EXTAB_WAIT ram_mib=30263 vram_free_mib=7097 running=9
EXTAB_WAIT ram_mib=30263 vram_free_mib=7097 running=9
EXTAB_WAIT ram_mib=30263 vram_free_mib=7097 running=9
EXTAB_EXIT screen=extab_Sleep_EDF_20_quantum_depth_1_f5_s7 code=0
EXTAB_LAUNCH screen=extab_Sleep_EDF_20_quantum_depth_1_f14_s7 data=Sleep-EDF-20 variant=quantum_depth_1 fold=14
EXTAB_WAIT ram_mib=28937 vram_free_mib=8075 running=9
EXTAB_WAIT ram_mib=30267 vram_free_mib=7103 running=9
EXTAB_WAIT ram_mib=30267 vram_free_mib=7097 running=9
EXTAB_WAIT ram_mib=30268 vram_free_mib=7097 running=9
EXTAB_WAIT ram_mib=30267 vram_free_mib=7097 running=9
EXTAB_WAIT ram_mib=30268 vram_free_mib=7097 running=9
EXTAB_WAIT ram_mib=30267 vram_free_mib=7097 running=9
EXTAB_WAIT ram_mib=30267 vram_free_mib=7097 running=9
EXTAB_EXIT screen=extab_Sleep_EDF_20_quantum_depth_1_f6_s7 code=0
EXTAB_EXIT screen=extab_Sleep_EDF_20_quantum_depth_1_f7_s7 code=0
EXTAB_LAUNCH screen=extab_Sleep_EDF_20_quantum_depth_1_f15_s7 data=Sleep-EDF-20 variant=quantum_depth_1 fold=15
EXTAB_LAUNCH screen=extab_Sleep_EDF_20_quantum_depth_1_f16_s7 data=Sleep-EDF-20 variant=quantum_depth_1 fold=16
EXTAB_WAIT ram_mib=28341 vram_free_mib=8387 running=9
EXTAB_EXIT screen=extab_Sleep_EDF_20_quantum_depth_1_f8_s7 code=0
EXTAB_LAUNCH screen=extab_Sleep_EDF_20_quantum_depth_1_f17_s7 data=Sleep-EDF-20 variant=quantum_depth_1 fold=17
EXTAB_WAIT ram_mib=28855 vram_free_mib=8079 running=9
EXTAB_WAIT ram_mib=30264 vram_free_mib=7103 running=9
EXTAB_WAIT ram_mib=30264 vram_free_mib=7097 running=9
EXTAB_EXIT screen=extab_Sleep_EDF_20_quantum_depth_1_f10_s7 code=0
EXTAB_LAUNCH screen=extab_Sleep_EDF_20_quantum_depth_1_f18_s7 data=Sleep-EDF-20 variant=quantum_depth_1 fold=18
EXTAB_WAIT ram_mib=28882 vram_free_mib=8065 running=9
EXTAB_WAIT ram_mib=30264 vram_free_mib=7101 running=9
EXTAB_WAIT ram_mib=30264 vram_free_mib=7097 running=9
EXTAB_WAIT ram_mib=30264 vram_free_mib=7097 running=9
EXTAB_EXIT screen=extab_Sleep_EDF_20_quantum_depth_1_f9_s7 code=0
EXTAB_LAUNCH screen=extab_Sleep_EDF_20_quantum_depth_1_f19_s7 data=Sleep-EDF-20 variant=quantum_depth_1 fold=19
EXTAB_WAIT ram_mib=28931 vram_free_mib=8043 running=9
EXTAB_WAIT ram_mib=30267 vram_free_mib=7099 running=9
EXTAB_WAIT ram_mib=30267 vram_free_mib=7097 running=9
EXTAB_WAIT ram_mib=30267 vram_free_mib=7095 running=9
EXTAB_WAIT ram_mib=30267 vram_free_mib=7095 running=9
EXTAB_EXIT screen=extab_Sleep_EDF_20_quantum_depth_1_f13_s7 code=0
EXTAB_EXIT screen=extab_Sleep_EDF_20_quantum_depth_1_f11_s7 code=0
EXTAB_EXIT screen=extab_Sleep_EDF_20_quantum_depth_1_f12_s7 code=0
EXTAB_LAUNCH screen=extab_Sleep_EDF_20_quantum_depth_3_f0_s7 data=Sleep-EDF-20 variant=quantum_depth_3 fold=0
EXTAB_LAUNCH screen=extab_Sleep_EDF_20_quantum_depth_3_f1_s7 data=Sleep-EDF-20 variant=quantum_depth_3 fold=1
EXTAB_LAUNCH screen=extab_Sleep_EDF_20_quantum_depth_3_f2_s7 data=Sleep-EDF-20 variant=quantum_depth_3 fold=2
EXTAB_LAUNCH screen=extab_Sleep_EDF_20_quantum_depth_3_f3_s7 data=Sleep-EDF-20 variant=quantum_depth_3 fold=3
EXTAB_WAIT ram_mib=30485 vram_free_mib=6638 running=10
EXTAB_WAIT ram_mib=32767 vram_free_mib=5198 running=10
EXTAB_WAIT ram_mib=32765 vram_free_mib=5190 running=10
EXTAB_WAIT ram_mib=32763 vram_free_mib=5190 running=10
EXTAB_WAIT ram_mib=32764 vram_free_mib=5190 running=10
EXTAB_WAIT ram_mib=32764 vram_free_mib=5190 running=10
EXTAB_WAIT ram_mib=32764 vram_free_mib=5190 running=10
EXTAB_WAIT ram_mib=32764 vram_free_mib=5190 running=10
EXTAB_WAIT ram_mib=32764 vram_free_mib=5190 running=10
EXTAB_WAIT ram_mib=32764 vram_free_mib=5190 running=10
EXTAB_WAIT ram_mib=32764 vram_free_mib=5190 running=10
EXTAB_WAIT ram_mib=32763 vram_free_mib=5190 running=10
EXTAB_WAIT ram_mib=32763 vram_free_mib=5190 running=10
EXTAB_WAIT ram_mib=32764 vram_free_mib=5190 running=10
EXTAB_WAIT ram_mib=32764 vram_free_mib=5190 running=10
EXTAB_WAIT ram_mib=32763 vram_free_mib=5190 running=10
EXTAB_WAIT ram_mib=32759 vram_free_mib=5190 running=10
EXTAB_WAIT ram_mib=32759 vram_free_mib=5190 running=10
EXTAB_WAIT ram_mib=32759 vram_free_mib=5190 running=10
EXTAB_EXIT screen=extab_Sleep_EDF_20_quantum_depth_1_f14_s7 code=0
EXTAB_WAIT ram_mib=30222 vram_free_mib=7097 running=9
EXTAB_WAIT ram_mib=30222 vram_free_mib=7097 running=9
EXTAB_WAIT ram_mib=30222 vram_free_mib=7097 running=9
EXTAB_WAIT ram_mib=30222 vram_free_mib=7097 running=9
EXTAB_WAIT ram_mib=30222 vram_free_mib=7097 running=9
EXTAB_WAIT ram_mib=30222 vram_free_mib=7097 running=9
EXTAB_WAIT ram_mib=30223 vram_free_mib=7097 running=9
EXTAB_WAIT ram_mib=30222 vram_free_mib=7097 running=9
EXTAB_WAIT ram_mib=30222 vram_free_mib=7097 running=9
EXTAB_WAIT ram_mib=30223 vram_free_mib=7097 running=9
EXTAB_EXIT screen=extab_Sleep_EDF_20_quantum_depth_1_f15_s7 code=0
EXTAB_EXIT screen=extab_Sleep_EDF_20_quantum_depth_1_f16_s7 code=0
EXTAB_LAUNCH screen=extab_Sleep_EDF_20_quantum_depth_3_f4_s7 data=Sleep-EDF-20 variant=quantum_depth_3 fold=4
EXTAB_LAUNCH screen=extab_Sleep_EDF_20_quantum_depth_3_f5_s7 data=Sleep-EDF-20 variant=quantum_depth_3 fold=5
EXTAB_LAUNCH screen=extab_Sleep_EDF_20_quantum_depth_3_f6_s7 data=Sleep-EDF-20 variant=quantum_depth_3 fold=6
EXTAB_LAUNCH screen=extab_Sleep_EDF_20_quantum_depth_3_f7_s7 data=Sleep-EDF-20 variant=quantum_depth_3 fold=7
EXTAB_WAIT ram_mib=29917 vram_free_mib=6948 running=11
EXTAB_EXIT screen=extab_Sleep_EDF_20_quantum_depth_1_f17_s7 code=0
EXTAB_EXIT screen=extab_Sleep_EDF_20_quantum_depth_1_f18_s7 code=0
EXTAB_WAIT ram_mib=30223 vram_free_mib=7107 running=9
EXTAB_WAIT ram_mib=30225 vram_free_mib=7097 running=9
EXTAB_WAIT ram_mib=30226 vram_free_mib=7095 running=9
EXTAB_WAIT ram_mib=30227 vram_free_mib=7095 running=9
EXTAB_WAIT ram_mib=30227 vram_free_mib=7095 running=9
EXTAB_WAIT ram_mib=30227 vram_free_mib=7095 running=9
EXTAB_WAIT ram_mib=30227 vram_free_mib=7095 running=9
EXTAB_WAIT ram_mib=30227 vram_free_mib=7095 running=9
EXTAB_WAIT ram_mib=30227 vram_free_mib=7095 running=9
EXTAB_WAIT ram_mib=30227 vram_free_mib=7095 running=9
EXTAB_WAIT ram_mib=30227 vram_free_mib=7095 running=9
EXTAB_EXIT screen=extab_Sleep_EDF_20_quantum_depth_1_f19_s7 code=0
EXTAB_LAUNCH screen=extab_Sleep_EDF_20_quantum_depth_3_f8_s7 data=Sleep-EDF-20 variant=quantum_depth_3 fold=8
EXTAB_WAIT ram_mib=28645 vram_free_mib=8147 running=9
EXTAB_WAIT ram_mib=30232 vram_free_mib=7097 running=9
EXTAB_WAIT ram_mib=30232 vram_free_mib=7091 running=9
EXTAB_WAIT ram_mib=30232 vram_free_mib=7091 running=9
EXTAB_WAIT ram_mib=30232 vram_free_mib=7091 running=9
EXTAB_WAIT ram_mib=30232 vram_free_mib=7091 running=9
EXTAB_WAIT ram_mib=30232 vram_free_mib=7091 running=9
EXTAB_WAIT ram_mib=30233 vram_free_mib=7091 running=9
EXTAB_WAIT ram_mib=30233 vram_free_mib=7091 running=9
EXTAB_WAIT ram_mib=30232 vram_free_mib=7091 running=9
EXTAB_WAIT ram_mib=30233 vram_free_mib=7091 running=9
EXTAB_WAIT ram_mib=30233 vram_free_mib=7091 running=9
EXTAB_WAIT ram_mib=30232 vram_free_mib=7091 running=9
EXTAB_WAIT ram_mib=30233 vram_free_mib=7091 running=9
EXTAB_WAIT ram_mib=30233 vram_free_mib=7091 running=9
EXTAB_WAIT ram_mib=30232 vram_free_mib=7091 running=9
EXTAB_WAIT ram_mib=30233 vram_free_mib=7091 running=9
EXTAB_EXIT screen=extab_Sleep_EDF_20_quantum_depth_3_f0_s7 code=0
EXTAB_LAUNCH screen=extab_Sleep_EDF_20_quantum_depth_3_f9_s7 data=Sleep-EDF-20 variant=quantum_depth_3 fold=9
EXTAB_WAIT ram_mib=28594 vram_free_mib=8175 running=9
EXTAB_EXIT screen=extab_Sleep_EDF_20_quantum_depth_3_f1_s7 code=0
EXTAB_LAUNCH screen=extab_Sleep_EDF_20_quantum_depth_3_f10_s7 data=Sleep-EDF-20 variant=quantum_depth_3 fold=10
EXTAB_WAIT ram_mib=28554 vram_free_mib=8193 running=9
EXTAB_EXIT screen=extab_Sleep_EDF_20_quantum_depth_3_f2_s7 code=0
EXTAB_EXIT screen=extab_Sleep_EDF_20_quantum_depth_3_f3_s7 code=0
EXTAB_LAUNCH screen=extab_Sleep_EDF_20_quantum_depth_3_f11_s7 data=Sleep-EDF-20 variant=quantum_depth_3 fold=11
EXTAB_LAUNCH screen=extab_Sleep_EDF_20_quantum_depth_3_f12_s7 data=Sleep-EDF-20 variant=quantum_depth_3 fold=12
EXTAB_LAUNCH screen=extab_Sleep_EDF_20_quantum_depth_3_f13_s7 data=Sleep-EDF-20 variant=quantum_depth_3 fold=13
EXTAB_WAIT ram_mib=29816 vram_free_mib=6998 running=10
EXTAB_WAIT ram_mib=32767 vram_free_mib=5184 running=10
EXTAB_WAIT ram_mib=32766 vram_free_mib=5182 running=10
EXTAB_WAIT ram_mib=32765 vram_free_mib=5182 running=10
EXTAB_WAIT ram_mib=32764 vram_free_mib=5182 running=10
EXTAB_WAIT ram_mib=32764 vram_free_mib=5182 running=10
EXTAB_WAIT ram_mib=32764 vram_free_mib=5180 running=10
EXTAB_WAIT ram_mib=32764 vram_free_mib=5180 running=10
EXTAB_WAIT ram_mib=32764 vram_free_mib=5180 running=10
EXTAB_WAIT ram_mib=32763 vram_free_mib=5180 running=10
EXTAB_WAIT ram_mib=32764 vram_free_mib=5180 running=10
EXTAB_WAIT ram_mib=32764 vram_free_mib=5180 running=10
EXTAB_WAIT ram_mib=32764 vram_free_mib=5180 running=10
EXTAB_WAIT ram_mib=32764 vram_free_mib=5180 running=10
EXTAB_WAIT ram_mib=32764 vram_free_mib=5180 running=10
EXTAB_WAIT ram_mib=32764 vram_free_mib=5180 running=10
EXTAB_WAIT ram_mib=32763 vram_free_mib=5180 running=10
EXTAB_WAIT ram_mib=32763 vram_free_mib=5180 running=10
EXTAB_WAIT ram_mib=32764 vram_free_mib=5180 running=10
EXTAB_EXIT screen=extab_Sleep_EDF_20_quantum_depth_3_f6_s7 code=0
EXTAB_WAIT ram_mib=30225 vram_free_mib=7085 running=9
EXTAB_WAIT ram_mib=30225 vram_free_mib=7085 running=9
EXTAB_WAIT ram_mib=30225 vram_free_mib=7085 running=9
EXTAB_WAIT ram_mib=30225 vram_free_mib=7085 running=9
EXTAB_WAIT ram_mib=30225 vram_free_mib=7085 running=9
EXTAB_WAIT ram_mib=30225 vram_free_mib=7085 running=9
EXTAB_WAIT ram_mib=30224 vram_free_mib=7085 running=9
EXTAB_WAIT ram_mib=30225 vram_free_mib=7085 running=9
EXTAB_WAIT ram_mib=30224 vram_free_mib=7085 running=9
EXTAB_WAIT ram_mib=30225 vram_free_mib=7085 running=9
EXTAB_WAIT ram_mib=30225 vram_free_mib=7085 running=9
EXTAB_WAIT ram_mib=30225 vram_free_mib=7085 running=9
EXTAB_WAIT ram_mib=30225 vram_free_mib=7085 running=9
EXTAB_EXIT screen=extab_Sleep_EDF_20_quantum_depth_3_f4_s7 code=0
EXTAB_LAUNCH screen=extab_Sleep_EDF_20_quantum_depth_3_f14_s7 data=Sleep-EDF-20 variant=quantum_depth_3 fold=14
EXTAB_WAIT ram_mib=28573 vram_free_mib=8179 running=9
EXTAB_WAIT ram_mib=30235 vram_free_mib=7091 running=9
EXTAB_WAIT ram_mib=30236 vram_free_mib=7087 running=9
EXTAB_EXIT screen=extab_Sleep_EDF_20_quantum_depth_3_f5_s7 code=0
EXTAB_EXIT screen=extab_Sleep_EDF_20_quantum_depth_3_f7_s7 code=0
EXTAB_LAUNCH screen=extab_Sleep_EDF_20_quantum_depth_3_f15_s7 data=Sleep-EDF-20 variant=quantum_depth_3 fold=15
EXTAB_LAUNCH screen=extab_Sleep_EDF_20_quantum_depth_3_f16_s7 data=Sleep-EDF-20 variant=quantum_depth_3 fold=16
EXTAB_LAUNCH screen=extab_Sleep_EDF_20_quantum_depth_3_f17_s7 data=Sleep-EDF-20 variant=quantum_depth_3 fold=17
EXTAB_WAIT ram_mib=29643 vram_free_mib=7068 running=10
EXTAB_WAIT ram_mib=32767 vram_free_mib=5188 running=10
EXTAB_WAIT ram_mib=32766 vram_free_mib=5184 running=10
EXTAB_WAIT ram_mib=32765 vram_free_mib=5180 running=10
EXTAB_WAIT ram_mib=32764 vram_free_mib=5178 running=10
EXTAB_WAIT ram_mib=32765 vram_free_mib=5178 running=10
EXTAB_WAIT ram_mib=32763 vram_free_mib=5178 running=10
EXTAB_WAIT ram_mib=32764 vram_free_mib=5178 running=10
EXTAB_WAIT ram_mib=32764 vram_free_mib=5178 running=10
EXTAB_WAIT ram_mib=32764 vram_free_mib=5176 running=10
EXTAB_WAIT ram_mib=32764 vram_free_mib=5176 running=10
EXTAB_WAIT ram_mib=32764 vram_free_mib=5176 running=10
EXTAB_WAIT ram_mib=32764 vram_free_mib=5176 running=10
EXTAB_EXIT screen=extab_Sleep_EDF_20_quantum_depth_3_f8_s7 code=0
EXTAB_WAIT ram_mib=30219 vram_free_mib=7089 running=9
EXTAB_WAIT ram_mib=30219 vram_free_mib=7089 running=9
EXTAB_WAIT ram_mib=30219 vram_free_mib=7089 running=9
EXTAB_WAIT ram_mib=30219 vram_free_mib=7089 running=9
EXTAB_WAIT ram_mib=30219 vram_free_mib=7089 running=9
EXTAB_EXIT screen=extab_Sleep_EDF_20_quantum_depth_3_f9_s7 code=0
EXTAB_LAUNCH screen=extab_Sleep_EDF_20_quantum_depth_3_f18_s7 data=Sleep-EDF-20 variant=quantum_depth_3 fold=18
EXTAB_WAIT ram_mib=28584 vram_free_mib=8167 running=9
EXTAB_WAIT ram_mib=30221 vram_free_mib=7093 running=9
EXTAB_WAIT ram_mib=30220 vram_free_mib=7093 running=9
EXTAB_WAIT ram_mib=30221 vram_free_mib=7091 running=9
EXTAB_WAIT ram_mib=30221 vram_free_mib=7091 running=9
EXTAB_WAIT ram_mib=30222 vram_free_mib=7091 running=9
EXTAB_WAIT ram_mib=30221 vram_free_mib=7091 running=9
EXTAB_WAIT ram_mib=30221 vram_free_mib=7091 running=9
EXTAB_WAIT ram_mib=30221 vram_free_mib=7091 running=9
EXTAB_WAIT ram_mib=30221 vram_free_mib=7091 running=9
EXTAB_WAIT ram_mib=30221 vram_free_mib=7091 running=9
EXTAB_WAIT ram_mib=30215 vram_free_mib=7245 running=9
EXTAB_EXIT screen=extab_Sleep_EDF_20_quantum_depth_3_f11_s7 code=0
EXTAB_LAUNCH screen=extab_Sleep_EDF_20_quantum_depth_3_f19_s7 data=Sleep-EDF-20 variant=quantum_depth_3 fold=19
EXTAB_WAIT ram_mib=28586 vram_free_mib=8171 running=9
EXTAB_LAUNCH screen=extab_Sleep_EDF_20_no_entanglement_f0_s7 data=Sleep-EDF-20 variant=no_entanglement fold=0
EXTAB_WAIT ram_mib=28472 vram_free_mib=8227 running=10
EXTAB_EXIT screen=extab_Sleep_EDF_20_quantum_depth_3_f10_s7 code=0
EXTAB_WAIT ram_mib=30215 vram_free_mib=7095 running=9
EXTAB_EXIT screen=extab_Sleep_EDF_20_quantum_depth_3_f12_s7 code=0
EXTAB_LAUNCH screen=extab_Sleep_EDF_20_no_entanglement_f1_s7 data=Sleep-EDF-20 variant=no_entanglement fold=1
EXTAB_WAIT ram_mib=28561 vram_free_mib=8179 running=9
EXTAB_WAIT ram_mib=30223 vram_free_mib=7095 running=9
EXTAB_EXIT screen=extab_Sleep_EDF_20_quantum_depth_3_f13_s7 code=0
EXTAB_LAUNCH screen=extab_Sleep_EDF_20_no_entanglement_f2_s7 data=Sleep-EDF-20 variant=no_entanglement fold=2
EXTAB_WAIT ram_mib=28707 vram_free_mib=8133 running=9
EXTAB_WAIT ram_mib=30230 vram_free_mib=7097 running=9
EXTAB_WAIT ram_mib=30230 vram_free_mib=7095 running=9
EXTAB_WAIT ram_mib=30231 vram_free_mib=7093 running=9
EXTAB_WAIT ram_mib=30231 vram_free_mib=7093 running=9
EXTAB_WAIT ram_mib=30230 vram_free_mib=7093 running=9
EXTAB_WAIT ram_mib=30230 vram_free_mib=7093 running=9
EXTAB_WAIT ram_mib=30231 vram_free_mib=7093 running=9
EXTAB_WAIT ram_mib=30231 vram_free_mib=7093 running=9
EXTAB_WAIT ram_mib=30231 vram_free_mib=7093 running=9
EXTAB_WAIT ram_mib=30231 vram_free_mib=7093 running=9
EXTAB_WAIT ram_mib=30231 vram_free_mib=7093 running=9
EXTAB_WAIT ram_mib=30231 vram_free_mib=7093 running=9
EXTAB_WAIT ram_mib=30231 vram_free_mib=7093 running=9
EXTAB_WAIT ram_mib=30231 vram_free_mib=7093 running=9
EXTAB_WAIT ram_mib=30231 vram_free_mib=7093 running=9
EXTAB_WAIT ram_mib=30232 vram_free_mib=7093 running=9
EXTAB_WAIT ram_mib=30231 vram_free_mib=7093 running=9
EXTAB_WAIT ram_mib=30232 vram_free_mib=7093 running=9
EXTAB_WAIT ram_mib=30231 vram_free_mib=7093 running=9
EXTAB_WAIT ram_mib=30231 vram_free_mib=7093 running=9
EXTAB_WAIT ram_mib=30231 vram_free_mib=7093 running=9
EXTAB_WAIT ram_mib=30232 vram_free_mib=7093 running=9
EXTAB_WAIT ram_mib=30231 vram_free_mib=7093 running=9
EXTAB_WAIT ram_mib=30231 vram_free_mib=7093 running=9
EXTAB_WAIT ram_mib=30231 vram_free_mib=7093 running=9
EXTAB_EXIT screen=extab_Sleep_EDF_20_quantum_depth_3_f14_s7 code=0
EXTAB_LAUNCH screen=extab_Sleep_EDF_20_no_entanglement_f3_s7 data=Sleep-EDF-20 variant=no_entanglement fold=3
EXTAB_WAIT ram_mib=28560 vram_free_mib=8187 running=9
EXTAB_EXIT screen=extab_Sleep_EDF_20_quantum_depth_3_f16_s7 code=0
EXTAB_LAUNCH screen=extab_Sleep_EDF_20_no_entanglement_f4_s7 data=Sleep-EDF-20 variant=no_entanglement fold=4
EXTAB_WAIT ram_mib=28553 vram_free_mib=8201 running=9
EXTAB_WAIT ram_mib=30230 vram_free_mib=7095 running=9
EXTAB_EXIT screen=extab_Sleep_EDF_20_quantum_depth_3_f15_s7 code=0
EXTAB_EXIT screen=extab_Sleep_EDF_20_quantum_depth_3_f17_s7 code=0
EXTAB_LAUNCH screen=extab_Sleep_EDF_20_no_entanglement_f5_s7 data=Sleep-EDF-20 variant=no_entanglement fold=5
EXTAB_LAUNCH screen=extab_Sleep_EDF_20_no_entanglement_f6_s7 data=Sleep-EDF-20 variant=no_entanglement fold=6
EXTAB_LAUNCH screen=extab_Sleep_EDF_20_no_entanglement_f7_s7 data=Sleep-EDF-20 variant=no_entanglement fold=7
EXTAB_WAIT ram_mib=29885 vram_free_mib=6980 running=10
EXTAB_WAIT ram_mib=32767 vram_free_mib=5196 running=10
EXTAB_WAIT ram_mib=32764 vram_free_mib=5192 running=10
EXTAB_WAIT ram_mib=32764 vram_free_mib=5192 running=10
EXTAB_WAIT ram_mib=32764 vram_free_mib=5192 running=10
EXTAB_WAIT ram_mib=32764 vram_free_mib=5192 running=10
EXTAB_WAIT ram_mib=32765 vram_free_mib=5192 running=10
EXTAB_WAIT ram_mib=32763 vram_free_mib=5192 running=10
EXTAB_WAIT ram_mib=32763 vram_free_mib=5192 running=10
EXTAB_WAIT ram_mib=32763 vram_free_mib=5192 running=10
EXTAB_WAIT ram_mib=32764 vram_free_mib=5192 running=10
EXTAB_EXIT screen=extab_Sleep_EDF_20_no_entanglement_f0_s7 code=0
EXTAB_WAIT ram_mib=30229 vram_free_mib=7099 running=9
EXTAB_WAIT ram_mib=30228 vram_free_mib=7099 running=9
EXTAB_WAIT ram_mib=30228 vram_free_mib=7099 running=9
EXTAB_EXIT screen=extab_Sleep_EDF_20_quantum_depth_3_f18_s7 code=0
EXTAB_LAUNCH screen=extab_Sleep_EDF_20_no_entanglement_f8_s7 data=Sleep-EDF-20 variant=no_entanglement fold=8
EXTAB_WAIT ram_mib=28712 vram_free_mib=8133 running=9
EXTAB_WAIT ram_mib=30232 vram_free_mib=7097 running=9
EXTAB_WAIT ram_mib=30233 vram_free_mib=7093 running=9
EXTAB_WAIT ram_mib=30233 vram_free_mib=7093 running=9
EXTAB_WAIT ram_mib=30232 vram_free_mib=7093 running=9
EXTAB_WAIT ram_mib=30232 vram_free_mib=7093 running=9
EXTAB_WAIT ram_mib=30233 vram_free_mib=7093 running=9
EXTAB_WAIT ram_mib=30232 vram_free_mib=7093 running=9
EXTAB_WAIT ram_mib=30233 vram_free_mib=7093 running=9
EXTAB_EXIT screen=extab_Sleep_EDF_20_no_entanglement_f1_s7 code=0
EXTAB_LAUNCH screen=extab_Sleep_EDF_20_no_entanglement_f9_s7 data=Sleep-EDF-20 variant=no_entanglement fold=9
EXTAB_WAIT ram_mib=28647 vram_free_mib=8145 running=9
EXTAB_WAIT ram_mib=30230 vram_free_mib=7093 running=9
EXTAB_EXIT screen=extab_Sleep_EDF_20_quantum_depth_3_f19_s7 code=0
EXTAB_EXIT screen=extab_Sleep_EDF_20_no_entanglement_f2_s7 code=0
EXTAB_LAUNCH screen=extab_Sleep_EDF_20_no_entanglement_f10_s7 data=Sleep-EDF-20 variant=no_entanglement fold=10
EXTAB_LAUNCH screen=extab_Sleep_EDF_20_no_entanglement_f11_s7 data=Sleep-EDF-20 variant=no_entanglement fold=11
EXTAB_LAUNCH screen=extab_Sleep_EDF_20_no_entanglement_f12_s7 data=Sleep-EDF-20 variant=no_entanglement fold=12
EXTAB_WAIT ram_mib=29859 vram_free_mib=6964 running=10
EXTAB_WAIT ram_mib=32767 vram_free_mib=5186 running=10
EXTAB_WAIT ram_mib=32766 vram_free_mib=5184 running=10
EXTAB_WAIT ram_mib=32765 vram_free_mib=5184 running=10
EXTAB_WAIT ram_mib=32765 vram_free_mib=5184 running=10
EXTAB_WAIT ram_mib=32764 vram_free_mib=5184 running=10
EXTAB_WAIT ram_mib=32759 vram_free_mib=5184 running=10
EXTAB_WAIT ram_mib=32759 vram_free_mib=5184 running=10
EXTAB_WAIT ram_mib=32760 vram_free_mib=5184 running=10
EXTAB_WAIT ram_mib=32760 vram_free_mib=5184 running=10
EXTAB_WAIT ram_mib=32760 vram_free_mib=5184 running=10
EXTAB_WAIT ram_mib=32760 vram_free_mib=5184 running=10
EXTAB_WAIT ram_mib=32760 vram_free_mib=5184 running=10
EXTAB_WAIT ram_mib=32760 vram_free_mib=5184 running=10
EXTAB_WAIT ram_mib=32760 vram_free_mib=5184 running=10
EXTAB_WAIT ram_mib=32760 vram_free_mib=5184 running=10
EXTAB_WAIT ram_mib=32760 vram_free_mib=5184 running=10
EXTAB_WAIT ram_mib=32760 vram_free_mib=5184 running=10
EXTAB_WAIT ram_mib=32760 vram_free_mib=5184 running=10
EXTAB_WAIT ram_mib=32760 vram_free_mib=5184 running=10
EXTAB_WAIT ram_mib=32761 vram_free_mib=5184 running=10
EXTAB_WAIT ram_mib=32760 vram_free_mib=5184 running=10
EXTAB_EXIT screen=extab_Sleep_EDF_20_no_entanglement_f4_s7 code=0
EXTAB_WAIT ram_mib=30220 vram_free_mib=7093 running=9
EXTAB_WAIT ram_mib=30220 vram_free_mib=7093 running=9
EXTAB_WAIT ram_mib=30220 vram_free_mib=7093 running=9
EXTAB_EXIT screen=extab_Sleep_EDF_20_no_entanglement_f3_s7 code=0
EXTAB_LAUNCH screen=extab_Sleep_EDF_20_no_entanglement_f13_s7 data=Sleep-EDF-20 variant=no_entanglement fold=13
EXTAB_WAIT ram_mib=28754 vram_free_mib=8099 running=9
EXTAB_WAIT ram_mib=30218 vram_free_mib=7095 running=9
EXTAB_EXIT screen=extab_Sleep_EDF_20_no_entanglement_f6_s7 code=0
EXTAB_LAUNCH screen=extab_Sleep_EDF_20_no_entanglement_f14_s7 data=Sleep-EDF-20 variant=no_entanglement fold=14
EXTAB_LAUNCH screen=extab_Sleep_EDF_20_no_entanglement_f15_s7 data=Sleep-EDF-20 variant=no_entanglement fold=15
EXTAB_LAUNCH screen=extab_Sleep_EDF_20_no_entanglement_f16_s7 data=Sleep-EDF-20 variant=no_entanglement fold=16
EXTAB_LAUNCH screen=extab_Sleep_EDF_20_no_entanglement_f17_s7 data=Sleep-EDF-20 variant=no_entanglement fold=17
EXTAB_EXIT screen=extab_Sleep_EDF_20_no_entanglement_f5_s7 code=0
EXTAB_EXIT screen=extab_Sleep_EDF_20_no_entanglement_f7_s7 code=0
EXTAB_WAIT ram_mib=32762 vram_free_mib=5188 running=10
EXTAB_WAIT ram_mib=32763 vram_free_mib=5184 running=10
EXTAB_WAIT ram_mib=32764 vram_free_mib=5184 running=10
EXTAB_WAIT ram_mib=32764 vram_free_mib=5184 running=10
EXTAB_WAIT ram_mib=32763 vram_free_mib=5184 running=10
EXTAB_WAIT ram_mib=32764 vram_free_mib=5184 running=10
EXTAB_WAIT ram_mib=32764 vram_free_mib=5184 running=10
EXTAB_WAIT ram_mib=32765 vram_free_mib=5184 running=10
EXTAB_WAIT ram_mib=32763 vram_free_mib=5184 running=10
EXTAB_WAIT ram_mib=32763 vram_free_mib=5184 running=10
EXTAB_WAIT ram_mib=32759 vram_free_mib=5184 running=10
EXTAB_WAIT ram_mib=32758 vram_free_mib=5184 running=10
EXTAB_WAIT ram_mib=32758 vram_free_mib=5184 running=10
EXTAB_EXIT screen=extab_Sleep_EDF_20_no_entanglement_f8_s7 code=0
EXTAB_WAIT ram_mib=30215 vram_free_mib=7095 running=9
EXTAB_WAIT ram_mib=30216 vram_free_mib=7095 running=9
EXTAB_WAIT ram_mib=30216 vram_free_mib=7095 running=9
EXTAB_WAIT ram_mib=30216 vram_free_mib=7095 running=9
EXTAB_WAIT ram_mib=30216 vram_free_mib=7095 running=9
EXTAB_WAIT ram_mib=30217 vram_free_mib=7095 running=9
EXTAB_WAIT ram_mib=30217 vram_free_mib=7095 running=9
EXTAB_LAUNCH screen=extab_Sleep_EDF_20_no_entanglement_f18_s7 data=Sleep-EDF-20 variant=no_entanglement fold=18
EXTAB_WAIT ram_mib=28662 vram_free_mib=8133 running=10
EXTAB_EXIT screen=extab_Sleep_EDF_20_no_entanglement_f12_s7 code=0
EXTAB_WAIT ram_mib=30222 vram_free_mib=7099 running=9
EXTAB_EXIT screen=extab_Sleep_EDF_20_no_entanglement_f9_s7 code=0
EXTAB_LAUNCH screen=extab_Sleep_EDF_20_no_entanglement_f19_s7 data=Sleep-EDF-20 variant=no_entanglement fold=19
EXTAB_WAIT ram_mib=28736 vram_free_mib=8119 running=9
EXTAB_WAIT ram_mib=30229 vram_free_mib=7097 running=9
EXTAB_EXIT screen=extab_Sleep_EDF_20_no_entanglement_f10_s7 code=0
EXTAB_EXIT screen=extab_Sleep_EDF_20_no_entanglement_f11_s7 code=0
EXTAB_LAUNCH screen=extab_Sleep_EDF_20_linear_entanglement_f0_s7 data=Sleep-EDF-20 variant=linear_entanglement fold=0
EXTAB_LAUNCH screen=extab_Sleep_EDF_20_linear_entanglement_f1_s7 data=Sleep-EDF-20 variant=linear_entanglement fold=1
EXTAB_LAUNCH screen=extab_Sleep_EDF_20_linear_entanglement_f2_s7 data=Sleep-EDF-20 variant=linear_entanglement fold=2
EXTAB_WAIT ram_mib=29914 vram_free_mib=6962 running=10
EXTAB_WAIT ram_mib=32767 vram_free_mib=5198 running=10
EXTAB_WAIT ram_mib=32765 vram_free_mib=5194 running=10
EXTAB_WAIT ram_mib=32764 vram_free_mib=5192 running=10
EXTAB_WAIT ram_mib=32764 vram_free_mib=5192 running=10
EXTAB_WAIT ram_mib=32764 vram_free_mib=5192 running=10
EXTAB_WAIT ram_mib=32764 vram_free_mib=5192 running=10
EXTAB_WAIT ram_mib=32760 vram_free_mib=5192 running=10
EXTAB_WAIT ram_mib=32760 vram_free_mib=5192 running=10
EXTAB_WAIT ram_mib=32760 vram_free_mib=5192 running=10
EXTAB_WAIT ram_mib=32760 vram_free_mib=5192 running=10
EXTAB_WAIT ram_mib=32760 vram_free_mib=5192 running=10
EXTAB_WAIT ram_mib=32760 vram_free_mib=5192 running=10
EXTAB_WAIT ram_mib=32760 vram_free_mib=5192 running=10
EXTAB_WAIT ram_mib=32760 vram_free_mib=5192 running=10
EXTAB_WAIT ram_mib=32760 vram_free_mib=5192 running=10
EXTAB_WAIT ram_mib=32760 vram_free_mib=5192 running=10
EXTAB_WAIT ram_mib=32760 vram_free_mib=5192 running=10
EXTAB_WAIT ram_mib=32760 vram_free_mib=5192 running=10
EXTAB_WAIT ram_mib=32759 vram_free_mib=5192 running=10
EXTAB_WAIT ram_mib=32761 vram_free_mib=5192 running=10
EXTAB_WAIT ram_mib=32760 vram_free_mib=5192 running=10
EXTAB_WAIT ram_mib=32760 vram_free_mib=5192 running=10
EXTAB_WAIT ram_mib=32761 vram_free_mib=5192 running=10
EXTAB_WAIT ram_mib=32761 vram_free_mib=5192 running=10
EXTAB_WAIT ram_mib=32760 vram_free_mib=5192 running=10
EXTAB_WAIT ram_mib=32760 vram_free_mib=5192 running=10
EXTAB_EXIT screen=extab_Sleep_EDF_20_no_entanglement_f13_s7 code=0
EXTAB_EXIT screen=extab_Sleep_EDF_20_no_entanglement_f16_s7 code=0
EXTAB_LAUNCH screen=extab_Sleep_EDF_20_linear_entanglement_f3_s7 data=Sleep-EDF-20 variant=linear_entanglement fold=3
EXTAB_WAIT ram_mib=28655 vram_free_mib=8139 running=9
EXTAB_EXIT screen=extab_Sleep_EDF_20_no_entanglement_f17_s7 code=0
EXTAB_EXIT screen=extab_Sleep_EDF_20_no_entanglement_f15_s7 code=0
EXTAB_EXIT screen=extab_Sleep_EDF_20_no_entanglement_f14_s7 code=0
EXTAB_LAUNCH screen=extab_Sleep_EDF_20_linear_entanglement_f4_s7 data=Sleep-EDF-20 variant=linear_entanglement fold=4
EXTAB_LAUNCH screen=extab_Sleep_EDF_20_linear_entanglement_f5_s7 data=Sleep-EDF-20 variant=linear_entanglement fold=5
EXTAB_LAUNCH screen=extab_Sleep_EDF_20_linear_entanglement_f6_s7 data=Sleep-EDF-20 variant=linear_entanglement fold=6
EXTAB_LAUNCH screen=extab_Sleep_EDF_20_linear_entanglement_f7_s7 data=Sleep-EDF-20 variant=linear_entanglement fold=7
EXTAB_WAIT ram_mib=29838 vram_free_mib=6974 running=10
EXTAB_WAIT ram_mib=32746 vram_free_mib=5200 running=10
EXTAB_WAIT ram_mib=32747 vram_free_mib=5196 running=10
EXTAB_WAIT ram_mib=32747 vram_free_mib=5190 running=10
EXTAB_WAIT ram_mib=32747 vram_free_mib=5190 running=10
EXTAB_WAIT ram_mib=32747 vram_free_mib=5190 running=10
EXTAB_WAIT ram_mib=32747 vram_free_mib=5190 running=10
EXTAB_WAIT ram_mib=32747 vram_free_mib=5190 running=10
EXTAB_WAIT ram_mib=32748 vram_free_mib=5190 running=10
EXTAB_WAIT ram_mib=32747 vram_free_mib=5190 running=10
EXTAB_WAIT ram_mib=32747 vram_free_mib=5190 running=10
EXTAB_WAIT ram_mib=32748 vram_free_mib=5190 running=10
EXTAB_WAIT ram_mib=32748 vram_free_mib=5190 running=10
EXTAB_WAIT ram_mib=32747 vram_free_mib=5190 running=10
EXTAB_WAIT ram_mib=32748 vram_free_mib=5190 running=10
EXTAB_WAIT ram_mib=32748 vram_free_mib=5190 running=10
EXTAB_WAIT ram_mib=32748 vram_free_mib=5190 running=10
EXTAB_WAIT ram_mib=32748 vram_free_mib=5190 running=10
EXTAB_WAIT ram_mib=32748 vram_free_mib=5190 running=10
EXTAB_WAIT ram_mib=32748 vram_free_mib=5190 running=10
EXTAB_WAIT ram_mib=32748 vram_free_mib=5190 running=10
EXTAB_WAIT ram_mib=31970 vram_free_mib=5342 running=10
EXTAB_EXIT screen=extab_Sleep_EDF_20_no_entanglement_f18_s7 code=0
EXTAB_WAIT ram_mib=30204 vram_free_mib=7095 running=9
EXTAB_WAIT ram_mib=30205 vram_free_mib=7095 running=9
EXTAB_EXIT screen=extab_Sleep_EDF_20_no_entanglement_f19_s7 code=0
EXTAB_LAUNCH screen=extab_Sleep_EDF_20_linear_entanglement_f8_s7 data=Sleep-EDF-20 variant=linear_entanglement fold=8
EXTAB_WAIT ram_mib=28596 vram_free_mib=8167 running=9
EXTAB_WAIT ram_mib=30201 vram_free_mib=7097 running=9
EXTAB_EXIT screen=extab_Sleep_EDF_20_linear_entanglement_f1_s7 code=0
EXTAB_EXIT screen=extab_Sleep_EDF_20_linear_entanglement_f0_s7 code=0
EXTAB_LAUNCH screen=extab_Sleep_EDF_20_linear_entanglement_f9_s7 data=Sleep-EDF-20 variant=linear_entanglement fold=9
EXTAB_LAUNCH screen=extab_Sleep_EDF_20_linear_entanglement_f10_s7 data=Sleep-EDF-20 variant=linear_entanglement fold=10
EXTAB_LAUNCH screen=extab_Sleep_EDF_20_linear_entanglement_f11_s7 data=Sleep-EDF-20 variant=linear_entanglement fold=11
EXTAB_LAUNCH screen=extab_Sleep_EDF_20_linear_entanglement_f12_s7 data=Sleep-EDF-20 variant=linear_entanglement fold=12
EXTAB_WAIT ram_mib=29838 vram_free_mib=6974 running=11
EXTAB_EXIT screen=extab_Sleep_EDF_20_linear_entanglement_f2_s7 code=0
EXTAB_WAIT ram_mib=32736 vram_free_mib=5186 running=10
EXTAB_WAIT ram_mib=32736 vram_free_mib=5184 running=10
EXTAB_WAIT ram_mib=32736 vram_free_mib=5182 running=10
EXTAB_WAIT ram_mib=32736 vram_free_mib=5182 running=10
EXTAB_WAIT ram_mib=32736 vram_free_mib=5182 running=10
EXTAB_WAIT ram_mib=32736 vram_free_mib=5180 running=10
EXTAB_WAIT ram_mib=32721 vram_free_mib=5180 running=10
EXTAB_WAIT ram_mib=32695 vram_free_mib=5180 running=10
EXTAB_WAIT ram_mib=32630 vram_free_mib=5180 running=10
EXTAB_WAIT ram_mib=32630 vram_free_mib=5180 running=10
EXTAB_WAIT ram_mib=32630 vram_free_mib=5180 running=10
EXTAB_WAIT ram_mib=32630 vram_free_mib=5180 running=10
EXTAB_WAIT ram_mib=32630 vram_free_mib=5180 running=10
EXTAB_WAIT ram_mib=32630 vram_free_mib=5180 running=10
EXTAB_WAIT ram_mib=32630 vram_free_mib=5180 running=10
EXTAB_WAIT ram_mib=32630 vram_free_mib=5180 running=10
EXTAB_WAIT ram_mib=32630 vram_free_mib=5180 running=10
EXTAB_WAIT ram_mib=32630 vram_free_mib=5180 running=10
EXTAB_WAIT ram_mib=32630 vram_free_mib=5180 running=10
EXTAB_WAIT ram_mib=32630 vram_free_mib=5180 running=10
EXTAB_WAIT ram_mib=32630 vram_free_mib=5180 running=10
EXTAB_WAIT ram_mib=32630 vram_free_mib=5180 running=10
EXTAB_WAIT ram_mib=32630 vram_free_mib=5180 running=10
EXTAB_WAIT ram_mib=32630 vram_free_mib=5180 running=10
EXTAB_WAIT ram_mib=32630 vram_free_mib=5180 running=10
EXTAB_WAIT ram_mib=32630 vram_free_mib=5180 running=10
EXTAB_EXIT screen=extab_Sleep_EDF_20_linear_entanglement_f3_s7 code=0
EXTAB_WAIT ram_mib=30097 vram_free_mib=7087 running=9
EXTAB_WAIT ram_mib=30097 vram_free_mib=7087 running=9
EXTAB_EXIT screen=extab_Sleep_EDF_20_linear_entanglement_f5_s7 code=0
EXTAB_EXIT screen=extab_Sleep_EDF_20_linear_entanglement_f6_s7 code=0
EXTAB_EXIT screen=extab_Sleep_EDF_20_linear_entanglement_f4_s7 code=0
EXTAB_LAUNCH screen=extab_Sleep_EDF_20_linear_entanglement_f13_s7 data=Sleep-EDF-20 variant=linear_entanglement fold=13
EXTAB_LAUNCH screen=extab_Sleep_EDF_20_linear_entanglement_f14_s7 data=Sleep-EDF-20 variant=linear_entanglement fold=14
EXTAB_LAUNCH screen=extab_Sleep_EDF_20_linear_entanglement_f15_s7 data=Sleep-EDF-20 variant=linear_entanglement fold=15
EXTAB_LAUNCH screen=extab_Sleep_EDF_20_linear_entanglement_f16_s7 data=Sleep-EDF-20 variant=linear_entanglement fold=16
EXTAB_LAUNCH screen=extab_Sleep_EDF_20_linear_entanglement_f17_s7 data=Sleep-EDF-20 variant=linear_entanglement fold=17
EXTAB_WAIT ram_mib=29697 vram_free_mib=7004 running=11
EXTAB_EXIT screen=extab_Sleep_EDF_20_linear_entanglement_f7_s7 code=0
EXTAB_WAIT ram_mib=32654 vram_free_mib=5188 running=10
EXTAB_WAIT ram_mib=32655 vram_free_mib=5182 running=10
EXTAB_WAIT ram_mib=32655 vram_free_mib=5182 running=10
EXTAB_WAIT ram_mib=32654 vram_free_mib=5182 running=10
EXTAB_WAIT ram_mib=32655 vram_free_mib=5182 running=10
EXTAB_WAIT ram_mib=32656 vram_free_mib=5182 running=10
EXTAB_WAIT ram_mib=32655 vram_free_mib=5180 running=10
EXTAB_WAIT ram_mib=32656 vram_free_mib=5180 running=10
EXTAB_WAIT ram_mib=32655 vram_free_mib=5180 running=10
EXTAB_WAIT ram_mib=32656 vram_free_mib=5180 running=10
EXTAB_WAIT ram_mib=32656 vram_free_mib=5180 running=10
EXTAB_WAIT ram_mib=32655 vram_free_mib=5180 running=10
EXTAB_WAIT ram_mib=32655 vram_free_mib=5180 running=10
EXTAB_WAIT ram_mib=32656 vram_free_mib=5180 running=10
EXTAB_WAIT ram_mib=32656 vram_free_mib=5180 running=10
EXTAB_WAIT ram_mib=32656 vram_free_mib=5180 running=10
EXTAB_EXIT screen=extab_Sleep_EDF_20_linear_entanglement_f11_s7 code=0
EXTAB_WAIT ram_mib=30120 vram_free_mib=7089 running=9
EXTAB_WAIT ram_mib=30120 vram_free_mib=7089 running=9
EXTAB_WAIT ram_mib=30120 vram_free_mib=7089 running=9
EXTAB_WAIT ram_mib=30120 vram_free_mib=7089 running=9
EXTAB_WAIT ram_mib=30113 vram_free_mib=7247 running=9
EXTAB_EXIT screen=extab_Sleep_EDF_20_linear_entanglement_f8_s7 code=0
EXTAB_LAUNCH screen=extab_Sleep_EDF_20_linear_entanglement_f18_s7 data=Sleep-EDF-20 variant=linear_entanglement fold=18
EXTAB_WAIT ram_mib=28569 vram_free_mib=8141 running=9
EXTAB_WAIT ram_mib=30125 vram_free_mib=7099 running=9
EXTAB_EXIT screen=extab_Sleep_EDF_20_linear_entanglement_f12_s7 code=0
EXTAB_LAUNCH screen=extab_Sleep_EDF_20_linear_entanglement_f19_s7 data=Sleep-EDF-20 variant=linear_entanglement fold=19
EXTAB_WAIT ram_mib=28678 vram_free_mib=8101 running=9
EXTAB_EXIT screen=extab_Sleep_EDF_20_linear_entanglement_f10_s7 code=0
EXTAB_EXIT screen=extab_Sleep_EDF_20_linear_entanglement_f9_s7 code=0
EXTAB_LAUNCH screen=extab_Sleep_EDF_20_no_reupload_f0_s7 data=Sleep-EDF-20 variant=no_reupload fold=0
EXTAB_LAUNCH screen=extab_Sleep_EDF_20_no_reupload_f1_s7 data=Sleep-EDF-20 variant=no_reupload fold=1
EXTAB_LAUNCH screen=extab_Sleep_EDF_20_no_reupload_f2_s7 data=Sleep-EDF-20 variant=no_reupload fold=2
EXTAB_WAIT ram_mib=29819 vram_free_mib=6970 running=10
EXTAB_WAIT ram_mib=32666 vram_free_mib=5200 running=10
EXTAB_WAIT ram_mib=32670 vram_free_mib=5190 running=10
EXTAB_WAIT ram_mib=32670 vram_free_mib=5190 running=10
EXTAB_WAIT ram_mib=32670 vram_free_mib=5190 running=10
EXTAB_WAIT ram_mib=32671 vram_free_mib=5190 running=10
EXTAB_WAIT ram_mib=32670 vram_free_mib=5190 running=10
EXTAB_WAIT ram_mib=32670 vram_free_mib=5190 running=10
EXTAB_WAIT ram_mib=32670 vram_free_mib=5190 running=10
EXTAB_WAIT ram_mib=32670 vram_free_mib=5190 running=10
EXTAB_WAIT ram_mib=32670 vram_free_mib=5190 running=10
EXTAB_WAIT ram_mib=32670 vram_free_mib=5190 running=10
EXTAB_WAIT ram_mib=32670 vram_free_mib=5190 running=10
EXTAB_WAIT ram_mib=32670 vram_free_mib=5190 running=10
EXTAB_WAIT ram_mib=32670 vram_free_mib=5190 running=10
EXTAB_WAIT ram_mib=32670 vram_free_mib=5190 running=10
EXTAB_WAIT ram_mib=32670 vram_free_mib=5190 running=10
EXTAB_WAIT ram_mib=32670 vram_free_mib=5190 running=10
EXTAB_WAIT ram_mib=32670 vram_free_mib=5190 running=10
EXTAB_WAIT ram_mib=32670 vram_free_mib=5190 running=10
EXTAB_WAIT ram_mib=32670 vram_free_mib=5190 running=10
EXTAB_WAIT ram_mib=32670 vram_free_mib=5190 running=10
EXTAB_WAIT ram_mib=32670 vram_free_mib=5190 running=10
EXTAB_WAIT ram_mib=32670 vram_free_mib=5190 running=10
EXTAB_WAIT ram_mib=32670 vram_free_mib=5190 running=10
EXTAB_WAIT ram_mib=32671 vram_free_mib=5190 running=10
EXTAB_WAIT ram_mib=32670 vram_free_mib=5190 running=10
EXTAB_WAIT ram_mib=32670 vram_free_mib=5190 running=10
EXTAB_WAIT ram_mib=32670 vram_free_mib=5190 running=10
EXTAB_EXIT screen=extab_Sleep_EDF_20_linear_entanglement_f14_s7 code=0
EXTAB_WAIT ram_mib=30134 vram_free_mib=7097 running=9
EXTAB_EXIT screen=extab_Sleep_EDF_20_linear_entanglement_f16_s7 code=0
EXTAB_EXIT screen=extab_Sleep_EDF_20_linear_entanglement_f13_s7 code=0
EXTAB_EXIT screen=extab_Sleep_EDF_20_linear_entanglement_f17_s7 code=0
EXTAB_EXIT screen=extab_Sleep_EDF_20_linear_entanglement_f15_s7 code=0
EXTAB_LAUNCH screen=extab_Sleep_EDF_20_no_reupload_f3_s7 data=Sleep-EDF-20 variant=no_reupload fold=3
EXTAB_LAUNCH screen=extab_Sleep_EDF_20_no_reupload_f4_s7 data=Sleep-EDF-20 variant=no_reupload fold=4
EXTAB_LAUNCH screen=extab_Sleep_EDF_20_no_reupload_f5_s7 data=Sleep-EDF-20 variant=no_reupload fold=5
EXTAB_LAUNCH screen=extab_Sleep_EDF_20_no_reupload_f6_s7 data=Sleep-EDF-20 variant=no_reupload fold=6
EXTAB_LAUNCH screen=extab_Sleep_EDF_20_no_reupload_f7_s7 data=Sleep-EDF-20 variant=no_reupload fold=7
EXTAB_WAIT ram_mib=29807 vram_free_mib=6984 running=10
EXTAB_WAIT ram_mib=32658 vram_free_mib=5198 running=10
EXTAB_WAIT ram_mib=32659 vram_free_mib=5194 running=10
EXTAB_WAIT ram_mib=32659 vram_free_mib=5194 running=10
EXTAB_WAIT ram_mib=32659 vram_free_mib=5194 running=10
EXTAB_WAIT ram_mib=32660 vram_free_mib=5194 running=10
EXTAB_WAIT ram_mib=32659 vram_free_mib=5192 running=10
EXTAB_WAIT ram_mib=32659 vram_free_mib=5192 running=10
EXTAB_WAIT ram_mib=32659 vram_free_mib=5192 running=10
EXTAB_WAIT ram_mib=32660 vram_free_mib=5192 running=10
EXTAB_WAIT ram_mib=32660 vram_free_mib=5192 running=10
EXTAB_WAIT ram_mib=32660 vram_free_mib=5192 running=10
EXTAB_WAIT ram_mib=32661 vram_free_mib=5192 running=10
EXTAB_WAIT ram_mib=32661 vram_free_mib=5192 running=10
EXTAB_WAIT ram_mib=32661 vram_free_mib=5192 running=10
EXTAB_WAIT ram_mib=32661 vram_free_mib=5192 running=10
EXTAB_WAIT ram_mib=32661 vram_free_mib=5192 running=10
EXTAB_WAIT ram_mib=32661 vram_free_mib=5192 running=10
EXTAB_WAIT ram_mib=32661 vram_free_mib=5192 running=10
EXTAB_WAIT ram_mib=32661 vram_free_mib=5192 running=10
EXTAB_EXIT screen=extab_Sleep_EDF_20_no_reupload_f0_s7 code=0
EXTAB_EXIT screen=extab_Sleep_EDF_20_linear_entanglement_f18_s7 code=0
EXTAB_LAUNCH screen=extab_Sleep_EDF_20_no_reupload_f8_s7 data=Sleep-EDF-20 variant=no_reupload fold=8
EXTAB_WAIT ram_mib=28596 vram_free_mib=8131 running=9
EXTAB_WAIT ram_mib=30124 vram_free_mib=7097 running=9
EXTAB_EXIT screen=extab_Sleep_EDF_20_linear_entanglement_f19_s7 code=0
EXTAB_LAUNCH screen=extab_Sleep_EDF_20_no_reupload_f9_s7 data=Sleep-EDF-20 variant=no_reupload fold=9
EXTAB_WAIT ram_mib=28634 vram_free_mib=8109 running=9
EXTAB_EXIT screen=extab_Sleep_EDF_20_no_reupload_f1_s7 code=0
EXTAB_LAUNCH screen=extab_Sleep_EDF_20_no_reupload_f10_s7 data=Sleep-EDF-20 variant=no_reupload fold=10
EXTAB_LAUNCH screen=extab_Sleep_EDF_20_no_reupload_f11_s7 data=Sleep-EDF-20 variant=no_reupload fold=11
EXTAB_LAUNCH screen=extab_Sleep_EDF_20_no_reupload_f12_s7 data=Sleep-EDF-20 variant=no_reupload fold=12
EXTAB_WAIT ram_mib=29933 vram_free_mib=6890 running=11
EXTAB_EXIT screen=extab_Sleep_EDF_20_no_reupload_f2_s7 code=0
EXTAB_WAIT ram_mib=32657 vram_free_mib=5188 running=10
EXTAB_WAIT ram_mib=32660 vram_free_mib=5186 running=10
EXTAB_WAIT ram_mib=32660 vram_free_mib=5186 running=10
EXTAB_WAIT ram_mib=32660 vram_free_mib=5186 running=10
EXTAB_WAIT ram_mib=32660 vram_free_mib=5186 running=10
EXTAB_WAIT ram_mib=32660 vram_free_mib=5186 running=10
EXTAB_WAIT ram_mib=32661 vram_free_mib=5186 running=10
EXTAB_WAIT ram_mib=32660 vram_free_mib=5186 running=10
EXTAB_WAIT ram_mib=32661 vram_free_mib=5186 running=10
EXTAB_WAIT ram_mib=32660 vram_free_mib=5186 running=10
EXTAB_WAIT ram_mib=32661 vram_free_mib=5186 running=10
EXTAB_WAIT ram_mib=32661 vram_free_mib=5186 running=10
EXTAB_WAIT ram_mib=32661 vram_free_mib=5186 running=10
EXTAB_WAIT ram_mib=32661 vram_free_mib=5186 running=10
EXTAB_WAIT ram_mib=32661 vram_free_mib=5186 running=10
EXTAB_WAIT ram_mib=32661 vram_free_mib=5186 running=10
EXTAB_WAIT ram_mib=32661 vram_free_mib=5186 running=10
EXTAB_WAIT ram_mib=32662 vram_free_mib=5186 running=10
EXTAB_WAIT ram_mib=32662 vram_free_mib=5186 running=10
EXTAB_WAIT ram_mib=32661 vram_free_mib=5186 running=10
EXTAB_WAIT ram_mib=32661 vram_free_mib=5186 running=10
EXTAB_WAIT ram_mib=32661 vram_free_mib=5186 running=10
EXTAB_WAIT ram_mib=32661 vram_free_mib=5186 running=10
EXTAB_WAIT ram_mib=32661 vram_free_mib=5186 running=10
EXTAB_WAIT ram_mib=32661 vram_free_mib=5186 running=10
EXTAB_WAIT ram_mib=32661 vram_free_mib=5186 running=10
EXTAB_WAIT ram_mib=32661 vram_free_mib=5186 running=10
EXTAB_WAIT ram_mib=32661 vram_free_mib=5186 running=10
EXTAB_WAIT ram_mib=32661 vram_free_mib=5186 running=10
EXTAB_EXIT screen=extab_Sleep_EDF_20_no_reupload_f3_s7 code=0
EXTAB_WAIT ram_mib=30122 vram_free_mib=7093 running=9
EXTAB_EXIT screen=extab_Sleep_EDF_20_no_reupload_f6_s7 code=0
EXTAB_EXIT screen=extab_Sleep_EDF_20_no_reupload_f5_s7 code=0
EXTAB_EXIT screen=extab_Sleep_EDF_20_no_reupload_f4_s7 code=0
EXTAB_EXIT screen=extab_Sleep_EDF_20_no_reupload_f7_s7 code=0
EXTAB_LAUNCH screen=extab_Sleep_EDF_20_no_reupload_f13_s7 data=Sleep-EDF-20 variant=no_reupload fold=13
EXTAB_LAUNCH screen=extab_Sleep_EDF_20_no_reupload_f14_s7 data=Sleep-EDF-20 variant=no_reupload fold=14
EXTAB_LAUNCH screen=extab_Sleep_EDF_20_no_reupload_f15_s7 data=Sleep-EDF-20 variant=no_reupload fold=15
EXTAB_LAUNCH screen=extab_Sleep_EDF_20_no_reupload_f16_s7 data=Sleep-EDF-20 variant=no_reupload fold=16
EXTAB_LAUNCH screen=extab_Sleep_EDF_20_no_reupload_f17_s7 data=Sleep-EDF-20 variant=no_reupload fold=17
EXTAB_WAIT ram_mib=29890 vram_free_mib=6922 running=10
EXTAB_WAIT ram_mib=32670 vram_free_mib=5188 running=10
EXTAB_WAIT ram_mib=32670 vram_free_mib=5184 running=10
EXTAB_WAIT ram_mib=32672 vram_free_mib=5184 running=10
EXTAB_WAIT ram_mib=32672 vram_free_mib=5184 running=10
EXTAB_WAIT ram_mib=32672 vram_free_mib=5184 running=10
EXTAB_WAIT ram_mib=32672 vram_free_mib=5184 running=10
EXTAB_WAIT ram_mib=32672 vram_free_mib=5184 running=10
EXTAB_WAIT ram_mib=32672 vram_free_mib=5184 running=10
EXTAB_WAIT ram_mib=32672 vram_free_mib=5184 running=10
EXTAB_WAIT ram_mib=32672 vram_free_mib=5184 running=10
EXTAB_WAIT ram_mib=32672 vram_free_mib=5184 running=10
EXTAB_WAIT ram_mib=32673 vram_free_mib=5184 running=10
EXTAB_WAIT ram_mib=32672 vram_free_mib=5184 running=10
EXTAB_WAIT ram_mib=32672 vram_free_mib=5184 running=10
EXTAB_WAIT ram_mib=32672 vram_free_mib=5184 running=10
EXTAB_WAIT ram_mib=32672 vram_free_mib=5184 running=10
EXTAB_EXIT screen=extab_Sleep_EDF_20_no_reupload_f11_s7 code=0
EXTAB_WAIT ram_mib=30140 vram_free_mib=7093 running=9
EXTAB_EXIT screen=extab_Sleep_EDF_20_no_reupload_f8_s7 code=0
EXTAB_LAUNCH screen=extab_Sleep_EDF_20_no_reupload_f18_s7 data=Sleep-EDF-20 variant=no_reupload fold=18
EXTAB_WAIT ram_mib=28499 vram_free_mib=8183 running=9
EXTAB_WAIT ram_mib=30130 vram_free_mib=7101 running=9
EXTAB_WAIT ram_mib=30133 vram_free_mib=7099 running=9
EXTAB_EXIT screen=extab_Sleep_EDF_20_no_reupload_f9_s7 code=0
EXTAB_LAUNCH screen=extab_Sleep_EDF_20_no_reupload_f19_s7 data=Sleep-EDF-20 variant=no_reupload fold=19
EXTAB_LAUNCH screen=extab_Sleep_EDF_20_frozen_reupload_scale_f0_s7 data=Sleep-EDF-20 variant=frozen_reupload_scale fold=0
EXTAB_LAUNCH screen=extab_Sleep_EDF_20_frozen_reupload_scale_f1_s7 data=Sleep-EDF-20 variant=frozen_reupload_scale fold=1
EXTAB_WAIT ram_mib=29786 vram_free_mib=6972 running=11
EXTAB_EXIT screen=extab_Sleep_EDF_20_no_reupload_f12_s7 code=0
EXTAB_EXIT screen=extab_Sleep_EDF_20_no_reupload_f10_s7 code=0
EXTAB_WAIT ram_mib=30130 vram_free_mib=7103 running=9
EXTAB_WAIT ram_mib=30133 vram_free_mib=7099 running=9
EXTAB_WAIT ram_mib=30133 vram_free_mib=7099 running=9
EXTAB_WAIT ram_mib=30133 vram_free_mib=7097 running=9
EXTAB_WAIT ram_mib=30134 vram_free_mib=7097 running=9
EXTAB_WAIT ram_mib=30133 vram_free_mib=7097 running=9
EXTAB_WAIT ram_mib=30134 vram_free_mib=7097 running=9
EXTAB_WAIT ram_mib=30133 vram_free_mib=7097 running=9
EXTAB_WAIT ram_mib=30133 vram_free_mib=7097 running=9
EXTAB_WAIT ram_mib=30134 vram_free_mib=7097 running=9
EXTAB_WAIT ram_mib=30134 vram_free_mib=7097 running=9
EXTAB_WAIT ram_mib=30133 vram_free_mib=7097 running=9
EXTAB_WAIT ram_mib=30133 vram_free_mib=7097 running=9
EXTAB_WAIT ram_mib=30133 vram_free_mib=7097 running=9
EXTAB_WAIT ram_mib=30133 vram_free_mib=7097 running=9
EXTAB_WAIT ram_mib=30133 vram_free_mib=7097 running=9
EXTAB_WAIT ram_mib=30134 vram_free_mib=7097 running=9
EXTAB_WAIT ram_mib=30134 vram_free_mib=7097 running=9
EXTAB_WAIT ram_mib=30133 vram_free_mib=7097 running=9
EXTAB_WAIT ram_mib=30134 vram_free_mib=7097 running=9
EXTAB_WAIT ram_mib=30134 vram_free_mib=7097 running=9
EXTAB_WAIT ram_mib=30134 vram_free_mib=7097 running=9
EXTAB_WAIT ram_mib=30134 vram_free_mib=7097 running=9
EXTAB_WAIT ram_mib=30134 vram_free_mib=7097 running=9
EXTAB_WAIT ram_mib=30134 vram_free_mib=7097 running=9
EXTAB_WAIT ram_mib=30134 vram_free_mib=7097 running=9
EXTAB_WAIT ram_mib=30134 vram_free_mib=7097 running=9
EXTAB_WAIT ram_mib=30134 vram_free_mib=7097 running=9
EXTAB_WAIT ram_mib=30134 vram_free_mib=7097 running=9
EXTAB_EXIT screen=extab_Sleep_EDF_20_no_reupload_f15_s7 code=0
EXTAB_EXIT screen=extab_Sleep_EDF_20_no_reupload_f16_s7 code=0
EXTAB_EXIT screen=extab_Sleep_EDF_20_no_reupload_f13_s7 code=0
EXTAB_EXIT screen=extab_Sleep_EDF_20_no_reupload_f17_s7 code=0
EXTAB_EXIT screen=extab_Sleep_EDF_20_no_reupload_f14_s7 code=0
EXTAB_LAUNCH screen=extab_Sleep_EDF_20_frozen_reupload_scale_f2_s7 data=Sleep-EDF-20 variant=frozen_reupload_scale fold=2
EXTAB_LAUNCH screen=extab_Sleep_EDF_20_frozen_reupload_scale_f3_s7 data=Sleep-EDF-20 variant=frozen_reupload_scale fold=3
EXTAB_LAUNCH screen=extab_Sleep_EDF_20_frozen_reupload_scale_f4_s7 data=Sleep-EDF-20 variant=frozen_reupload_scale fold=4
EXTAB_LAUNCH screen=extab_Sleep_EDF_20_frozen_reupload_scale_f5_s7 data=Sleep-EDF-20 variant=frozen_reupload_scale fold=5
EXTAB_LAUNCH screen=extab_Sleep_EDF_20_frozen_reupload_scale_f6_s7 data=Sleep-EDF-20 variant=frozen_reupload_scale fold=6
EXTAB_LAUNCH screen=extab_Sleep_EDF_20_frozen_reupload_scale_f7_s7 data=Sleep-EDF-20 variant=frozen_reupload_scale fold=7
EXTAB_WAIT ram_mib=29886 vram_free_mib=6950 running=10
EXTAB_WAIT ram_mib=32675 vram_free_mib=5204 running=10
EXTAB_EXIT screen=extab_Sleep_EDF_20_no_reupload_f18_s7 code=0
EXTAB_WAIT ram_mib=30146 vram_free_mib=7101 running=9
EXTAB_WAIT ram_mib=30145 vram_free_mib=7099 running=9
EXTAB_WAIT ram_mib=30146 vram_free_mib=7099 running=9
EXTAB_WAIT ram_mib=30147 vram_free_mib=7099 running=9
EXTAB_WAIT ram_mib=30147 vram_free_mib=7099 running=9
EXTAB_WAIT ram_mib=30146 vram_free_mib=7099 running=9
EXTAB_WAIT ram_mib=30147 vram_free_mib=7099 running=9
EXTAB_WAIT ram_mib=30147 vram_free_mib=7099 running=9
EXTAB_WAIT ram_mib=30147 vram_free_mib=7099 running=9
EXTAB_WAIT ram_mib=30146 vram_free_mib=7099 running=9
EXTAB_WAIT ram_mib=30147 vram_free_mib=7099 running=9
EXTAB_EXIT screen=extab_Sleep_EDF_20_no_reupload_f19_s7 code=0
EXTAB_LAUNCH screen=extab_Sleep_EDF_20_frozen_reupload_scale_f8_s7 data=Sleep-EDF-20 variant=frozen_reupload_scale fold=8
EXTAB_WAIT ram_mib=28598 vram_free_mib=8145 running=9
EXTAB_WAIT ram_mib=30151 vram_free_mib=7101 running=9
EXTAB_WAIT ram_mib=30151 vram_free_mib=7097 running=9
EXTAB_WAIT ram_mib=30151 vram_free_mib=7097 running=9
EXTAB_WAIT ram_mib=30151 vram_free_mib=7097 running=9
EXTAB_EXIT screen=extab_Sleep_EDF_20_frozen_reupload_scale_f0_s7 code=0
EXTAB_LAUNCH screen=extab_Sleep_EDF_20_frozen_reupload_scale_f9_s7 data=Sleep-EDF-20 variant=frozen_reupload_scale fold=9
EXTAB_WAIT ram_mib=28744 vram_free_mib=8109 running=9
EXTAB_EXIT screen=extab_Sleep_EDF_20_frozen_reupload_scale_f1_s7 code=0
EXTAB_LAUNCH screen=extab_Sleep_EDF_20_frozen_reupload_scale_f10_s7 data=Sleep-EDF-20 variant=frozen_reupload_scale fold=10
EXTAB_WAIT ram_mib=28743 vram_free_mib=8069 running=9
EXTAB_WAIT ram_mib=30158 vram_free_mib=7097 running=9
EXTAB_WAIT ram_mib=30158 vram_free_mib=7093 running=9
EXTAB_WAIT ram_mib=30158 vram_free_mib=7093 running=9
EXTAB_WAIT ram_mib=30158 vram_free_mib=7093 running=9
EXTAB_WAIT ram_mib=30158 vram_free_mib=7093 running=9
EXTAB_WAIT ram_mib=30158 vram_free_mib=7093 running=9
EXTAB_WAIT ram_mib=30159 vram_free_mib=7093 running=9
EXTAB_WAIT ram_mib=30159 vram_free_mib=7093 running=9
EXTAB_WAIT ram_mib=30159 vram_free_mib=7093 running=9
EXTAB_WAIT ram_mib=30159 vram_free_mib=7093 running=9
EXTAB_WAIT ram_mib=30159 vram_free_mib=7093 running=9
EXTAB_WAIT ram_mib=30160 vram_free_mib=7093 running=9
EXTAB_WAIT ram_mib=30159 vram_free_mib=7093 running=9
EXTAB_WAIT ram_mib=30159 vram_free_mib=7093 running=9
EXTAB_WAIT ram_mib=30161 vram_free_mib=7093 running=9
EXTAB_WAIT ram_mib=30161 vram_free_mib=7093 running=9
EXTAB_WAIT ram_mib=30161 vram_free_mib=7093 running=9
EXTAB_WAIT ram_mib=30161 vram_free_mib=7093 running=9
EXTAB_WAIT ram_mib=30161 vram_free_mib=7093 running=9
EXTAB_WAIT ram_mib=30161 vram_free_mib=7093 running=9
EXTAB_WAIT ram_mib=30161 vram_free_mib=7093 running=9
EXTAB_WAIT ram_mib=30161 vram_free_mib=7093 running=9
EXTAB_WAIT ram_mib=30161 vram_free_mib=7093 running=9
EXTAB_WAIT ram_mib=30161 vram_free_mib=7093 running=9
EXTAB_WAIT ram_mib=30161 vram_free_mib=7093 running=9
EXTAB_WAIT ram_mib=30161 vram_free_mib=7093 running=9
EXTAB_WAIT ram_mib=30161 vram_free_mib=7093 running=9
EXTAB_WAIT ram_mib=30161 vram_free_mib=7093 running=9
EXTAB_WAIT ram_mib=30161 vram_free_mib=7093 running=9
EXTAB_WAIT ram_mib=30162 vram_free_mib=7093 running=9
EXTAB_EXIT screen=extab_Sleep_EDF_20_frozen_reupload_scale_f2_s7 code=0
EXTAB_EXIT screen=extab_Sleep_EDF_20_frozen_reupload_scale_f3_s7 code=0
EXTAB_EXIT screen=extab_Sleep_EDF_20_frozen_reupload_scale_f4_s7 code=0
EXTAB_LAUNCH screen=extab_Sleep_EDF_20_frozen_reupload_scale_f11_s7 data=Sleep-EDF-20 variant=frozen_reupload_scale fold=11
EXTAB_LAUNCH screen=extab_Sleep_EDF_20_frozen_reupload_scale_f12_s7 data=Sleep-EDF-20 variant=frozen_reupload_scale fold=12
EXTAB_LAUNCH screen=extab_Sleep_EDF_20_frozen_reupload_scale_f13_s7 data=Sleep-EDF-20 variant=frozen_reupload_scale fold=13
EXTAB_LAUNCH screen=extab_Sleep_EDF_20_frozen_reupload_scale_f14_s7 data=Sleep-EDF-20 variant=frozen_reupload_scale fold=14
EXTAB_LAUNCH screen=extab_Sleep_EDF_20_frozen_reupload_scale_f15_s7 data=Sleep-EDF-20 variant=frozen_reupload_scale fold=15
EXTAB_LAUNCH screen=extab_Sleep_EDF_20_frozen_reupload_scale_f16_s7 data=Sleep-EDF-20 variant=frozen_reupload_scale fold=16
EXTAB_EXIT screen=extab_Sleep_EDF_20_frozen_reupload_scale_f5_s7 code=0
EXTAB_EXIT screen=extab_Sleep_EDF_20_frozen_reupload_scale_f7_s7 code=0
EXTAB_EXIT screen=extab_Sleep_EDF_20_frozen_reupload_scale_f6_s7 code=0
EXTAB_WAIT ram_mib=30165 vram_free_mib=7095 running=9
EXTAB_WAIT ram_mib=30165 vram_free_mib=7091 running=9
EXTAB_WAIT ram_mib=30166 vram_free_mib=7091 running=9
EXTAB_WAIT ram_mib=30166 vram_free_mib=7089 running=9
EXTAB_WAIT ram_mib=30166 vram_free_mib=7089 running=9
EXTAB_WAIT ram_mib=30166 vram_free_mib=7089 running=9
EXTAB_WAIT ram_mib=30167 vram_free_mib=7089 running=9
EXTAB_WAIT ram_mib=30167 vram_free_mib=7089 running=9
EXTAB_WAIT ram_mib=30167 vram_free_mib=7089 running=9
EXTAB_WAIT ram_mib=30167 vram_free_mib=7089 running=9
EXTAB_WAIT ram_mib=30167 vram_free_mib=7087 running=9
EXTAB_EXIT screen=extab_Sleep_EDF_20_frozen_reupload_scale_f8_s7 code=0
EXTAB_LAUNCH screen=extab_Sleep_EDF_20_frozen_reupload_scale_f17_s7 data=Sleep-EDF-20 variant=frozen_reupload_scale fold=17
EXTAB_WAIT ram_mib=28422 vram_free_mib=8213 running=9
EXTAB_WAIT ram_mib=30156 vram_free_mib=7097 running=9
EXTAB_WAIT ram_mib=30158 vram_free_mib=7093 running=9
EXTAB_EXIT screen=extab_Sleep_EDF_20_frozen_reupload_scale_f9_s7 code=0
EXTAB_LAUNCH screen=extab_Sleep_EDF_20_frozen_reupload_scale_f18_s7 data=Sleep-EDF-20 variant=frozen_reupload_scale fold=18
EXTAB_WAIT ram_mib=28392 vram_free_mib=8225 running=9
EXTAB_WAIT ram_mib=30156 vram_free_mib=7097 running=9
EXTAB_WAIT ram_mib=30157 vram_free_mib=7095 running=9
EXTAB_EXIT screen=extab_Sleep_EDF_20_frozen_reupload_scale_f10_s7 code=0
EXTAB_LAUNCH screen=extab_Sleep_EDF_20_frozen_reupload_scale_f19_s7 data=Sleep-EDF-20 variant=frozen_reupload_scale fold=19
EXTAB_WAIT ram_mib=28368 vram_free_mib=8241 running=9
EXTAB_WAIT ram_mib=30148 vram_free_mib=7095 running=9
EXTAB_WAIT ram_mib=30113 vram_free_mib=7093 running=9
EXTAB_WAIT ram_mib=30106 vram_free_mib=7093 running=9
EXTAB_WAIT ram_mib=30078 vram_free_mib=7093 running=9
EXTAB_WAIT ram_mib=30071 vram_free_mib=7093 running=9
EXTAB_WAIT ram_mib=30052 vram_free_mib=7093 running=9
EXTAB_WAIT ram_mib=30052 vram_free_mib=7093 running=9
EXTAB_WAIT ram_mib=30029 vram_free_mib=7093 running=9
EXTAB_WAIT ram_mib=30014 vram_free_mib=7093 running=9
EXTAB_WAIT ram_mib=30009 vram_free_mib=7093 running=9
EXTAB_WAIT ram_mib=29998 vram_free_mib=7093 running=9
EXTAB_WAIT ram_mib=29979 vram_free_mib=7093 running=9
EXTAB_WAIT ram_mib=29977 vram_free_mib=7093 running=9
EXTAB_WAIT ram_mib=29955 vram_free_mib=7093 running=9
EXTAB_WAIT ram_mib=29656 vram_free_mib=7093 running=9
EXTAB_WAIT ram_mib=29546 vram_free_mib=7093 running=9
EXTAB_WAIT ram_mib=29546 vram_free_mib=7093 running=9
EXTAB_WAIT ram_mib=29516 vram_free_mib=7093 running=9
EXTAB_WAIT ram_mib=29516 vram_free_mib=7093 running=9
EXTAB_WAIT ram_mib=29516 vram_free_mib=7093 running=9
EXTAB_WAIT ram_mib=29505 vram_free_mib=7093 running=9
EXTAB_WAIT ram_mib=29458 vram_free_mib=7093 running=9
EXTAB_WAIT ram_mib=29458 vram_free_mib=7093 running=9
EXTAB_WAIT ram_mib=29458 vram_free_mib=7093 running=9
EXTAB_WAIT ram_mib=29458 vram_free_mib=7093 running=9
EXTAB_WAIT ram_mib=29458 vram_free_mib=7093 running=9
EXTAB_WAIT ram_mib=29458 vram_free_mib=7093 running=9
EXTAB_WAIT ram_mib=29446 vram_free_mib=7093 running=9
EXTAB_WAIT ram_mib=29447 vram_free_mib=7093 running=9
EXTAB_WAIT ram_mib=29447 vram_free_mib=7093 running=9
EXTAB_WAIT ram_mib=29446 vram_free_mib=7093 running=9
EXTAB_EXIT screen=extab_Sleep_EDF_20_frozen_reupload_scale_f11_s7 code=0
EXTAB_EXIT screen=extab_Sleep_EDF_20_frozen_reupload_scale_f12_s7 code=0
EXTAB_EXIT screen=extab_Sleep_EDF_20_frozen_reupload_scale_f16_s7 code=0
EXTAB_LAUNCH screen=extab_Sleep_EDF_20_uniform_channel_pool_f0_s7 data=Sleep-EDF-20 variant=uniform_channel_pool fold=0
EXTAB_LAUNCH screen=extab_Sleep_EDF_20_uniform_channel_pool_f1_s7 data=Sleep-EDF-20 variant=uniform_channel_pool fold=1
EXTAB_LAUNCH screen=extab_Sleep_EDF_20_uniform_channel_pool_f2_s7 data=Sleep-EDF-20 variant=uniform_channel_pool fold=2
EXTAB_LAUNCH screen=extab_Sleep_EDF_20_uniform_channel_pool_f3_s7 data=Sleep-EDF-20 variant=uniform_channel_pool fold=3
EXTAB_LAUNCH screen=extab_Sleep_EDF_20_uniform_channel_pool_f4_s7 data=Sleep-EDF-20 variant=uniform_channel_pool fold=4
EXTAB_LAUNCH screen=extab_Sleep_EDF_20_uniform_channel_pool_f5_s7 data=Sleep-EDF-20 variant=uniform_channel_pool fold=5
EXTAB_EXIT screen=extab_Sleep_EDF_20_frozen_reupload_scale_f14_s7 code=0
EXTAB_EXIT screen=extab_Sleep_EDF_20_frozen_reupload_scale_f15_s7 code=0
EXTAB_EXIT screen=extab_Sleep_EDF_20_frozen_reupload_scale_f13_s7 code=0
EXTAB_WAIT ram_mib=29435 vram_free_mib=7103 running=9
EXTAB_WAIT ram_mib=29401 vram_free_mib=7101 running=9
EXTAB_WAIT ram_mib=29401 vram_free_mib=7099 running=9
EXTAB_WAIT ram_mib=29401 vram_free_mib=7097 running=9
EXTAB_WAIT ram_mib=29395 vram_free_mib=7097 running=9
EXTAB_WAIT ram_mib=29390 vram_free_mib=7097 running=9
EXTAB_EXIT screen=extab_Sleep_EDF_20_frozen_reupload_scale_f18_s7 code=0
EXTAB_LAUNCH screen=extab_Sleep_EDF_20_uniform_channel_pool_f6_s7 data=Sleep-EDF-20 variant=uniform_channel_pool fold=6
EXTAB_LAUNCH screen=extab_Sleep_EDF_20_uniform_channel_pool_f7_s7 data=Sleep-EDF-20 variant=uniform_channel_pool fold=7
EXTAB_WAIT ram_mib=28927 vram_free_mib=7961 running=10
EXTAB_WAIT ram_mib=31465 vram_free_mib=5256 running=10
EXTAB_WAIT ram_mib=31569 vram_free_mib=5194 running=10
EXTAB_WAIT ram_mib=31562 vram_free_mib=5192 running=10
EXTAB_EXIT screen=extab_Sleep_EDF_20_frozen_reupload_scale_f17_s7 code=0
EXTAB_WAIT ram_mib=28993 vram_free_mib=7099 running=9
EXTAB_WAIT ram_mib=28993 vram_free_mib=7099 running=9
EXTAB_WAIT ram_mib=28992 vram_free_mib=7099 running=9
EXTAB_WAIT ram_mib=28992 vram_free_mib=7099 running=9
EXTAB_WAIT ram_mib=28993 vram_free_mib=7097 running=9
EXTAB_WAIT ram_mib=28993 vram_free_mib=7097 running=9
EXTAB_WAIT ram_mib=28992 vram_free_mib=7097 running=9
EXTAB_EXIT screen=extab_Sleep_EDF_20_frozen_reupload_scale_f19_s7 code=0
EXTAB_LAUNCH screen=extab_Sleep_EDF_20_uniform_channel_pool_f8_s7 data=Sleep-EDF-20 variant=uniform_channel_pool fold=8
EXTAB_LAUNCH screen=extab_Sleep_EDF_20_uniform_channel_pool_f9_s7 data=Sleep-EDF-20 variant=uniform_channel_pool fold=9
EXTAB_WAIT ram_mib=28981 vram_free_mib=7040 running=10
EXTAB_WAIT ram_mib=31492 vram_free_mib=5194 running=10
EXTAB_WAIT ram_mib=31482 vram_free_mib=5188 running=10
EXTAB_WAIT ram_mib=31483 vram_free_mib=5188 running=10
EXTAB_WAIT ram_mib=31464 vram_free_mib=5188 running=10
EXTAB_WAIT ram_mib=31464 vram_free_mib=5188 running=10
EXTAB_WAIT ram_mib=31461 vram_free_mib=5188 running=10
EXTAB_WAIT ram_mib=31451 vram_free_mib=5188 running=10
EXTAB_WAIT ram_mib=31443 vram_free_mib=5188 running=10
EXTAB_WAIT ram_mib=31443 vram_free_mib=5188 running=10
EXTAB_WAIT ram_mib=31439 vram_free_mib=5188 running=10
EXTAB_WAIT ram_mib=31433 vram_free_mib=5188 running=10
EXTAB_WAIT ram_mib=31431 vram_free_mib=5188 running=10
EXTAB_WAIT ram_mib=31432 vram_free_mib=5188 running=10
EXTAB_WAIT ram_mib=31410 vram_free_mib=5188 running=10
EXTAB_EXIT screen=extab_Sleep_EDF_20_uniform_channel_pool_f2_s7 code=0
EXTAB_WAIT ram_mib=28867 vram_free_mib=7095 running=9
EXTAB_WAIT ram_mib=28867 vram_free_mib=7095 running=9
EXTAB_WAIT ram_mib=28867 vram_free_mib=7095 running=9
EXTAB_WAIT ram_mib=28867 vram_free_mib=7095 running=9
EXTAB_WAIT ram_mib=28867 vram_free_mib=7095 running=9
EXTAB_WAIT ram_mib=28867 vram_free_mib=7095 running=9
EXTAB_WAIT ram_mib=28868 vram_free_mib=7095 running=9
EXTAB_WAIT ram_mib=28868 vram_free_mib=7095 running=9
EXTAB_EXIT screen=extab_Sleep_EDF_20_uniform_channel_pool_f0_s7 code=0
EXTAB_LAUNCH screen=extab_Sleep_EDF_20_uniform_channel_pool_f10_s7 data=Sleep-EDF-20 variant=uniform_channel_pool fold=10
EXTAB_LAUNCH screen=extab_Sleep_EDF_20_uniform_channel_pool_f11_s7 data=Sleep-EDF-20 variant=uniform_channel_pool fold=11
EXTAB_WAIT ram_mib=29019 vram_free_mib=6972 running=10
EXTAB_WAIT ram_mib=31417 vram_free_mib=5192 running=10
EXTAB_WAIT ram_mib=31413 vram_free_mib=5188 running=10
EXTAB_WAIT ram_mib=31405 vram_free_mib=5188 running=10
EXTAB_WAIT ram_mib=31406 vram_free_mib=5188 running=10
EXTAB_WAIT ram_mib=31402 vram_free_mib=5186 running=10
EXTAB_WAIT ram_mib=31397 vram_free_mib=5186 running=10
EXTAB_WAIT ram_mib=31392 vram_free_mib=5186 running=10
EXTAB_WAIT ram_mib=31392 vram_free_mib=5186 running=10
EXTAB_WAIT ram_mib=31383 vram_free_mib=5186 running=10
EXTAB_WAIT ram_mib=31384 vram_free_mib=5186 running=10
EXTAB_EXIT screen=extab_Sleep_EDF_20_uniform_channel_pool_f1_s7 code=0
EXTAB_EXIT screen=extab_Sleep_EDF_20_uniform_channel_pool_f4_s7 code=0
EXTAB_LAUNCH screen=extab_Sleep_EDF_20_uniform_channel_pool_f12_s7 data=Sleep-EDF-20 variant=uniform_channel_pool fold=12
EXTAB_LAUNCH screen=extab_Sleep_EDF_20_uniform_channel_pool_f13_s7 data=Sleep-EDF-20 variant=uniform_channel_pool fold=13
EXTAB_WAIT ram_mib=28574 vram_free_mib=6832 running=10
EXTAB_EXIT screen=extab_Sleep_EDF_20_uniform_channel_pool_f5_s7 code=0
EXTAB_EXIT screen=extab_Sleep_EDF_20_uniform_channel_pool_f3_s7 code=0
EXTAB_LAUNCH screen=extab_Sleep_EDF_20_uniform_channel_pool_f14_s7 data=Sleep-EDF-20 variant=uniform_channel_pool fold=14
EXTAB_LAUNCH screen=extab_Sleep_EDF_20_uniform_channel_pool_f15_s7 data=Sleep-EDF-20 variant=uniform_channel_pool fold=15
EXTAB_WAIT ram_mib=28769 vram_free_mib=6762 running=10
EXTAB_WAIT ram_mib=31402 vram_free_mib=5196 running=10
EXTAB_WAIT ram_mib=31403 vram_free_mib=5188 running=10
EXTAB_WAIT ram_mib=31403 vram_free_mib=5188 running=10
EXTAB_WAIT ram_mib=31403 vram_free_mib=5188 running=10
EXTAB_WAIT ram_mib=31403 vram_free_mib=5188 running=10
EXTAB_WAIT ram_mib=31403 vram_free_mib=5188 running=10
EXTAB_WAIT ram_mib=31403 vram_free_mib=5188 running=10
EXTAB_EXIT screen=extab_Sleep_EDF_20_uniform_channel_pool_f6_s7 code=0
EXTAB_EXIT screen=extab_Sleep_EDF_20_uniform_channel_pool_f7_s7 code=0
EXTAB_LAUNCH screen=extab_Sleep_EDF_20_uniform_channel_pool_f16_s7 data=Sleep-EDF-20 variant=uniform_channel_pool fold=16
EXTAB_LAUNCH screen=extab_Sleep_EDF_20_uniform_channel_pool_f17_s7 data=Sleep-EDF-20 variant=uniform_channel_pool fold=17
EXTAB_WAIT ram_mib=29034 vram_free_mib=6962 running=10
EXTAB_WAIT ram_mib=31420 vram_free_mib=5188 running=10
EXTAB_WAIT ram_mib=31422 vram_free_mib=5184 running=10
EXTAB_WAIT ram_mib=31422 vram_free_mib=5184 running=10
EXTAB_WAIT ram_mib=31423 vram_free_mib=5184 running=10
EXTAB_WAIT ram_mib=31422 vram_free_mib=5184 running=10
EXTAB_WAIT ram_mib=31422 vram_free_mib=5184 running=10
EXTAB_WAIT ram_mib=31422 vram_free_mib=5184 running=10
EXTAB_WAIT ram_mib=31422 vram_free_mib=5184 running=10
EXTAB_WAIT ram_mib=31422 vram_free_mib=5184 running=10
EXTAB_WAIT ram_mib=31423 vram_free_mib=5184 running=10
EXTAB_WAIT ram_mib=31422 vram_free_mib=5184 running=10
EXTAB_EXIT screen=extab_Sleep_EDF_20_uniform_channel_pool_f9_s7 code=0
EXTAB_EXIT screen=extab_Sleep_EDF_20_uniform_channel_pool_f8_s7 code=0
EXTAB_LAUNCH screen=extab_Sleep_EDF_20_uniform_channel_pool_f18_s7 data=Sleep-EDF-20 variant=uniform_channel_pool fold=18
EXTAB_LAUNCH screen=extab_Sleep_EDF_20_uniform_channel_pool_f19_s7 data=Sleep-EDF-20 variant=uniform_channel_pool fold=19
EXTAB_WAIT ram_mib=28836 vram_free_mib=6758 running=10
EXTAB_WAIT ram_mib=31424 vram_free_mib=5192 running=10
EXTAB_WAIT ram_mib=31426 vram_free_mib=5188 running=10
EXTAB_WAIT ram_mib=31426 vram_free_mib=5188 running=10
EXTAB_WAIT ram_mib=31426 vram_free_mib=5188 running=10
EXTAB_WAIT ram_mib=31426 vram_free_mib=5188 running=10
EXTAB_WAIT ram_mib=31426 vram_free_mib=5188 running=10
EXTAB_WAIT ram_mib=31426 vram_free_mib=5188 running=10
EXTAB_WAIT ram_mib=31426 vram_free_mib=5188 running=10
EXTAB_WAIT ram_mib=31426 vram_free_mib=5188 running=10
EXTAB_WAIT ram_mib=31426 vram_free_mib=5188 running=10
EXTAB_WAIT ram_mib=31426 vram_free_mib=5188 running=10
EXTAB_WAIT ram_mib=31426 vram_free_mib=5188 running=10
EXTAB_WAIT ram_mib=31426 vram_free_mib=5188 running=10
EXTAB_WAIT ram_mib=31426 vram_free_mib=5188 running=10
EXTAB_WAIT ram_mib=31426 vram_free_mib=5188 running=10
EXTAB_WAIT ram_mib=31426 vram_free_mib=5188 running=10
EXTAB_WAIT ram_mib=31484 vram_free_mib=5188 running=10
EXTAB_EXIT screen=extab_Sleep_EDF_20_uniform_channel_pool_f10_s7 code=0
EXTAB_WAIT ram_mib=28969 vram_free_mib=7095 running=9
EXTAB_WAIT ram_mib=28956 vram_free_mib=7095 running=9
EXTAB_WAIT ram_mib=28974 vram_free_mib=7095 running=9
EXTAB_WAIT ram_mib=29094 vram_free_mib=7095 running=9
EXTAB_WAIT ram_mib=28979 vram_free_mib=7095 running=9
EXTAB_EXIT screen=extab_Sleep_EDF_20_uniform_channel_pool_f11_s7 code=0
EXTAB_LAUNCH screen=extab_Sleep_EDF_20_max_channel_pool_f0_s7 data=Sleep-EDF-20 variant=max_channel_pool fold=0
EXTAB_LAUNCH screen=extab_Sleep_EDF_20_max_channel_pool_f1_s7 data=Sleep-EDF-20 variant=max_channel_pool fold=1
EXTAB_WAIT ram_mib=28791 vram_free_mib=6808 running=10
EXTAB_WAIT ram_mib=31461 vram_free_mib=5198 running=10
EXTAB_WAIT ram_mib=31466 vram_free_mib=5194 running=10
EXTAB_WAIT ram_mib=31463 vram_free_mib=5194 running=10
EXTAB_WAIT ram_mib=31462 vram_free_mib=5194 running=10
EXTAB_WAIT ram_mib=31463 vram_free_mib=5192 running=10
EXTAB_WAIT ram_mib=31462 vram_free_mib=5192 running=10
EXTAB_WAIT ram_mib=31462 vram_free_mib=5192 running=10
EXTAB_WAIT ram_mib=31462 vram_free_mib=5192 running=10
EXTAB_WAIT ram_mib=31462 vram_free_mib=5192 running=10
EXTAB_WAIT ram_mib=31463 vram_free_mib=5192 running=10
EXTAB_EXIT screen=extab_Sleep_EDF_20_uniform_channel_pool_f12_s7 code=0
EXTAB_WAIT ram_mib=28926 vram_free_mib=7099 running=9
EXTAB_EXIT screen=extab_Sleep_EDF_20_uniform_channel_pool_f13_s7 code=0
EXTAB_LAUNCH screen=extab_Sleep_EDF_20_max_channel_pool_f2_s7 data=Sleep-EDF-20 variant=max_channel_pool fold=2
EXTAB_LAUNCH screen=extab_Sleep_EDF_20_max_channel_pool_f3_s7 data=Sleep-EDF-20 variant=max_channel_pool fold=3
EXTAB_LAUNCH screen=extab_Sleep_EDF_20_max_channel_pool_f4_s7 data=Sleep-EDF-20 variant=max_channel_pool fold=4
EXTAB_LAUNCH screen=extab_Sleep_EDF_20_max_channel_pool_f5_s7 data=Sleep-EDF-20 variant=max_channel_pool fold=5
EXTAB_EXIT screen=extab_Sleep_EDF_20_uniform_channel_pool_f15_s7 code=0
EXTAB_EXIT screen=extab_Sleep_EDF_20_uniform_channel_pool_f14_s7 code=0
EXTAB_WAIT ram_mib=31456 vram_free_mib=5194 running=10
EXTAB_WAIT ram_mib=31423 vram_free_mib=5192 running=10
EXTAB_WAIT ram_mib=31424 vram_free_mib=5192 running=10
EXTAB_WAIT ram_mib=31424 vram_free_mib=5192 running=10
EXTAB_WAIT ram_mib=31424 vram_free_mib=5190 running=10
EXTAB_WAIT ram_mib=31425 vram_free_mib=5190 running=10
EXTAB_EXIT screen=extab_Sleep_EDF_20_uniform_channel_pool_f16_s7 code=0
EXTAB_WAIT ram_mib=28885 vram_free_mib=7097 running=9
EXTAB_EXIT screen=extab_Sleep_EDF_20_uniform_channel_pool_f17_s7 code=0
EXTAB_LAUNCH screen=extab_Sleep_EDF_20_max_channel_pool_f6_s7 data=Sleep-EDF-20 variant=max_channel_pool fold=6
EXTAB_LAUNCH screen=extab_Sleep_EDF_20_max_channel_pool_f7_s7 data=Sleep-EDF-20 variant=max_channel_pool fold=7
EXTAB_WAIT ram_mib=28898 vram_free_mib=6726 running=10
EXTAB_WAIT ram_mib=31417 vram_free_mib=5198 running=10
EXTAB_WAIT ram_mib=31420 vram_free_mib=5194 running=10
EXTAB_WAIT ram_mib=31420 vram_free_mib=5194 running=10
EXTAB_WAIT ram_mib=31419 vram_free_mib=5194 running=10
EXTAB_WAIT ram_mib=31420 vram_free_mib=5194 running=10
EXTAB_WAIT ram_mib=31420 vram_free_mib=5194 running=10
EXTAB_WAIT ram_mib=31420 vram_free_mib=5194 running=10
EXTAB_WAIT ram_mib=31415 vram_free_mib=5192 running=10
EXTAB_WAIT ram_mib=31416 vram_free_mib=5192 running=10
EXTAB_WAIT ram_mib=31415 vram_free_mib=5192 running=10
EXTAB_WAIT ram_mib=31415 vram_free_mib=5192 running=10
EXTAB_EXIT screen=extab_Sleep_EDF_20_uniform_channel_pool_f19_s7 code=0
EXTAB_EXIT screen=extab_Sleep_EDF_20_uniform_channel_pool_f18_s7 code=0
EXTAB_LAUNCH screen=extab_Sleep_EDF_20_max_channel_pool_f8_s7 data=Sleep-EDF-20 variant=max_channel_pool fold=8
EXTAB_LAUNCH screen=extab_Sleep_EDF_20_max_channel_pool_f9_s7 data=Sleep-EDF-20 variant=max_channel_pool fold=9
EXTAB_WAIT ram_mib=28671 vram_free_mib=6820 running=10
EXTAB_WAIT ram_mib=31411 vram_free_mib=5194 running=10
EXTAB_WAIT ram_mib=31415 vram_free_mib=5188 running=10
EXTAB_WAIT ram_mib=31415 vram_free_mib=5188 running=10
EXTAB_WAIT ram_mib=31415 vram_free_mib=5188 running=10
EXTAB_WAIT ram_mib=31415 vram_free_mib=5188 running=10
EXTAB_WAIT ram_mib=31416 vram_free_mib=5188 running=10
EXTAB_WAIT ram_mib=31415 vram_free_mib=5188 running=10
EXTAB_WAIT ram_mib=31415 vram_free_mib=5188 running=10
EXTAB_WAIT ram_mib=31415 vram_free_mib=5188 running=10
EXTAB_WAIT ram_mib=31416 vram_free_mib=5188 running=10
EXTAB_WAIT ram_mib=31415 vram_free_mib=5188 running=10
EXTAB_WAIT ram_mib=31416 vram_free_mib=5188 running=10
EXTAB_WAIT ram_mib=31415 vram_free_mib=5188 running=10
EXTAB_WAIT ram_mib=31415 vram_free_mib=5188 running=10
EXTAB_WAIT ram_mib=31416 vram_free_mib=5188 running=10
EXTAB_WAIT ram_mib=31416 vram_free_mib=5188 running=10
EXTAB_WAIT ram_mib=31416 vram_free_mib=5188 running=10
EXTAB_WAIT ram_mib=31416 vram_free_mib=5188 running=10
EXTAB_WAIT ram_mib=31416 vram_free_mib=5188 running=10
EXTAB_WAIT ram_mib=31416 vram_free_mib=5188 running=10
EXTAB_WAIT ram_mib=31416 vram_free_mib=5188 running=10
EXTAB_WAIT ram_mib=31416 vram_free_mib=5188 running=10
EXTAB_EXIT screen=extab_Sleep_EDF_20_max_channel_pool_f0_s7 code=0
EXTAB_WAIT ram_mib=28879 vram_free_mib=7095 running=9
EXTAB_EXIT screen=extab_Sleep_EDF_20_max_channel_pool_f1_s7 code=0
EXTAB_LAUNCH screen=extab_Sleep_EDF_20_max_channel_pool_f10_s7 data=Sleep-EDF-20 variant=max_channel_pool fold=10
EXTAB_LAUNCH screen=extab_Sleep_EDF_20_max_channel_pool_f11_s7 data=Sleep-EDF-20 variant=max_channel_pool fold=11
EXTAB_WAIT ram_mib=28680 vram_free_mib=6818 running=10
EXTAB_WAIT ram_mib=31423 vram_free_mib=5190 running=10
EXTAB_WAIT ram_mib=31424 vram_free_mib=5186 running=10
EXTAB_WAIT ram_mib=31424 vram_free_mib=5186 running=10
EXTAB_WAIT ram_mib=31424 vram_free_mib=5186 running=10
EXTAB_EXIT screen=extab_Sleep_EDF_20_max_channel_pool_f4_s7 code=0
EXTAB_WAIT ram_mib=28892 vram_free_mib=7093 running=9
EXTAB_WAIT ram_mib=28891 vram_free_mib=7093 running=9
EXTAB_WAIT ram_mib=28892 vram_free_mib=7093 running=9
EXTAB_WAIT ram_mib=28891 vram_free_mib=7093 running=9
EXTAB_EXIT screen=extab_Sleep_EDF_20_max_channel_pool_f5_s7 code=0
EXTAB_LAUNCH screen=extab_Sleep_EDF_20_max_channel_pool_f12_s7 data=Sleep-EDF-20 variant=max_channel_pool fold=12
EXTAB_LAUNCH screen=extab_Sleep_EDF_20_max_channel_pool_f13_s7 data=Sleep-EDF-20 variant=max_channel_pool fold=13
EXTAB_WAIT ram_mib=29087 vram_free_mib=6950 running=10
EXTAB_EXIT screen=extab_Sleep_EDF_20_max_channel_pool_f2_s7 code=0
EXTAB_EXIT screen=extab_Sleep_EDF_20_max_channel_pool_f3_s7 code=0
EXTAB_LAUNCH screen=extab_Sleep_EDF_20_max_channel_pool_f14_s7 data=Sleep-EDF-20 variant=max_channel_pool fold=14
EXTAB_LAUNCH screen=extab_Sleep_EDF_20_max_channel_pool_f15_s7 data=Sleep-EDF-20 variant=max_channel_pool fold=15
EXTAB_WAIT ram_mib=28765 vram_free_mib=6792 running=10
EXTAB_WAIT ram_mib=31439 vram_free_mib=5196 running=10
EXTAB_WAIT ram_mib=31440 vram_free_mib=5188 running=10
EXTAB_WAIT ram_mib=31440 vram_free_mib=5188 running=10
EXTAB_WAIT ram_mib=31440 vram_free_mib=5188 running=10
EXTAB_WAIT ram_mib=31441 vram_free_mib=5188 running=10
EXTAB_WAIT ram_mib=31442 vram_free_mib=5188 running=10
EXTAB_WAIT ram_mib=31442 vram_free_mib=5188 running=10
EXTAB_WAIT ram_mib=31442 vram_free_mib=5188 running=10
EXTAB_EXIT screen=extab_Sleep_EDF_20_max_channel_pool_f7_s7 code=0
EXTAB_EXIT screen=extab_Sleep_EDF_20_max_channel_pool_f6_s7 code=0
EXTAB_LAUNCH screen=extab_Sleep_EDF_20_max_channel_pool_f16_s7 data=Sleep-EDF-20 variant=max_channel_pool fold=16
EXTAB_LAUNCH screen=extab_Sleep_EDF_20_max_channel_pool_f17_s7 data=Sleep-EDF-20 variant=max_channel_pool fold=17
EXTAB_WAIT ram_mib=28614 vram_free_mib=6846 running=10
EXTAB_WAIT ram_mib=31434 vram_free_mib=5188 running=10
EXTAB_WAIT ram_mib=31435 vram_free_mib=5184 running=10
EXTAB_WAIT ram_mib=31435 vram_free_mib=5184 running=10
EXTAB_WAIT ram_mib=31436 vram_free_mib=5184 running=10
EXTAB_WAIT ram_mib=31435 vram_free_mib=5184 running=10
EXTAB_WAIT ram_mib=31436 vram_free_mib=5184 running=10
EXTAB_EXIT screen=extab_Sleep_EDF_20_max_channel_pool_f8_s7 code=0
EXTAB_WAIT ram_mib=28904 vram_free_mib=7095 running=9
EXTAB_WAIT ram_mib=28904 vram_free_mib=7095 running=9
EXTAB_WAIT ram_mib=28905 vram_free_mib=7095 running=9
EXTAB_WAIT ram_mib=28904 vram_free_mib=7095 running=9
EXTAB_WAIT ram_mib=28905 vram_free_mib=7095 running=9
EXTAB_EXIT screen=extab_Sleep_EDF_20_max_channel_pool_f9_s7 code=0
EXTAB_LAUNCH screen=extab_Sleep_EDF_20_max_channel_pool_f18_s7 data=Sleep-EDF-20 variant=max_channel_pool fold=18
EXTAB_LAUNCH screen=extab_Sleep_EDF_20_max_channel_pool_f19_s7 data=Sleep-EDF-20 variant=max_channel_pool fold=19
EXTAB_WAIT ram_mib=28740 vram_free_mib=6804 running=10
EXTAB_WAIT ram_mib=31451 vram_free_mib=5192 running=10
EXTAB_WAIT ram_mib=31452 vram_free_mib=5188 running=10
EXTAB_WAIT ram_mib=31451 vram_free_mib=5188 running=10
EXTAB_WAIT ram_mib=31451 vram_free_mib=5188 running=10
EXTAB_WAIT ram_mib=31451 vram_free_mib=5188 running=10
EXTAB_WAIT ram_mib=31451 vram_free_mib=5188 running=10
EXTAB_WAIT ram_mib=31452 vram_free_mib=5188 running=10
EXTAB_WAIT ram_mib=31452 vram_free_mib=5188 running=10
EXTAB_WAIT ram_mib=31453 vram_free_mib=5188 running=10
EXTAB_WAIT ram_mib=31453 vram_free_mib=5188 running=10
EXTAB_WAIT ram_mib=31453 vram_free_mib=5188 running=10
EXTAB_WAIT ram_mib=31453 vram_free_mib=5188 running=10
EXTAB_WAIT ram_mib=31453 vram_free_mib=5188 running=10
EXTAB_EXIT screen=extab_Sleep_EDF_20_max_channel_pool_f11_s7 code=0
EXTAB_WAIT ram_mib=28914 vram_free_mib=7097 running=9
EXTAB_WAIT ram_mib=28914 vram_free_mib=7097 running=9
EXTAB_WAIT ram_mib=28914 vram_free_mib=7097 running=9
EXTAB_WAIT ram_mib=28914 vram_free_mib=7097 running=9
EXTAB_WAIT ram_mib=28914 vram_free_mib=7097 running=9
EXTAB_WAIT ram_mib=28914 vram_free_mib=7097 running=9
EXTAB_WAIT ram_mib=28914 vram_free_mib=7097 running=9
EXTAB_WAIT ram_mib=28914 vram_free_mib=7097 running=9
EXTAB_EXIT screen=extab_Sleep_EDF_20_max_channel_pool_f10_s7 code=0
EXTAB_LAUNCH screen=extab_Sleep_EDF_20_no_bilstm_f0_s7 data=Sleep-EDF-20 variant=no_bilstm fold=0
EXTAB_LAUNCH screen=extab_Sleep_EDF_20_no_bilstm_f1_s7 data=Sleep-EDF-20 variant=no_bilstm fold=1
EXTAB_WAIT ram_mib=28794 vram_free_mib=6784 running=10
EXTAB_WAIT ram_mib=30649 vram_free_mib=5630 running=10
EXTAB_WAIT ram_mib=30652 vram_free_mib=5630 running=10
EXTAB_WAIT ram_mib=30652 vram_free_mib=5630 running=10
EXTAB_WAIT ram_mib=30654 vram_free_mib=5628 running=10
EXTAB_WAIT ram_mib=30653 vram_free_mib=5628 running=10
EXTAB_WAIT ram_mib=30653 vram_free_mib=5628 running=10
EXTAB_WAIT ram_mib=30653 vram_free_mib=5628 running=10
EXTAB_EXIT screen=extab_Sleep_EDF_20_max_channel_pool_f14_s7 code=0
EXTAB_LAUNCH screen=extab_Sleep_EDF_20_no_bilstm_f2_s7 data=Sleep-EDF-20 variant=no_bilstm fold=2
EXTAB_WAIT ram_mib=29019 vram_free_mib=6708 running=10
EXTAB_EXIT screen=extab_Sleep_EDF_20_max_channel_pool_f12_s7 code=0
EXTAB_LAUNCH screen=extab_Sleep_EDF_20_no_bilstm_f3_s7 data=Sleep-EDF-20 variant=no_bilstm fold=3
EXTAB_WAIT ram_mib=28821 vram_free_mib=6836 running=10
EXTAB_EXIT screen=extab_Sleep_EDF_20_max_channel_pool_f13_s7 code=0
EXTAB_EXIT screen=extab_Sleep_EDF_20_max_channel_pool_f15_s7 code=0
EXTAB_LAUNCH screen=extab_Sleep_EDF_20_no_bilstm_f4_s7 data=Sleep-EDF-20 variant=no_bilstm fold=4
EXTAB_LAUNCH screen=extab_Sleep_EDF_20_no_bilstm_f5_s7 data=Sleep-EDF-20 variant=no_bilstm fold=5
EXTAB_LAUNCH screen=extab_Sleep_EDF_20_no_bilstm_f6_s7 data=Sleep-EDF-20 variant=no_bilstm fold=6
EXTAB_WAIT ram_mib=29167 vram_free_mib=6057 running=11
EXTAB_WAIT ram_mib=31187 vram_free_mib=4815 running=11
EXTAB_WAIT ram_mib=31194 vram_free_mib=4815 running=11
EXTAB_WAIT ram_mib=31194 vram_free_mib=4815 running=11
EXTAB_WAIT ram_mib=31195 vram_free_mib=4815 running=11
EXTAB_WAIT ram_mib=31195 vram_free_mib=4815 running=11
EXTAB_WAIT ram_mib=31194 vram_free_mib=4815 running=11
EXTAB_WAIT ram_mib=31194 vram_free_mib=4813 running=11
EXTAB_EXIT screen=extab_Sleep_EDF_20_max_channel_pool_f17_s7 code=0
EXTAB_EXIT screen=extab_Sleep_EDF_20_max_channel_pool_f16_s7 code=0
EXTAB_EXIT screen=extab_Sleep_EDF_20_max_channel_pool_f18_s7 code=0
EXTAB_LAUNCH screen=extab_Sleep_EDF_20_no_bilstm_f7_s7 data=Sleep-EDF-20 variant=no_bilstm fold=7
EXTAB_LAUNCH screen=extab_Sleep_EDF_20_no_bilstm_f8_s7 data=Sleep-EDF-20 variant=no_bilstm fold=8
EXTAB_LAUNCH screen=extab_Sleep_EDF_20_no_bilstm_f9_s7 data=Sleep-EDF-20 variant=no_bilstm fold=9
EXTAB_WAIT ram_mib=28241 vram_free_mib=6565 running=11
EXTAB_WAIT ram_mib=29999 vram_free_mib=5465 running=11
EXTAB_WAIT ram_mib=30003 vram_free_mib=5463 running=11
EXTAB_WAIT ram_mib=30003 vram_free_mib=5463 running=11
EXTAB_WAIT ram_mib=30003 vram_free_mib=5463 running=11
EXTAB_WAIT ram_mib=30003 vram_free_mib=5463 running=11
EXTAB_WAIT ram_mib=30003 vram_free_mib=5463 running=11
EXTAB_WAIT ram_mib=30003 vram_free_mib=5463 running=11
EXTAB_WAIT ram_mib=30003 vram_free_mib=5463 running=11
EXTAB_WAIT ram_mib=30003 vram_free_mib=5463 running=11
EXTAB_EXIT screen=extab_Sleep_EDF_20_max_channel_pool_f19_s7 code=0
EXTAB_LAUNCH screen=extab_Sleep_EDF_20_no_bilstm_f10_s7 data=Sleep-EDF-20 variant=no_bilstm fold=10
EXTAB_WAIT ram_mib=28485 vram_free_mib=6483 running=11
EXTAB_WAIT ram_mib=29603 vram_free_mib=5683 running=11
EXTAB_WAIT ram_mib=29603 vram_free_mib=5681 running=11
EXTAB_WAIT ram_mib=29604 vram_free_mib=5681 running=11
EXTAB_WAIT ram_mib=29604 vram_free_mib=5681 running=11
EXTAB_WAIT ram_mib=29604 vram_free_mib=5681 running=11
EXTAB_WAIT ram_mib=29603 vram_free_mib=5681 running=11
EXTAB_WAIT ram_mib=29604 vram_free_mib=5681 running=11
EXTAB_WAIT ram_mib=29604 vram_free_mib=5681 running=11
EXTAB_WAIT ram_mib=29604 vram_free_mib=5681 running=11
EXTAB_WAIT ram_mib=29604 vram_free_mib=5681 running=11
EXTAB_WAIT ram_mib=29604 vram_free_mib=5681 running=11
EXTAB_WAIT ram_mib=29604 vram_free_mib=5681 running=11
EXTAB_WAIT ram_mib=29604 vram_free_mib=5681 running=11
EXTAB_WAIT ram_mib=29605 vram_free_mib=5681 running=11
EXTAB_EXIT screen=extab_Sleep_EDF_20_no_bilstm_f1_s7 code=0
EXTAB_EXIT screen=extab_Sleep_EDF_20_no_bilstm_f0_s7 code=0
EXTAB_LAUNCH screen=extab_Sleep_EDF_20_no_bilstm_f11_s7 data=Sleep-EDF-20 variant=no_bilstm fold=11
EXTAB_LAUNCH screen=extab_Sleep_EDF_20_no_bilstm_f12_s7 data=Sleep-EDF-20 variant=no_bilstm fold=12
EXTAB_LAUNCH screen=extab_Sleep_EDF_20_no_bilstm_f13_s7 data=Sleep-EDF-20 variant=no_bilstm fold=13
EXTAB_EXIT screen=extab_Sleep_EDF_20_no_bilstm_f4_s7 code=0
EXTAB_WAIT ram_mib=29607 vram_free_mib=5677 running=11
EXTAB_WAIT ram_mib=29606 vram_free_mib=5677 running=11
EXTAB_EXIT screen=extab_Sleep_EDF_20_no_bilstm_f2_s7 code=0
EXTAB_LAUNCH screen=extab_Sleep_EDF_20_no_bilstm_f14_s7 data=Sleep-EDF-20 variant=no_bilstm fold=14
EXTAB_LAUNCH screen=extab_Sleep_EDF_20_no_bilstm_f15_s7 data=Sleep-EDF-20 variant=no_bilstm fold=15
EXTAB_EXIT screen=extab_Sleep_EDF_20_no_bilstm_f3_s7 code=0
EXTAB_EXIT screen=extab_Sleep_EDF_20_no_bilstm_f6_s7 code=0
EXTAB_LAUNCH screen=extab_Sleep_EDF_20_no_bilstm_f16_s7 data=Sleep-EDF-20 variant=no_bilstm fold=16
EXTAB_WAIT ram_mib=28547 vram_free_mib=6471 running=11
EXTAB_EXIT screen=extab_Sleep_EDF_20_no_bilstm_f5_s7 code=0
EXTAB_LAUNCH screen=extab_Sleep_EDF_20_no_bilstm_f17_s7 data=Sleep-EDF-20 variant=no_bilstm fold=17
EXTAB_WAIT ram_mib=28555 vram_free_mib=6451 running=11
EXTAB_EXIT screen=extab_Sleep_EDF_20_no_bilstm_f8_s7 code=0
EXTAB_EXIT screen=extab_Sleep_EDF_20_no_bilstm_f7_s7 code=0
EXTAB_LAUNCH screen=extab_Sleep_EDF_20_no_bilstm_f18_s7 data=Sleep-EDF-20 variant=no_bilstm fold=18
EXTAB_LAUNCH screen=extab_Sleep_EDF_20_no_bilstm_f19_s7 data=Sleep-EDF-20 variant=no_bilstm fold=19
EXTAB_LAUNCH screen=extab_Sleep_EDF_20_endpoint_bilstm_f0_s7 data=Sleep-EDF-20 variant=endpoint_bilstm fold=0
EXTAB_EXIT screen=extab_Sleep_EDF_20_no_bilstm_f9_s7 code=0
EXTAB_WAIT ram_mib=30020 vram_free_mib=5453 running=11
EXTAB_WAIT ram_mib=30020 vram_free_mib=5453 running=11
EXTAB_WAIT ram_mib=30020 vram_free_mib=5453 running=11
EXTAB_WAIT ram_mib=30020 vram_free_mib=5453 running=11
EXTAB_WAIT ram_mib=30020 vram_free_mib=5453 running=11
EXTAB_WAIT ram_mib=30021 vram_free_mib=5453 running=11
EXTAB_WAIT ram_mib=30021 vram_free_mib=5453 running=11
EXTAB_WAIT ram_mib=30021 vram_free_mib=5453 running=11
EXTAB_WAIT ram_mib=30021 vram_free_mib=5453 running=11
EXTAB_WAIT ram_mib=30022 vram_free_mib=5453 running=11
EXTAB_EXIT screen=extab_Sleep_EDF_20_no_bilstm_f10_s7 code=0
EXTAB_LAUNCH screen=extab_Sleep_EDF_20_endpoint_bilstm_f1_s7 data=Sleep-EDF-20 variant=endpoint_bilstm fold=1
EXTAB_WAIT ram_mib=28880 vram_free_mib=6277 running=11
EXTAB_WAIT ram_mib=30419 vram_free_mib=5239 running=11
EXTAB_WAIT ram_mib=30420 vram_free_mib=5239 running=11
EXTAB_WAIT ram_mib=30420 vram_free_mib=5237 running=11
EXTAB_WAIT ram_mib=30420 vram_free_mib=5237 running=11
EXTAB_WAIT ram_mib=30420 vram_free_mib=5237 running=11
EXTAB_WAIT ram_mib=30420 vram_free_mib=5237 running=11
EXTAB_WAIT ram_mib=30420 vram_free_mib=5237 running=11
EXTAB_WAIT ram_mib=30421 vram_free_mib=5237 running=11
EXTAB_WAIT ram_mib=30420 vram_free_mib=5237 running=11
EXTAB_WAIT ram_mib=30420 vram_free_mib=5237 running=11
EXTAB_WAIT ram_mib=30420 vram_free_mib=5237 running=11
EXTAB_WAIT ram_mib=30420 vram_free_mib=5237 running=11
EXTAB_WAIT ram_mib=30420 vram_free_mib=5237 running=11
EXTAB_WAIT ram_mib=30421 vram_free_mib=5237 running=11
EXTAB_WAIT ram_mib=30421 vram_free_mib=5237 running=11
EXTAB_WAIT ram_mib=30422 vram_free_mib=5237 running=11
EXTAB_EXIT screen=extab_Sleep_EDF_20_no_bilstm_f12_s7 code=0
EXTAB_EXIT screen=extab_Sleep_EDF_20_no_bilstm_f11_s7 code=0
EXTAB_LAUNCH screen=extab_Sleep_EDF_20_endpoint_bilstm_f2_s7 data=Sleep-EDF-20 variant=endpoint_bilstm fold=2
EXTAB_LAUNCH screen=extab_Sleep_EDF_20_endpoint_bilstm_f3_s7 data=Sleep-EDF-20 variant=endpoint_bilstm fold=3
EXTAB_WAIT ram_mib=28673 vram_free_mib=6365 running=11
EXTAB_EXIT screen=extab_Sleep_EDF_20_no_bilstm_f13_s7 code=0
EXTAB_WAIT ram_mib=29088 vram_free_mib=6504 running=10
EXTAB_WAIT ram_mib=29089 vram_free_mib=6500 running=10
EXTAB_WAIT ram_mib=29089 vram_free_mib=6498 running=10
EXTAB_WAIT ram_mib=29089 vram_free_mib=6498 running=10
EXTAB_WAIT ram_mib=29089 vram_free_mib=6496 running=10
EXTAB_EXIT screen=extab_Sleep_EDF_20_no_bilstm_f14_s7 code=0
EXTAB_EXIT screen=extab_Sleep_EDF_20_no_bilstm_f16_s7 code=0
EXTAB_LAUNCH screen=extab_Sleep_EDF_20_endpoint_bilstm_f4_s7 data=Sleep-EDF-20 variant=endpoint_bilstm fold=4
EXTAB_LAUNCH screen=extab_Sleep_EDF_20_endpoint_bilstm_f5_s7 data=Sleep-EDF-20 variant=endpoint_bilstm fold=5
EXTAB_LAUNCH screen=extab_Sleep_EDF_20_endpoint_bilstm_f6_s7 data=Sleep-EDF-20 variant=endpoint_bilstm fold=6
EXTAB_LAUNCH screen=extab_Sleep_EDF_20_endpoint_bilstm_f7_s7 data=Sleep-EDF-20 variant=endpoint_bilstm fold=7
EXTAB_EXIT screen=extab_Sleep_EDF_20_no_bilstm_f15_s7 code=0
EXTAB_WAIT ram_mib=32767 vram_free_mib=3945 running=11
EXTAB_EXIT screen=extab_Sleep_EDF_20_no_bilstm_f17_s7 code=0
EXTAB_WAIT ram_mib=30625 vram_free_mib=5630 running=10
EXTAB_WAIT ram_mib=30625 vram_free_mib=5628 running=10
EXTAB_EXIT screen=extab_Sleep_EDF_20_no_bilstm_f18_s7 code=0
EXTAB_WAIT ram_mib=28488 vram_free_mib=7315 running=9
EXTAB_EXIT screen=extab_Sleep_EDF_20_no_bilstm_f19_s7 code=0
EXTAB_LAUNCH screen=extab_Sleep_EDF_20_endpoint_bilstm_f8_s7 data=Sleep-EDF-20 variant=endpoint_bilstm fold=8
EXTAB_LAUNCH screen=extab_Sleep_EDF_20_endpoint_bilstm_f9_s7 data=Sleep-EDF-20 variant=endpoint_bilstm fold=9
EXTAB_WAIT ram_mib=28783 vram_free_mib=6782 running=10
EXTAB_WAIT ram_mib=31419 vram_free_mib=5194 running=10
EXTAB_WAIT ram_mib=31421 vram_free_mib=5188 running=10
EXTAB_WAIT ram_mib=31421 vram_free_mib=5186 running=10
EXTAB_EXIT screen=extab_Sleep_EDF_20_endpoint_bilstm_f0_s7 code=0
EXTAB_WAIT ram_mib=28889 vram_free_mib=7093 running=9
EXTAB_WAIT ram_mib=28891 vram_free_mib=7093 running=9
EXTAB_WAIT ram_mib=28890 vram_free_mib=7093 running=9
EXTAB_WAIT ram_mib=28890 vram_free_mib=7093 running=9
EXTAB_WAIT ram_mib=28892 vram_free_mib=7093 running=9
EXTAB_WAIT ram_mib=28891 vram_free_mib=7093 running=9
EXTAB_EXIT screen=extab_Sleep_EDF_20_endpoint_bilstm_f1_s7 code=0
EXTAB_LAUNCH screen=extab_Sleep_EDF_20_endpoint_bilstm_f10_s7 data=Sleep-EDF-20 variant=endpoint_bilstm fold=10
EXTAB_LAUNCH screen=extab_Sleep_EDF_20_endpoint_bilstm_f11_s7 data=Sleep-EDF-20 variant=endpoint_bilstm fold=11
EXTAB_WAIT ram_mib=28714 vram_free_mib=6806 running=10
EXTAB_WAIT ram_mib=31425 vram_free_mib=5188 running=10
EXTAB_WAIT ram_mib=31427 vram_free_mib=5184 running=10
EXTAB_WAIT ram_mib=31427 vram_free_mib=5184 running=10
EXTAB_WAIT ram_mib=31427 vram_free_mib=5182 running=10
EXTAB_WAIT ram_mib=31427 vram_free_mib=5182 running=10
EXTAB_WAIT ram_mib=31427 vram_free_mib=5182 running=10
EXTAB_WAIT ram_mib=31427 vram_free_mib=5182 running=10
EXTAB_WAIT ram_mib=31428 vram_free_mib=5182 running=10
EXTAB_WAIT ram_mib=31428 vram_free_mib=5182 running=10
EXTAB_WAIT ram_mib=31428 vram_free_mib=5182 running=10
EXTAB_WAIT ram_mib=31429 vram_free_mib=5182 running=10
EXTAB_WAIT ram_mib=31428 vram_free_mib=5182 running=10
EXTAB_WAIT ram_mib=31428 vram_free_mib=5182 running=10
EXTAB_WAIT ram_mib=31428 vram_free_mib=5182 running=10
EXTAB_WAIT ram_mib=31429 vram_free_mib=5182 running=10
EXTAB_WAIT ram_mib=31428 vram_free_mib=5182 running=10
EXTAB_WAIT ram_mib=31428 vram_free_mib=5182 running=10
EXTAB_WAIT ram_mib=31428 vram_free_mib=5182 running=10
EXTAB_WAIT ram_mib=31428 vram_free_mib=5182 running=10
EXTAB_WAIT ram_mib=31429 vram_free_mib=5182 running=10
EXTAB_WAIT ram_mib=31429 vram_free_mib=5182 running=10
EXTAB_WAIT ram_mib=31428 vram_free_mib=5182 running=10
EXTAB_WAIT ram_mib=31429 vram_free_mib=5182 running=10
EXTAB_WAIT ram_mib=31428 vram_free_mib=5182 running=10
EXTAB_WAIT ram_mib=31428 vram_free_mib=5182 running=10
EXTAB_WAIT ram_mib=31428 vram_free_mib=5182 running=10
EXTAB_WAIT ram_mib=31428 vram_free_mib=5182 running=10
EXTAB_WAIT ram_mib=31429 vram_free_mib=5182 running=10
EXTAB_WAIT ram_mib=31428 vram_free_mib=5182 running=10
EXTAB_WAIT ram_mib=31428 vram_free_mib=5182 running=10
EXTAB_WAIT ram_mib=31429 vram_free_mib=5182 running=10
EXTAB_EXIT screen=extab_Sleep_EDF_20_endpoint_bilstm_f2_s7 code=0
EXTAB_EXIT screen=extab_Sleep_EDF_20_endpoint_bilstm_f3_s7 code=0
EXTAB_LAUNCH screen=extab_Sleep_EDF_20_endpoint_bilstm_f12_s7 data=Sleep-EDF-20 variant=endpoint_bilstm fold=12
EXTAB_LAUNCH screen=extab_Sleep_EDF_20_endpoint_bilstm_f13_s7 data=Sleep-EDF-20 variant=endpoint_bilstm fold=13
EXTAB_WAIT ram_mib=28768 vram_free_mib=6782 running=10
EXTAB_WAIT ram_mib=31435 vram_free_mib=5184 running=10
EXTAB_WAIT ram_mib=31436 vram_free_mib=5184 running=10
EXTAB_WAIT ram_mib=31436 vram_free_mib=5184 running=10
EXTAB_WAIT ram_mib=31436 vram_free_mib=5184 running=10
EXTAB_WAIT ram_mib=31436 vram_free_mib=5184 running=10
EXTAB_WAIT ram_mib=31436 vram_free_mib=5182 running=10
EXTAB_EXIT screen=extab_Sleep_EDF_20_endpoint_bilstm_f4_s7 code=0
EXTAB_WAIT ram_mib=28903 vram_free_mib=7089 running=9
EXTAB_EXIT screen=extab_Sleep_EDF_20_endpoint_bilstm_f7_s7 code=0
EXTAB_EXIT screen=extab_Sleep_EDF_20_endpoint_bilstm_f6_s7 code=0
EXTAB_EXIT screen=extab_Sleep_EDF_20_endpoint_bilstm_f5_s7 code=0
EXTAB_LAUNCH screen=extab_Sleep_EDF_20_endpoint_bilstm_f14_s7 data=Sleep-EDF-20 variant=endpoint_bilstm fold=14
EXTAB_LAUNCH screen=extab_Sleep_EDF_20_endpoint_bilstm_f15_s7 data=Sleep-EDF-20 variant=endpoint_bilstm fold=15
EXTAB_LAUNCH screen=extab_Sleep_EDF_20_endpoint_bilstm_f16_s7 data=Sleep-EDF-20 variant=endpoint_bilstm fold=16
EXTAB_LAUNCH screen=extab_Sleep_EDF_20_endpoint_bilstm_f17_s7 data=Sleep-EDF-20 variant=endpoint_bilstm fold=17
EXTAB_WAIT ram_mib=28547 vram_free_mib=6976 running=10
EXTAB_WAIT ram_mib=31445 vram_free_mib=5186 running=10
EXTAB_WAIT ram_mib=31445 vram_free_mib=5180 running=10
EXTAB_WAIT ram_mib=31445 vram_free_mib=5180 running=10
EXTAB_EXIT screen=extab_Sleep_EDF_20_endpoint_bilstm_f8_s7 code=0
EXTAB_WAIT ram_mib=28910 vram_free_mib=7093 running=9
EXTAB_EXIT screen=extab_Sleep_EDF_20_endpoint_bilstm_f9_s7 code=0
EXTAB_LAUNCH screen=extab_Sleep_EDF_20_endpoint_bilstm_f18_s7 data=Sleep-EDF-20 variant=endpoint_bilstm fold=18
EXTAB_LAUNCH screen=extab_Sleep_EDF_20_endpoint_bilstm_f19_s7 data=Sleep-EDF-20 variant=endpoint_bilstm fold=19
EXTAB_WAIT ram_mib=28580 vram_free_mib=6890 running=10
EXTAB_WAIT ram_mib=31448 vram_free_mib=5188 running=10
EXTAB_WAIT ram_mib=31449 vram_free_mib=5184 running=10
EXTAB_WAIT ram_mib=31449 vram_free_mib=5184 running=10
EXTAB_EXIT screen=extab_Sleep_EDF_20_endpoint_bilstm_f11_s7 code=0
EXTAB_WAIT ram_mib=28914 vram_free_mib=7093 running=9
EXTAB_WAIT ram_mib=28915 vram_free_mib=7093 running=9
EXTAB_WAIT ram_mib=28914 vram_free_mib=7093 running=9
EXTAB_WAIT ram_mib=28915 vram_free_mib=7093 running=9
EXTAB_WAIT ram_mib=28914 vram_free_mib=7093 running=9
EXTAB_EXIT screen=extab_Sleep_EDF_20_endpoint_bilstm_f10_s7 code=0
EXTAB_LAUNCH screen=extab_Sleep_EDF_20_mean_bilstm_f0_s7 data=Sleep-EDF-20 variant=mean_bilstm fold=0
EXTAB_LAUNCH screen=extab_Sleep_EDF_20_mean_bilstm_f1_s7 data=Sleep-EDF-20 variant=mean_bilstm fold=1
EXTAB_WAIT ram_mib=28768 vram_free_mib=6954 running=10
EXTAB_WAIT ram_mib=31448 vram_free_mib=5194 running=10
EXTAB_WAIT ram_mib=31448 vram_free_mib=5190 running=10
EXTAB_WAIT ram_mib=31449 vram_free_mib=5188 running=10
EXTAB_WAIT ram_mib=31449 vram_free_mib=5188 running=10
EXTAB_WAIT ram_mib=31449 vram_free_mib=5188 running=10
EXTAB_WAIT ram_mib=31449 vram_free_mib=5188 running=10
EXTAB_WAIT ram_mib=31449 vram_free_mib=5188 running=10
EXTAB_WAIT ram_mib=31449 vram_free_mib=5188 running=10
EXTAB_WAIT ram_mib=31449 vram_free_mib=5188 running=10
EXTAB_WAIT ram_mib=31449 vram_free_mib=5188 running=10
EXTAB_WAIT ram_mib=31450 vram_free_mib=5188 running=10
EXTAB_WAIT ram_mib=31449 vram_free_mib=5188 running=10
EXTAB_WAIT ram_mib=31449 vram_free_mib=5188 running=10
EXTAB_WAIT ram_mib=31449 vram_free_mib=5188 running=10
EXTAB_WAIT ram_mib=31449 vram_free_mib=5188 running=10
EXTAB_WAIT ram_mib=31449 vram_free_mib=5188 running=10
EXTAB_WAIT ram_mib=31449 vram_free_mib=5188 running=10
EXTAB_WAIT ram_mib=31450 vram_free_mib=5188 running=10
EXTAB_WAIT ram_mib=31450 vram_free_mib=5188 running=10
EXTAB_WAIT ram_mib=31449 vram_free_mib=5188 running=10
EXTAB_WAIT ram_mib=31448 vram_free_mib=5188 running=10
EXTAB_WAIT ram_mib=31449 vram_free_mib=5188 running=10
EXTAB_WAIT ram_mib=31449 vram_free_mib=5188 running=10
EXTAB_WAIT ram_mib=31449 vram_free_mib=5188 running=10
EXTAB_WAIT ram_mib=31449 vram_free_mib=5188 running=10
EXTAB_WAIT ram_mib=31449 vram_free_mib=5188 running=10
EXTAB_WAIT ram_mib=31449 vram_free_mib=5188 running=10
EXTAB_WAIT ram_mib=31448 vram_free_mib=5188 running=10
EXTAB_WAIT ram_mib=31449 vram_free_mib=5188 running=10
EXTAB_WAIT ram_mib=31449 vram_free_mib=5188 running=10
EXTAB_WAIT ram_mib=31449 vram_free_mib=5188 running=10
EXTAB_WAIT ram_mib=31450 vram_free_mib=5188 running=10
EXTAB_EXIT screen=extab_Sleep_EDF_20_endpoint_bilstm_f12_s7 code=0
EXTAB_WAIT ram_mib=28904 vram_free_mib=7095 running=9
EXTAB_EXIT screen=extab_Sleep_EDF_20_endpoint_bilstm_f13_s7 code=0
EXTAB_LAUNCH screen=extab_Sleep_EDF_20_mean_bilstm_f2_s7 data=Sleep-EDF-20 variant=mean_bilstm fold=2
EXTAB_LAUNCH screen=extab_Sleep_EDF_20_mean_bilstm_f3_s7 data=Sleep-EDF-20 variant=mean_bilstm fold=3
EXTAB_WAIT ram_mib=28623 vram_free_mib=6848 running=10
EXTAB_WAIT ram_mib=31438 vram_free_mib=5196 running=10
EXTAB_WAIT ram_mib=31438 vram_free_mib=5190 running=10
EXTAB_EXIT screen=extab_Sleep_EDF_20_endpoint_bilstm_f16_s7 code=0
EXTAB_WAIT ram_mib=28907 vram_free_mib=7097 running=9
EXTAB_EXIT screen=extab_Sleep_EDF_20_endpoint_bilstm_f17_s7 code=0
EXTAB_LAUNCH screen=extab_Sleep_EDF_20_mean_bilstm_f4_s7 data=Sleep-EDF-20 variant=mean_bilstm fold=4
EXTAB_LAUNCH screen=extab_Sleep_EDF_20_mean_bilstm_f5_s7 data=Sleep-EDF-20 variant=mean_bilstm fold=5
EXTAB_WAIT ram_mib=28802 vram_free_mib=6816 running=10
EXTAB_EXIT screen=extab_Sleep_EDF_20_endpoint_bilstm_f14_s7 code=0
EXTAB_WAIT ram_mib=28902 vram_free_mib=7101 running=9
EXTAB_EXIT screen=extab_Sleep_EDF_20_endpoint_bilstm_f15_s7 code=0
EXTAB_EXIT screen=extab_Sleep_EDF_20_endpoint_bilstm_f19_s7 code=0
EXTAB_LAUNCH screen=extab_Sleep_EDF_20_mean_bilstm_f6_s7 data=Sleep-EDF-20 variant=mean_bilstm fold=6
EXTAB_LAUNCH screen=extab_Sleep_EDF_20_mean_bilstm_f7_s7 data=Sleep-EDF-20 variant=mean_bilstm fold=7
EXTAB_LAUNCH screen=extab_Sleep_EDF_20_mean_bilstm_f8_s7 data=Sleep-EDF-20 variant=mean_bilstm fold=8
EXTAB_WAIT ram_mib=28588 vram_free_mib=6966 running=10
EXTAB_WAIT ram_mib=31437 vram_free_mib=5198 running=10
EXTAB_WAIT ram_mib=31440 vram_free_mib=5190 running=10
EXTAB_WAIT ram_mib=31440 vram_free_mib=5190 running=10
EXTAB_EXIT screen=extab_Sleep_EDF_20_endpoint_bilstm_f18_s7 code=0
EXTAB_WAIT ram_mib=28905 vram_free_mib=7093 running=9
EXTAB_WAIT ram_mib=28906 vram_free_mib=7093 running=9
EXTAB_WAIT ram_mib=28906 vram_free_mib=7093 running=9
EXTAB_WAIT ram_mib=28906 vram_free_mib=7093 running=9
EXTAB_WAIT ram_mib=28906 vram_free_mib=7093 running=9
EXTAB_WAIT ram_mib=28907 vram_free_mib=7093 running=9
EXTAB_WAIT ram_mib=28907 vram_free_mib=7093 running=9
EXTAB_WAIT ram_mib=28907 vram_free_mib=7093 running=9
EXTAB_WAIT ram_mib=28908 vram_free_mib=7093 running=9
EXTAB_WAIT ram_mib=28909 vram_free_mib=7093 running=9
EXTAB_EXIT screen=extab_Sleep_EDF_20_mean_bilstm_f0_s7 code=0
EXTAB_EXIT screen=extab_Sleep_EDF_20_mean_bilstm_f1_s7 code=0
EXTAB_LAUNCH screen=extab_Sleep_EDF_20_mean_bilstm_f9_s7 data=Sleep-EDF-20 variant=mean_bilstm fold=9
EXTAB_LAUNCH screen=extab_Sleep_EDF_20_mean_bilstm_f10_s7 data=Sleep-EDF-20 variant=mean_bilstm fold=10
EXTAB_LAUNCH screen=extab_Sleep_EDF_20_mean_bilstm_f11_s7 data=Sleep-EDF-20 variant=mean_bilstm fold=11
EXTAB_WAIT ram_mib=28695 vram_free_mib=6940 running=10
EXTAB_WAIT ram_mib=31456 vram_free_mib=5188 running=10
EXTAB_WAIT ram_mib=31456 vram_free_mib=5184 running=10
EXTAB_WAIT ram_mib=31456 vram_free_mib=5182 running=10
EXTAB_WAIT ram_mib=31456 vram_free_mib=5182 running=10
EXTAB_WAIT ram_mib=31456 vram_free_mib=5182 running=10
EXTAB_WAIT ram_mib=31457 vram_free_mib=5182 running=10
EXTAB_WAIT ram_mib=31456 vram_free_mib=5182 running=10
EXTAB_WAIT ram_mib=31456 vram_free_mib=5182 running=10
EXTAB_WAIT ram_mib=31456 vram_free_mib=5182 running=10
EXTAB_WAIT ram_mib=31456 vram_free_mib=5182 running=10
EXTAB_WAIT ram_mib=31456 vram_free_mib=5182 running=10
EXTAB_WAIT ram_mib=31456 vram_free_mib=5182 running=10
EXTAB_WAIT ram_mib=31457 vram_free_mib=5182 running=10
EXTAB_WAIT ram_mib=31456 vram_free_mib=5182 running=10
EXTAB_WAIT ram_mib=31456 vram_free_mib=5182 running=10
EXTAB_WAIT ram_mib=31456 vram_free_mib=5182 running=10
EXTAB_WAIT ram_mib=31457 vram_free_mib=5182 running=10
EXTAB_WAIT ram_mib=31456 vram_free_mib=5182 running=10
EXTAB_WAIT ram_mib=31456 vram_free_mib=5182 running=10
EXTAB_WAIT ram_mib=31456 vram_free_mib=5182 running=10
EXTAB_WAIT ram_mib=31457 vram_free_mib=5182 running=10
EXTAB_WAIT ram_mib=31456 vram_free_mib=5182 running=10
EXTAB_WAIT ram_mib=31457 vram_free_mib=5182 running=10
EXTAB_WAIT ram_mib=31456 vram_free_mib=5182 running=10
EXTAB_WAIT ram_mib=31457 vram_free_mib=5182 running=10
EXTAB_WAIT ram_mib=31457 vram_free_mib=5182 running=10
EXTAB_WAIT ram_mib=31456 vram_free_mib=5182 running=10
EXTAB_WAIT ram_mib=31457 vram_free_mib=5182 running=10
EXTAB_WAIT ram_mib=31456 vram_free_mib=5182 running=10
EXTAB_WAIT ram_mib=31457 vram_free_mib=5182 running=10
EXTAB_WAIT ram_mib=31457 vram_free_mib=5182 running=10
EXTAB_WAIT ram_mib=31457 vram_free_mib=5182 running=10
EXTAB_EXIT screen=extab_Sleep_EDF_20_mean_bilstm_f2_s7 code=0
EXTAB_WAIT ram_mib=28919 vram_free_mib=7089 running=9
EXTAB_EXIT screen=extab_Sleep_EDF_20_mean_bilstm_f3_s7 code=0
EXTAB_LAUNCH screen=extab_Sleep_EDF_20_mean_bilstm_f12_s7 data=Sleep-EDF-20 variant=mean_bilstm fold=12
EXTAB_LAUNCH screen=extab_Sleep_EDF_20_mean_bilstm_f13_s7 data=Sleep-EDF-20 variant=mean_bilstm fold=13
EXTAB_WAIT ram_mib=28997 vram_free_mib=6682 running=10
EXTAB_EXIT screen=extab_Sleep_EDF_20_mean_bilstm_f5_s7 code=0
EXTAB_WAIT ram_mib=28924 vram_free_mib=7091 running=9
EXTAB_EXIT screen=extab_Sleep_EDF_20_mean_bilstm_f4_s7 code=0
EXTAB_LAUNCH screen=extab_Sleep_EDF_20_mean_bilstm_f14_s7 data=Sleep-EDF-20 variant=mean_bilstm fold=14
EXTAB_LAUNCH screen=extab_Sleep_EDF_20_mean_bilstm_f15_s7 data=Sleep-EDF-20 variant=mean_bilstm fold=15
EXTAB_WAIT ram_mib=28843 vram_free_mib=6772 running=10
EXTAB_WAIT ram_mib=31531 vram_free_mib=5190 running=10
EXTAB_WAIT ram_mib=31520 vram_free_mib=5184 running=10
EXTAB_EXIT screen=extab_Sleep_EDF_20_mean_bilstm_f6_s7 code=0
EXTAB_EXIT screen=extab_Sleep_EDF_20_mean_bilstm_f7_s7 code=0
EXTAB_LAUNCH screen=extab_Sleep_EDF_20_mean_bilstm_f16_s7 data=Sleep-EDF-20 variant=mean_bilstm fold=16
EXTAB_LAUNCH screen=extab_Sleep_EDF_20_mean_bilstm_f17_s7 data=Sleep-EDF-20 variant=mean_bilstm fold=17
EXTAB_LAUNCH screen=extab_Sleep_EDF_20_mean_bilstm_f18_s7 data=Sleep-EDF-20 variant=mean_bilstm fold=18
EXTAB_WAIT ram_mib=28800 vram_free_mib=7260 running=11
EXTAB_EXIT screen=extab_Sleep_EDF_20_mean_bilstm_f8_s7 code=0
EXTAB_WAIT ram_mib=31702 vram_free_mib=5194 running=10
EXTAB_WAIT ram_mib=31709 vram_free_mib=5188 running=10
EXTAB_WAIT ram_mib=31698 vram_free_mib=5188 running=10
EXTAB_WAIT ram_mib=31717 vram_free_mib=5188 running=10
EXTAB_WAIT ram_mib=31709 vram_free_mib=5186 running=10
EXTAB_WAIT ram_mib=31708 vram_free_mib=5186 running=10
EXTAB_WAIT ram_mib=31696 vram_free_mib=5186 running=10
EXTAB_WAIT ram_mib=31799 vram_free_mib=5186 running=10
EXTAB_WAIT ram_mib=31853 vram_free_mib=5186 running=10
EXTAB_WAIT ram_mib=31713 vram_free_mib=5186 running=10
EXTAB_WAIT ram_mib=31707 vram_free_mib=5186 running=10
EXTAB_WAIT ram_mib=31699 vram_free_mib=5186 running=10
EXTAB_WAIT ram_mib=31699 vram_free_mib=5186 running=10
EXTAB_WAIT ram_mib=31709 vram_free_mib=5186 running=10
EXTAB_WAIT ram_mib=31711 vram_free_mib=5186 running=10
EXTAB_EXIT screen=extab_Sleep_EDF_20_mean_bilstm_f10_s7 code=0
EXTAB_EXIT screen=extab_Sleep_EDF_20_mean_bilstm_f9_s7 code=0
EXTAB_LAUNCH screen=extab_Sleep_EDF_20_mean_bilstm_f19_s7 data=Sleep-EDF-20 variant=mean_bilstm fold=19
EXTAB_LAUNCH screen=extab_Sleep_EDF_20_linear_classifier_f0_s7 data=Sleep-EDF-20 variant=linear_classifier fold=0
EXTAB_LAUNCH screen=extab_Sleep_EDF_20_linear_classifier_f1_s7 data=Sleep-EDF-20 variant=linear_classifier fold=1
EXTAB_WAIT ram_mib=28830 vram_free_mib=7270 running=11
EXTAB_EXIT screen=extab_Sleep_EDF_20_mean_bilstm_f11_s7 code=0
EXTAB_WAIT ram_mib=31700 vram_free_mib=5196 running=10
EXTAB_WAIT ram_mib=31717 vram_free_mib=5190 running=10
EXTAB_WAIT ram_mib=31721 vram_free_mib=5188 running=10
EXTAB_WAIT ram_mib=31723 vram_free_mib=5188 running=10
EXTAB_WAIT ram_mib=31719 vram_free_mib=5188 running=10
EXTAB_WAIT ram_mib=31721 vram_free_mib=5188 running=10
EXTAB_WAIT ram_mib=31726 vram_free_mib=5188 running=10
EXTAB_WAIT ram_mib=31722 vram_free_mib=5188 running=10
EXTAB_WAIT ram_mib=31723 vram_free_mib=5188 running=10
EXTAB_WAIT ram_mib=31718 vram_free_mib=5188 running=10
EXTAB_WAIT ram_mib=31728 vram_free_mib=5188 running=10
EXTAB_WAIT ram_mib=31720 vram_free_mib=5188 running=10
EXTAB_WAIT ram_mib=31720 vram_free_mib=5188 running=10
EXTAB_WAIT ram_mib=31725 vram_free_mib=5188 running=10
EXTAB_WAIT ram_mib=31718 vram_free_mib=5188 running=10
EXTAB_WAIT ram_mib=31727 vram_free_mib=5188 running=10
EXTAB_WAIT ram_mib=31730 vram_free_mib=5188 running=10
EXTAB_WAIT ram_mib=31734 vram_free_mib=5188 running=10
EXTAB_WAIT ram_mib=31729 vram_free_mib=5188 running=10
EXTAB_EXIT screen=extab_Sleep_EDF_20_mean_bilstm_f13_s7 code=0
EXTAB_WAIT ram_mib=29175 vram_free_mib=7095 running=9
EXTAB_WAIT ram_mib=29173 vram_free_mib=7095 running=9
EXTAB_WAIT ram_mib=29187 vram_free_mib=7095 running=9
EXTAB_WAIT ram_mib=29183 vram_free_mib=7095 running=9
EXTAB_WAIT ram_mib=29177 vram_free_mib=7095 running=9
EXTAB_WAIT ram_mib=29179 vram_free_mib=7095 running=9
EXTAB_WAIT ram_mib=29189 vram_free_mib=7095 running=9
EXTAB_WAIT ram_mib=29188 vram_free_mib=7095 running=9
EXTAB_WAIT ram_mib=29183 vram_free_mib=7095 running=9
EXTAB_WAIT ram_mib=29189 vram_free_mib=7095 running=9
EXTAB_WAIT ram_mib=29189 vram_free_mib=7095 running=9
EXTAB_WAIT ram_mib=29188 vram_free_mib=7095 running=9
EXTAB_EXIT screen=extab_Sleep_EDF_20_mean_bilstm_f12_s7 code=0
EXTAB_LAUNCH screen=extab_Sleep_EDF_20_linear_classifier_f2_s7 data=Sleep-EDF-20 variant=linear_classifier fold=2
EXTAB_LAUNCH screen=extab_Sleep_EDF_20_linear_classifier_f3_s7 data=Sleep-EDF-20 variant=linear_classifier fold=3
EXTAB_WAIT ram_mib=29140 vram_free_mib=7054 running=10
EXTAB_WAIT ram_mib=31733 vram_free_mib=5196 running=10
EXTAB_WAIT ram_mib=31734 vram_free_mib=5188 running=10
EXTAB_WAIT ram_mib=31734 vram_free_mib=5188 running=10
EXTAB_WAIT ram_mib=31734 vram_free_mib=5188 running=10
EXTAB_EXIT screen=extab_Sleep_EDF_20_mean_bilstm_f15_s7 code=0
EXTAB_EXIT screen=extab_Sleep_EDF_20_mean_bilstm_f14_s7 code=0
EXTAB_LAUNCH screen=extab_Sleep_EDF_20_linear_classifier_f4_s7 data=Sleep-EDF-20 variant=linear_classifier fold=4
EXTAB_LAUNCH screen=extab_Sleep_EDF_20_linear_classifier_f5_s7 data=Sleep-EDF-20 variant=linear_classifier fold=5
EXTAB_WAIT ram_mib=29437 vram_free_mib=6956 running=10
EXTAB_WAIT ram_mib=31749 vram_free_mib=5192 running=10
EXTAB_WAIT ram_mib=31749 vram_free_mib=5186 running=10
EXTAB_EXIT screen=extab_Sleep_EDF_20_mean_bilstm_f16_s7 code=0
EXTAB_EXIT screen=extab_Sleep_EDF_20_mean_bilstm_f17_s7 code=0
EXTAB_LAUNCH screen=extab_Sleep_EDF_20_linear_classifier_f6_s7 data=Sleep-EDF-20 variant=linear_classifier fold=6
EXTAB_LAUNCH screen=extab_Sleep_EDF_20_linear_classifier_f7_s7 data=Sleep-EDF-20 variant=linear_classifier fold=7
EXTAB_LAUNCH screen=extab_Sleep_EDF_20_linear_classifier_f8_s7 data=Sleep-EDF-20 variant=linear_classifier fold=8
EXTAB_WAIT ram_mib=29018 vram_free_mib=7206 running=11
EXTAB_EXIT screen=extab_Sleep_EDF_20_mean_bilstm_f18_s7 code=0
EXTAB_WAIT ram_mib=31749 vram_free_mib=5194 running=10
EXTAB_WAIT ram_mib=31749 vram_free_mib=5184 running=10
EXTAB_WAIT ram_mib=31749 vram_free_mib=5184 running=10
EXTAB_WAIT ram_mib=31750 vram_free_mib=5184 running=10
EXTAB_WAIT ram_mib=31749 vram_free_mib=5184 running=10
EXTAB_WAIT ram_mib=31749 vram_free_mib=5184 running=10
EXTAB_WAIT ram_mib=31702 vram_free_mib=5184 running=10
EXTAB_WAIT ram_mib=31702 vram_free_mib=5184 running=10
EXTAB_WAIT ram_mib=31703 vram_free_mib=5184 running=10
EXTAB_EXIT screen=extab_Sleep_EDF_20_linear_classifier_f0_s7 code=0
EXTAB_EXIT screen=extab_Sleep_EDF_20_linear_classifier_f1_s7 code=0
EXTAB_LAUNCH screen=extab_Sleep_EDF_20_linear_classifier_f9_s7 data=Sleep-EDF-20 variant=linear_classifier fold=9
EXTAB_LAUNCH screen=extab_Sleep_EDF_20_linear_classifier_f10_s7 data=Sleep-EDF-20 variant=linear_classifier fold=10
EXTAB_WAIT ram_mib=29191 vram_free_mib=7006 running=10
EXTAB_WAIT ram_mib=31731 vram_free_mib=5188 running=10
EXTAB_WAIT ram_mib=31739 vram_free_mib=5184 running=10
EXTAB_WAIT ram_mib=31750 vram_free_mib=5182 running=10
EXTAB_WAIT ram_mib=31749 vram_free_mib=5182 running=10
EXTAB_WAIT ram_mib=31728 vram_free_mib=5182 running=10
EXTAB_WAIT ram_mib=31741 vram_free_mib=5182 running=10
EXTAB_WAIT ram_mib=31740 vram_free_mib=5182 running=10
EXTAB_EXIT screen=extab_Sleep_EDF_20_mean_bilstm_f19_s7 code=0
EXTAB_WAIT ram_mib=29201 vram_free_mib=7091 running=9
EXTAB_WAIT ram_mib=29201 vram_free_mib=7091 running=9
EXTAB_WAIT ram_mib=29202 vram_free_mib=7091 running=9
EXTAB_WAIT ram_mib=29201 vram_free_mib=7091 running=9
EXTAB_WAIT ram_mib=29197 vram_free_mib=7091 running=9
EXTAB_WAIT ram_mib=29196 vram_free_mib=7091 running=9
EXTAB_WAIT ram_mib=29197 vram_free_mib=7091 running=9
EXTAB_WAIT ram_mib=29196 vram_free_mib=7091 running=9
EXTAB_WAIT ram_mib=29196 vram_free_mib=7091 running=9
EXTAB_WAIT ram_mib=29197 vram_free_mib=7091 running=9
EXTAB_WAIT ram_mib=29196 vram_free_mib=7091 running=9
EXTAB_WAIT ram_mib=29201 vram_free_mib=7091 running=9
EXTAB_WAIT ram_mib=29200 vram_free_mib=7091 running=9
EXTAB_WAIT ram_mib=29205 vram_free_mib=7091 running=9
EXTAB_WAIT ram_mib=29205 vram_free_mib=7091 running=9
EXTAB_WAIT ram_mib=29212 vram_free_mib=7091 running=9
EXTAB_WAIT ram_mib=29207 vram_free_mib=7091 running=9
EXTAB_WAIT ram_mib=29207 vram_free_mib=7091 running=9
EXTAB_WAIT ram_mib=29201 vram_free_mib=7091 running=9
EXTAB_WAIT ram_mib=29191 vram_free_mib=7091 running=9
EXTAB_WAIT ram_mib=29190 vram_free_mib=7091 running=9
EXTAB_WAIT ram_mib=29190 vram_free_mib=7091 running=9
EXTAB_EXIT screen=extab_Sleep_EDF_20_linear_classifier_f2_s7 code=0
EXTAB_LAUNCH screen=extab_Sleep_EDF_20_linear_classifier_f11_s7 data=Sleep-EDF-20 variant=linear_classifier fold=11
EXTAB_LAUNCH screen=extab_Sleep_EDF_20_linear_classifier_f12_s7 data=Sleep-EDF-20 variant=linear_classifier fold=12
EXTAB_WAIT ram_mib=29185 vram_free_mib=7022 running=10
EXTAB_WAIT ram_mib=31731 vram_free_mib=5184 running=10
EXTAB_WAIT ram_mib=31732 vram_free_mib=5182 running=10
EXTAB_EXIT screen=extab_Sleep_EDF_20_linear_classifier_f3_s7 code=0
EXTAB_WAIT ram_mib=29196 vram_free_mib=7089 running=9
EXTAB_WAIT ram_mib=29196 vram_free_mib=7089 running=9
EXTAB_WAIT ram_mib=29197 vram_free_mib=7089 running=9
EXTAB_EXIT screen=extab_Sleep_EDF_20_linear_classifier_f4_s7 code=0
EXTAB_LAUNCH screen=extab_Sleep_EDF_20_linear_classifier_f13_s7 data=Sleep-EDF-20 variant=linear_classifier fold=13
EXTAB_LAUNCH screen=extab_Sleep_EDF_20_linear_classifier_f14_s7 data=Sleep-EDF-20 variant=linear_classifier fold=14
EXTAB_LAUNCH screen=extab_Sleep_EDF_20_linear_classifier_f15_s7 data=Sleep-EDF-20 variant=linear_classifier fold=15
EXTAB_WAIT ram_mib=28740 vram_free_mib=7312 running=11
EXTAB_EXIT screen=extab_Sleep_EDF_20_linear_classifier_f5_s7 code=0
EXTAB_WAIT ram_mib=31729 vram_free_mib=5194 running=10
EXTAB_WAIT ram_mib=31730 vram_free_mib=5186 running=10
EXTAB_WAIT ram_mib=31730 vram_free_mib=5186 running=10
EXTAB_WAIT ram_mib=31730 vram_free_mib=5186 running=10
EXTAB_WAIT ram_mib=31686 vram_free_mib=5186 running=10
EXTAB_EXIT screen=extab_Sleep_EDF_20_linear_classifier_f6_s7 code=0
EXTAB_EXIT screen=extab_Sleep_EDF_20_linear_classifier_f7_s7 code=0
EXTAB_LAUNCH screen=extab_Sleep_EDF_20_linear_classifier_f16_s7 data=Sleep-EDF-20 variant=linear_classifier fold=16
EXTAB_LAUNCH screen=extab_Sleep_EDF_20_linear_classifier_f17_s7 data=Sleep-EDF-20 variant=linear_classifier fold=17
EXTAB_LAUNCH screen=extab_Sleep_EDF_20_linear_classifier_f18_s7 data=Sleep-EDF-20 variant=linear_classifier fold=18
EXTAB_WAIT ram_mib=28423 vram_free_mib=7128 running=11
EXTAB_EXIT screen=extab_Sleep_EDF_20_linear_classifier_f8_s7 code=0
EXTAB_WAIT ram_mib=31680 vram_free_mib=5194 running=10
EXTAB_WAIT ram_mib=31681 vram_free_mib=5188 running=10
EXTAB_WAIT ram_mib=31681 vram_free_mib=5188 running=10
EXTAB_WAIT ram_mib=31681 vram_free_mib=5188 running=10
EXTAB_WAIT ram_mib=31681 vram_free_mib=5188 running=10
EXTAB_WAIT ram_mib=31682 vram_free_mib=5188 running=10
EXTAB_WAIT ram_mib=31681 vram_free_mib=5188 running=10
EXTAB_WAIT ram_mib=31682 vram_free_mib=5188 running=10
EXTAB_WAIT ram_mib=31682 vram_free_mib=5188 running=10
EXTAB_EXIT screen=extab_Sleep_EDF_20_linear_classifier_f10_s7 code=0
EXTAB_WAIT ram_mib=29153 vram_free_mib=7095 running=9
EXTAB_EXIT screen=extab_Sleep_EDF_20_linear_classifier_f9_s7 code=0
EXTAB_LAUNCH screen=extab_Sleep_EDF_20_linear_classifier_f19_s7 data=Sleep-EDF-20 variant=linear_classifier fold=19
EXTAB_LAUNCH screen=extab_Sleep_EDF_20_mlp_classifier_f0_s7 data=Sleep-EDF-20 variant=mlp_classifier fold=0
EXTAB_WAIT ram_mib=29305 vram_free_mib=6954 running=10
EXTAB_WAIT ram_mib=31692 vram_free_mib=5192 running=10
EXTAB_WAIT ram_mib=31676 vram_free_mib=5186 running=10
EXTAB_WAIT ram_mib=31675 vram_free_mib=5186 running=10
EXTAB_WAIT ram_mib=31752 vram_free_mib=5186 running=10
EXTAB_WAIT ram_mib=31756 vram_free_mib=5186 running=10
EXTAB_WAIT ram_mib=31748 vram_free_mib=5186 running=10
EXTAB_WAIT ram_mib=31760 vram_free_mib=5186 running=10
EXTAB_WAIT ram_mib=31753 vram_free_mib=5186 running=10
EXTAB_WAIT ram_mib=31766 vram_free_mib=5186 running=10
EXTAB_WAIT ram_mib=31762 vram_free_mib=5186 running=10
EXTAB_WAIT ram_mib=31762 vram_free_mib=5186 running=10
EXTAB_WAIT ram_mib=31763 vram_free_mib=5186 running=10
EXTAB_WAIT ram_mib=31762 vram_free_mib=5186 running=10
EXTAB_WAIT ram_mib=31757 vram_free_mib=5186 running=10
EXTAB_WAIT ram_mib=31758 vram_free_mib=5186 running=10
EXTAB_WAIT ram_mib=31757 vram_free_mib=5186 running=10
EXTAB_WAIT ram_mib=31758 vram_free_mib=5186 running=10
EXTAB_WAIT ram_mib=31757 vram_free_mib=5186 running=10
EXTAB_WAIT ram_mib=31757 vram_free_mib=5186 running=10
EXTAB_WAIT ram_mib=31757 vram_free_mib=5186 running=10
EXTAB_WAIT ram_mib=31757 vram_free_mib=5186 running=10
EXTAB_WAIT ram_mib=31757 vram_free_mib=5186 running=10
EXTAB_WAIT ram_mib=31758 vram_free_mib=5186 running=10
EXTAB_WAIT ram_mib=31757 vram_free_mib=5186 running=10
EXTAB_WAIT ram_mib=31696 vram_free_mib=5186 running=10
EXTAB_WAIT ram_mib=31696 vram_free_mib=5186 running=10
EXTAB_WAIT ram_mib=31697 vram_free_mib=5186 running=10
EXTAB_WAIT ram_mib=31696 vram_free_mib=5186 running=10
EXTAB_WAIT ram_mib=31696 vram_free_mib=5186 running=10
EXTAB_WAIT ram_mib=31696 vram_free_mib=5186 running=10
EXTAB_WAIT ram_mib=31696 vram_free_mib=5186 running=10
EXTAB_EXIT screen=extab_Sleep_EDF_20_linear_classifier_f11_s7 code=0
EXTAB_WAIT ram_mib=29149 vram_free_mib=7247 running=9
EXTAB_EXIT screen=extab_Sleep_EDF_20_linear_classifier_f12_s7 code=0
EXTAB_LAUNCH screen=extab_Sleep_EDF_20_mlp_classifier_f1_s7 data=Sleep-EDF-20 variant=mlp_classifier fold=1
EXTAB_LAUNCH screen=extab_Sleep_EDF_20_mlp_classifier_f2_s7 data=Sleep-EDF-20 variant=mlp_classifier fold=2
EXTAB_LAUNCH screen=extab_Sleep_EDF_20_mlp_classifier_f3_s7 data=Sleep-EDF-20 variant=mlp_classifier fold=3
EXTAB_WAIT ram_mib=28716 vram_free_mib=7312 running=11
EXTAB_EXIT screen=extab_Sleep_EDF_20_linear_classifier_f14_s7 code=0
EXTAB_WAIT ram_mib=31693 vram_free_mib=5200 running=10
EXTAB_EXIT screen=extab_Sleep_EDF_20_linear_classifier_f13_s7 code=0
EXTAB_WAIT ram_mib=29161 vram_free_mib=7099 running=9
EXTAB_WAIT ram_mib=29161 vram_free_mib=7097 running=9
EXTAB_WAIT ram_mib=29161 vram_free_mib=7097 running=9
EXTAB_EXIT screen=extab_Sleep_EDF_20_linear_classifier_f15_s7 code=0
EXTAB_LAUNCH screen=extab_Sleep_EDF_20_mlp_classifier_f4_s7 data=Sleep-EDF-20 variant=mlp_classifier fold=4
EXTAB_LAUNCH screen=extab_Sleep_EDF_20_mlp_classifier_f5_s7 data=Sleep-EDF-20 variant=mlp_classifier fold=5
EXTAB_WAIT ram_mib=29063 vram_free_mib=7074 running=10
EXTAB_WAIT ram_mib=31680 vram_free_mib=5194 running=10
EXTAB_WAIT ram_mib=31680 vram_free_mib=5188 running=10
EXTAB_WAIT ram_mib=31750 vram_free_mib=5188 running=10
EXTAB_WAIT ram_mib=31748 vram_free_mib=5188 running=10
EXTAB_WAIT ram_mib=31747 vram_free_mib=5302 running=10
EXTAB_EXIT screen=extab_Sleep_EDF_20_linear_classifier_f18_s7 code=0
EXTAB_EXIT screen=extab_Sleep_EDF_20_linear_classifier_f17_s7 code=0
EXTAB_EXIT screen=extab_Sleep_EDF_20_linear_classifier_f16_s7 code=0
EXTAB_LAUNCH screen=extab_Sleep_EDF_20_mlp_classifier_f6_s7 data=Sleep-EDF-20 variant=mlp_classifier fold=6
EXTAB_LAUNCH screen=extab_Sleep_EDF_20_mlp_classifier_f7_s7 data=Sleep-EDF-20 variant=mlp_classifier fold=7
EXTAB_LAUNCH screen=extab_Sleep_EDF_20_mlp_classifier_f8_s7 data=Sleep-EDF-20 variant=mlp_classifier fold=8
EXTAB_WAIT ram_mib=28240 vram_free_mib=8235 running=10
EXTAB_WAIT ram_mib=31473 vram_free_mib=5406 running=10
EXTAB_WAIT ram_mib=31772 vram_free_mib=5188 running=10
EXTAB_WAIT ram_mib=31773 vram_free_mib=5184 running=10
EXTAB_WAIT ram_mib=31772 vram_free_mib=5184 running=10
EXTAB_WAIT ram_mib=31769 vram_free_mib=5184 running=10
EXTAB_WAIT ram_mib=31768 vram_free_mib=5184 running=10
EXTAB_WAIT ram_mib=31769 vram_free_mib=5184 running=10
EXTAB_WAIT ram_mib=31769 vram_free_mib=5184 running=10
EXTAB_WAIT ram_mib=31769 vram_free_mib=5184 running=10
EXTAB_WAIT ram_mib=31769 vram_free_mib=5184 running=10
EXTAB_EXIT screen=extab_Sleep_EDF_20_mlp_classifier_f0_s7 code=0
EXTAB_EXIT screen=extab_Sleep_EDF_20_linear_classifier_f19_s7 code=0
EXTAB_LAUNCH screen=extab_Sleep_EDF_20_mlp_classifier_f9_s7 data=Sleep-EDF-20 variant=mlp_classifier fold=9
EXTAB_LAUNCH screen=extab_Sleep_EDF_20_mlp_classifier_f10_s7 data=Sleep-EDF-20 variant=mlp_classifier fold=10
EXTAB_WAIT ram_mib=29326 vram_free_mib=6984 running=10
EXTAB_WAIT ram_mib=31766 vram_free_mib=5192 running=10
EXTAB_WAIT ram_mib=31768 vram_free_mib=5186 running=10
EXTAB_WAIT ram_mib=31768 vram_free_mib=5186 running=10
EXTAB_WAIT ram_mib=31768 vram_free_mib=5186 running=10
EXTAB_WAIT ram_mib=31713 vram_free_mib=5186 running=10
EXTAB_WAIT ram_mib=31713 vram_free_mib=5186 running=10
EXTAB_WAIT ram_mib=31714 vram_free_mib=5186 running=10
EXTAB_WAIT ram_mib=31714 vram_free_mib=5186 running=10
EXTAB_WAIT ram_mib=31714 vram_free_mib=5186 running=10
EXTAB_WAIT ram_mib=31713 vram_free_mib=5186 running=10
EXTAB_WAIT ram_mib=31712 vram_free_mib=5186 running=10
EXTAB_WAIT ram_mib=31712 vram_free_mib=5186 running=10
EXTAB_WAIT ram_mib=31713 vram_free_mib=5186 running=10
EXTAB_WAIT ram_mib=31713 vram_free_mib=5186 running=10
EXTAB_WAIT ram_mib=31712 vram_free_mib=5186 running=10
EXTAB_WAIT ram_mib=31713 vram_free_mib=5186 running=10
EXTAB_WAIT ram_mib=31713 vram_free_mib=5186 running=10
EXTAB_WAIT ram_mib=31713 vram_free_mib=5186 running=10
EXTAB_WAIT ram_mib=31712 vram_free_mib=5186 running=10
EXTAB_WAIT ram_mib=31697 vram_free_mib=5186 running=10
EXTAB_WAIT ram_mib=31697 vram_free_mib=5186 running=10
EXTAB_WAIT ram_mib=31697 vram_free_mib=5186 running=10
EXTAB_WAIT ram_mib=31766 vram_free_mib=5186 running=10
EXTAB_WAIT ram_mib=31762 vram_free_mib=5186 running=10
EXTAB_WAIT ram_mib=31765 vram_free_mib=5186 running=10
EXTAB_WAIT ram_mib=31768 vram_free_mib=5186 running=10
EXTAB_WAIT ram_mib=31766 vram_free_mib=5186 running=10
EXTAB_WAIT ram_mib=31779 vram_free_mib=5186 running=10
EXTAB_WAIT ram_mib=31773 vram_free_mib=5186 running=10
EXTAB_WAIT ram_mib=31768 vram_free_mib=5186 running=10
EXTAB_WAIT ram_mib=31762 vram_free_mib=5186 running=10
EXTAB_EXIT screen=extab_Sleep_EDF_20_mlp_classifier_f2_s7 code=0
EXTAB_WAIT ram_mib=29226 vram_free_mib=7093 running=9
EXTAB_WAIT ram_mib=29226 vram_free_mib=7093 running=9
EXTAB_EXIT screen=extab_Sleep_EDF_20_mlp_classifier_f3_s7 code=0
EXTAB_EXIT screen=extab_Sleep_EDF_20_mlp_classifier_f1_s7 code=0
EXTAB_LAUNCH screen=extab_Sleep_EDF_20_mlp_classifier_f11_s7 data=Sleep-EDF-20 variant=mlp_classifier fold=11
EXTAB_LAUNCH screen=extab_Sleep_EDF_20_mlp_classifier_f12_s7 data=Sleep-EDF-20 variant=mlp_classifier fold=12
EXTAB_LAUNCH screen=extab_Sleep_EDF_20_mlp_classifier_f13_s7 data=Sleep-EDF-20 variant=mlp_classifier fold=13
EXTAB_WAIT ram_mib=28800 vram_free_mib=7296 running=10
EXTAB_WAIT ram_mib=31758 vram_free_mib=5186 running=10
EXTAB_WAIT ram_mib=31765 vram_free_mib=5184 running=10
EXTAB_WAIT ram_mib=31766 vram_free_mib=5184 running=10
EXTAB_WAIT ram_mib=31766 vram_free_mib=5184 running=10
EXTAB_EXIT screen=extab_Sleep_EDF_20_mlp_classifier_f5_s7 code=0
EXTAB_EXIT screen=extab_Sleep_EDF_20_mlp_classifier_f4_s7 code=0
EXTAB_LAUNCH screen=extab_Sleep_EDF_20_mlp_classifier_f14_s7 data=Sleep-EDF-20 variant=mlp_classifier fold=14
EXTAB_LAUNCH screen=extab_Sleep_EDF_20_mlp_classifier_f15_s7 data=Sleep-EDF-20 variant=mlp_classifier fold=15
EXTAB_WAIT ram_mib=29189 vram_free_mib=7040 running=10
EXTAB_WAIT ram_mib=31752 vram_free_mib=5192 running=10
EXTAB_WAIT ram_mib=31756 vram_free_mib=5184 running=10
EXTAB_WAIT ram_mib=31757 vram_free_mib=5184 running=10
EXTAB_WAIT ram_mib=31758 vram_free_mib=5184 running=10
EXTAB_WAIT ram_mib=31758 vram_free_mib=5184 running=10
EXTAB_EXIT screen=extab_Sleep_EDF_20_mlp_classifier_f6_s7 code=0
EXTAB_EXIT screen=extab_Sleep_EDF_20_mlp_classifier_f7_s7 code=0
EXTAB_EXIT screen=extab_Sleep_EDF_20_mlp_classifier_f8_s7 code=0
EXTAB_LAUNCH screen=extab_Sleep_EDF_20_mlp_classifier_f16_s7 data=Sleep-EDF-20 variant=mlp_classifier fold=16
EXTAB_LAUNCH screen=extab_Sleep_EDF_20_mlp_classifier_f17_s7 data=Sleep-EDF-20 variant=mlp_classifier fold=17
EXTAB_LAUNCH screen=extab_Sleep_EDF_20_mlp_classifier_f18_s7 data=Sleep-EDF-20 variant=mlp_classifier fold=18
EXTAB_WAIT ram_mib=28539 vram_free_mib=7200 running=10
EXTAB_WAIT ram_mib=31700 vram_free_mib=5194 running=10
EXTAB_WAIT ram_mib=31701 vram_free_mib=5188 running=10
EXTAB_WAIT ram_mib=31701 vram_free_mib=5188 running=10
EXTAB_WAIT ram_mib=31701 vram_free_mib=5188 running=10
EXTAB_WAIT ram_mib=31701 vram_free_mib=5188 running=10
EXTAB_WAIT ram_mib=31702 vram_free_mib=5188 running=10
EXTAB_WAIT ram_mib=31702 vram_free_mib=5188 running=10
EXTAB_WAIT ram_mib=31702 vram_free_mib=5186 running=10
EXTAB_WAIT ram_mib=31703 vram_free_mib=5186 running=10
EXTAB_WAIT ram_mib=31702 vram_free_mib=5186 running=10
EXTAB_EXIT screen=extab_Sleep_EDF_20_mlp_classifier_f9_s7 code=0
EXTAB_EXIT screen=extab_Sleep_EDF_20_mlp_classifier_f10_s7 code=0
EXTAB_LAUNCH screen=extab_Sleep_EDF_20_mlp_classifier_f19_s7 data=Sleep-EDF-20 variant=mlp_classifier fold=19
EXTAB_LAUNCH screen=extab_Sleep_EDF_20_no_spectral_f0_s7 data=Sleep-EDF-20 variant=no_spectral fold=0
EXTAB_WAIT ram_mib=29307 vram_free_mib=6980 running=10
EXTAB_WAIT ram_mib=31705 vram_free_mib=5190 running=10
EXTAB_WAIT ram_mib=31707 vram_free_mib=5188 running=10
EXTAB_WAIT ram_mib=31683 vram_free_mib=5184 running=10
EXTAB_WAIT ram_mib=31766 vram_free_mib=5184 running=10
EXTAB_WAIT ram_mib=31751 vram_free_mib=5184 running=10
EXTAB_WAIT ram_mib=31752 vram_free_mib=5184 running=10
EXTAB_WAIT ram_mib=31750 vram_free_mib=5184 running=10
EXTAB_WAIT ram_mib=31759 vram_free_mib=5184 running=10
EXTAB_WAIT ram_mib=31758 vram_free_mib=5184 running=10
EXTAB_WAIT ram_mib=31768 vram_free_mib=5184 running=10
EXTAB_WAIT ram_mib=31749 vram_free_mib=5184 running=10
EXTAB_WAIT ram_mib=31750 vram_free_mib=5184 running=10
EXTAB_WAIT ram_mib=31749 vram_free_mib=5184 running=10
EXTAB_WAIT ram_mib=31749 vram_free_mib=5184 running=10
EXTAB_WAIT ram_mib=31744 vram_free_mib=5184 running=10
EXTAB_WAIT ram_mib=31745 vram_free_mib=5184 running=10
EXTAB_WAIT ram_mib=31744 vram_free_mib=5184 running=10
EXTAB_WAIT ram_mib=31745 vram_free_mib=5184 running=10
EXTAB_WAIT ram_mib=31745 vram_free_mib=5184 running=10
EXTAB_WAIT ram_mib=31745 vram_free_mib=5184 running=10
EXTAB_WAIT ram_mib=31745 vram_free_mib=5184 running=10
EXTAB_WAIT ram_mib=31745 vram_free_mib=5184 running=10
EXTAB_WAIT ram_mib=31745 vram_free_mib=5184 running=10
EXTAB_WAIT ram_mib=31745 vram_free_mib=5184 running=10
EXTAB_WAIT ram_mib=31745 vram_free_mib=5184 running=10
EXTAB_WAIT ram_mib=31701 vram_free_mib=5184 running=10
EXTAB_WAIT ram_mib=31701 vram_free_mib=5184 running=10
EXTAB_WAIT ram_mib=31701 vram_free_mib=5184 running=10
EXTAB_WAIT ram_mib=31701 vram_free_mib=5184 running=10
EXTAB_WAIT ram_mib=31701 vram_free_mib=5184 running=10
EXTAB_WAIT ram_mib=31701 vram_free_mib=5184 running=10
EXTAB_EXIT screen=extab_Sleep_EDF_20_mlp_classifier_f12_s7 code=0
EXTAB_WAIT ram_mib=29163 vram_free_mib=7091 running=9
EXTAB_EXIT screen=extab_Sleep_EDF_20_mlp_classifier_f11_s7 code=0
EXTAB_LAUNCH screen=extab_Sleep_EDF_20_no_spectral_f1_s7 data=Sleep-EDF-20 variant=no_spectral fold=1
EXTAB_LAUNCH screen=extab_Sleep_EDF_20_no_spectral_f2_s7 data=Sleep-EDF-20 variant=no_spectral fold=2
EXTAB_WAIT ram_mib=29375 vram_free_mib=6954 running=10
EXTAB_EXIT screen=extab_Sleep_EDF_20_mlp_classifier_f13_s7 code=0
EXTAB_WAIT ram_mib=29160 vram_free_mib=7101 running=9
EXTAB_WAIT ram_mib=29160 vram_free_mib=7099 running=9
EXTAB_WAIT ram_mib=29160 vram_free_mib=7097 running=9
EXTAB_WAIT ram_mib=29161 vram_free_mib=7095 running=9
EXTAB_EXIT screen=extab_Sleep_EDF_20_mlp_classifier_f15_s7 code=0
EXTAB_EXIT screen=extab_Sleep_EDF_20_mlp_classifier_f14_s7 code=0
EXTAB_LAUNCH screen=extab_Sleep_EDF_20_no_spectral_f3_s7 data=Sleep-EDF-20 variant=no_spectral fold=3
EXTAB_LAUNCH screen=extab_Sleep_EDF_20_no_spectral_f4_s7 data=Sleep-EDF-20 variant=no_spectral fold=4
EXTAB_LAUNCH screen=extab_Sleep_EDF_20_no_spectral_f5_s7 data=Sleep-EDF-20 variant=no_spectral fold=5
EXTAB_WAIT ram_mib=28641 vram_free_mib=7064 running=10
EXTAB_WAIT ram_mib=31718 vram_free_mib=5196 running=10
EXTAB_WAIT ram_mib=31356 vram_free_mib=5186 running=10
EXTAB_WAIT ram_mib=31140 vram_free_mib=5186 running=10
EXTAB_WAIT ram_mib=31140 vram_free_mib=5186 running=10
EXTAB_EXIT screen=extab_Sleep_EDF_20_mlp_classifier_f17_s7 code=0
EXTAB_EXIT screen=extab_Sleep_EDF_20_mlp_classifier_f18_s7 code=0
EXTAB_EXIT screen=extab_Sleep_EDF_20_mlp_classifier_f16_s7 code=0
EXTAB_LAUNCH screen=extab_Sleep_EDF_20_no_spectral_f6_s7 data=Sleep-EDF-20 variant=no_spectral fold=6
EXTAB_LAUNCH screen=extab_Sleep_EDF_20_no_spectral_f7_s7 data=Sleep-EDF-20 variant=no_spectral fold=7
EXTAB_LAUNCH screen=extab_Sleep_EDF_20_no_spectral_f8_s7 data=Sleep-EDF-20 variant=no_spectral fold=8
EXTAB_WAIT ram_mib=28308 vram_free_mib=6982 running=10
EXTAB_WAIT ram_mib=31145 vram_free_mib=5194 running=10
EXTAB_WAIT ram_mib=31146 vram_free_mib=5186 running=10
EXTAB_WAIT ram_mib=31147 vram_free_mib=5186 running=10
EXTAB_WAIT ram_mib=31147 vram_free_mib=5186 running=10
EXTAB_WAIT ram_mib=31147 vram_free_mib=5186 running=10
EXTAB_WAIT ram_mib=31147 vram_free_mib=5186 running=10
EXTAB_WAIT ram_mib=31147 vram_free_mib=5186 running=10
EXTAB_WAIT ram_mib=31147 vram_free_mib=5186 running=10
EXTAB_EXIT screen=extab_Sleep_EDF_20_mlp_classifier_f19_s7 code=0
EXTAB_WAIT ram_mib=28608 vram_free_mib=7095 running=9
EXTAB_WAIT ram_mib=28608 vram_free_mib=7095 running=9
EXTAB_WAIT ram_mib=28608 vram_free_mib=7095 running=9
EXTAB_WAIT ram_mib=28608 vram_free_mib=7095 running=9
EXTAB_WAIT ram_mib=28609 vram_free_mib=7095 running=9
EXTAB_WAIT ram_mib=28608 vram_free_mib=7095 running=9
EXTAB_WAIT ram_mib=28609 vram_free_mib=7095 running=9
EXTAB_WAIT ram_mib=28609 vram_free_mib=7095 running=9
EXTAB_WAIT ram_mib=28608 vram_free_mib=7095 running=9
EXTAB_EXIT screen=extab_Sleep_EDF_20_no_spectral_f0_s7 code=0
EXTAB_LAUNCH screen=extab_Sleep_EDF_20_no_spectral_f9_s7 data=Sleep-EDF-20 variant=no_spectral fold=9
EXTAB_LAUNCH screen=extab_Sleep_EDF_20_no_spectral_f10_s7 data=Sleep-EDF-20 variant=no_spectral fold=10
EXTAB_WAIT ram_mib=28498 vram_free_mib=6784 running=10
EXTAB_WAIT ram_mib=31148 vram_free_mib=5194 running=10
EXTAB_WAIT ram_mib=31149 vram_free_mib=5188 running=10
EXTAB_WAIT ram_mib=31149 vram_free_mib=5188 running=10
EXTAB_WAIT ram_mib=31149 vram_free_mib=5188 running=10
EXTAB_WAIT ram_mib=31149 vram_free_mib=5188 running=10
EXTAB_WAIT ram_mib=31149 vram_free_mib=5188 running=10
EXTAB_WAIT ram_mib=31149 vram_free_mib=5188 running=10
EXTAB_WAIT ram_mib=31148 vram_free_mib=5188 running=10
EXTAB_WAIT ram_mib=31149 vram_free_mib=5188 running=10
EXTAB_WAIT ram_mib=31149 vram_free_mib=5188 running=10
EXTAB_WAIT ram_mib=31149 vram_free_mib=5188 running=10
EXTAB_WAIT ram_mib=31149 vram_free_mib=5188 running=10
EXTAB_WAIT ram_mib=31149 vram_free_mib=5188 running=10
EXTAB_WAIT ram_mib=31149 vram_free_mib=5188 running=10
EXTAB_WAIT ram_mib=31149 vram_free_mib=5188 running=10
EXTAB_WAIT ram_mib=31149 vram_free_mib=5188 running=10
EXTAB_WAIT ram_mib=31149 vram_free_mib=5188 running=10
EXTAB_WAIT ram_mib=31149 vram_free_mib=5188 running=10
EXTAB_WAIT ram_mib=31149 vram_free_mib=5188 running=10
EXTAB_WAIT ram_mib=31149 vram_free_mib=5188 running=10
EXTAB_WAIT ram_mib=31149 vram_free_mib=5188 running=10
EXTAB_WAIT ram_mib=31149 vram_free_mib=5188 running=10
EXTAB_WAIT ram_mib=31149 vram_free_mib=5188 running=10
EXTAB_WAIT ram_mib=31149 vram_free_mib=5188 running=10
EXTAB_WAIT ram_mib=31149 vram_free_mib=5188 running=10
EXTAB_WAIT ram_mib=31149 vram_free_mib=5188 running=10
EXTAB_EXIT screen=extab_Sleep_EDF_20_no_spectral_f2_s7 code=0
EXTAB_EXIT screen=extab_Sleep_EDF_20_no_spectral_f1_s7 code=0
EXTAB_LAUNCH screen=extab_Sleep_EDF_20_no_spectral_f11_s7 data=Sleep-EDF-20 variant=no_spectral fold=11
EXTAB_LAUNCH screen=extab_Sleep_EDF_20_no_spectral_f12_s7 data=Sleep-EDF-20 variant=no_spectral fold=12
EXTAB_WAIT ram_mib=28422 vram_free_mib=6796 running=10
EXTAB_WAIT ram_mib=31166 vram_free_mib=5186 running=10
EXTAB_WAIT ram_mib=31166 vram_free_mib=5184 running=10
EXTAB_WAIT ram_mib=31166 vram_free_mib=5184 running=10
EXTAB_WAIT ram_mib=31166 vram_free_mib=5184 running=10
EXTAB_EXIT screen=extab_Sleep_EDF_20_no_spectral_f3_s7 code=0
EXTAB_EXIT screen=extab_Sleep_EDF_20_no_spectral_f4_s7 code=0
EXTAB_LAUNCH screen=extab_Sleep_EDF_20_no_spectral_f13_s7 data=Sleep-EDF-20 variant=no_spectral fold=13
EXTAB_LAUNCH screen=extab_Sleep_EDF_20_no_spectral_f14_s7 data=Sleep-EDF-20 variant=no_spectral fold=14
EXTAB_LAUNCH screen=extab_Sleep_EDF_20_no_spectral_f15_s7 data=Sleep-EDF-20 variant=no_spectral fold=15
EXTAB_LAUNCH screen=extab_Sleep_EDF_20_no_spectral_f16_s7 data=Sleep-EDF-20 variant=no_spectral fold=16
EXTAB_EXIT screen=extab_Sleep_EDF_20_no_spectral_f5_s7 code=0
EXTAB_WAIT ram_mib=32767 vram_free_mib=3289 running=11
EXTAB_WAIT ram_mib=32765 vram_free_mib=3281 running=11
EXTAB_WAIT ram_mib=32765 vram_free_mib=3281 running=11
EXTAB_WAIT ram_mib=32764 vram_free_mib=3281 running=11
EXTAB_EXIT screen=extab_Sleep_EDF_20_no_spectral_f6_s7 code=0
EXTAB_WAIT ram_mib=30234 vram_free_mib=5186 running=10
EXTAB_EXIT screen=extab_Sleep_EDF_20_no_spectral_f7_s7 code=0
EXTAB_EXIT screen=extab_Sleep_EDF_20_no_spectral_f8_s7 code=0
EXTAB_LAUNCH screen=extab_Sleep_EDF_20_no_spectral_f17_s7 data=Sleep-EDF-20 variant=no_spectral fold=17
EXTAB_LAUNCH screen=extab_Sleep_EDF_20_no_spectral_f18_s7 data=Sleep-EDF-20 variant=no_spectral fold=18
EXTAB_LAUNCH screen=extab_Sleep_EDF_20_no_spectral_f19_s7 data=Sleep-EDF-20 variant=no_spectral fold=19
EXTAB_WAIT ram_mib=30014 vram_free_mib=5419 running=11
EXTAB_WAIT ram_mib=32767 vram_free_mib=3289 running=11
EXTAB_WAIT ram_mib=32767 vram_free_mib=3281 running=11
EXTAB_WAIT ram_mib=32765 vram_free_mib=3281 running=11
EXTAB_WAIT ram_mib=32764 vram_free_mib=3281 running=11
EXTAB_WAIT ram_mib=32764 vram_free_mib=3281 running=11
EXTAB_WAIT ram_mib=32766 vram_free_mib=3281 running=11
EXTAB_WAIT ram_mib=32764 vram_free_mib=3281 running=11
EXTAB_WAIT ram_mib=32764 vram_free_mib=3281 running=11
EXTAB_WAIT ram_mib=32764 vram_free_mib=3281 running=11
EXTAB_WAIT ram_mib=32764 vram_free_mib=3281 running=11
EXTAB_WAIT ram_mib=32764 vram_free_mib=3281 running=11
EXTAB_WAIT ram_mib=32764 vram_free_mib=3281 running=11
EXTAB_WAIT ram_mib=32764 vram_free_mib=3281 running=11
EXTAB_WAIT ram_mib=32764 vram_free_mib=3281 running=11
EXTAB_WAIT ram_mib=32764 vram_free_mib=3281 running=11
EXTAB_WAIT ram_mib=32764 vram_free_mib=3281 running=11
EXTAB_WAIT ram_mib=32765 vram_free_mib=3281 running=11
EXTAB_WAIT ram_mib=32764 vram_free_mib=3281 running=11
EXTAB_WAIT ram_mib=32764 vram_free_mib=3281 running=11
EXTAB_EXIT screen=extab_Sleep_EDF_20_no_spectral_f9_s7 code=0
EXTAB_EXIT screen=extab_Sleep_EDF_20_no_spectral_f10_s7 code=0
EXTAB_LAUNCH screen=extab_Sleep_EDF_20_no_bandpowers_f0_s7 data=Sleep-EDF-20 variant=no_bandpowers fold=0
EXTAB_WAIT ram_mib=28565 vram_free_mib=6270 running=10
EXTAB_WAIT ram_mib=30226 vram_free_mib=5192 running=10
EXTAB_WAIT ram_mib=30226 vram_free_mib=5188 running=10
EXTAB_WAIT ram_mib=30226 vram_free_mib=5188 running=10
EXTAB_WAIT ram_mib=30226 vram_free_mib=5188 running=10
EXTAB_WAIT ram_mib=30226 vram_free_mib=5188 running=10
EXTAB_WAIT ram_mib=30226 vram_free_mib=5188 running=10
EXTAB_WAIT ram_mib=30226 vram_free_mib=5188 running=10
EXTAB_WAIT ram_mib=30227 vram_free_mib=5188 running=10
EXTAB_WAIT ram_mib=30227 vram_free_mib=5188 running=10
EXTAB_WAIT ram_mib=30226 vram_free_mib=5188 running=10
EXTAB_WAIT ram_mib=30226 vram_free_mib=5188 running=10
EXTAB_WAIT ram_mib=30226 vram_free_mib=5188 running=10
EXTAB_WAIT ram_mib=30226 vram_free_mib=5188 running=10
EXTAB_WAIT ram_mib=30226 vram_free_mib=5188 running=10
EXTAB_WAIT ram_mib=30226 vram_free_mib=5188 running=10
EXTAB_WAIT ram_mib=30226 vram_free_mib=5188 running=10
EXTAB_WAIT ram_mib=30226 vram_free_mib=5188 running=10
EXTAB_WAIT ram_mib=30226 vram_free_mib=5188 running=10
EXTAB_WAIT ram_mib=30226 vram_free_mib=5188 running=10
EXTAB_WAIT ram_mib=30226 vram_free_mib=5188 running=10
EXTAB_WAIT ram_mib=30227 vram_free_mib=5188 running=10
EXTAB_WAIT ram_mib=30226 vram_free_mib=5188 running=10
EXTAB_WAIT ram_mib=30227 vram_free_mib=5188 running=10
EXTAB_WAIT ram_mib=30226 vram_free_mib=5188 running=10
EXTAB_WAIT ram_mib=30227 vram_free_mib=5188 running=10
EXTAB_WAIT ram_mib=30227 vram_free_mib=5188 running=10
EXTAB_EXIT screen=extab_Sleep_EDF_20_no_spectral_f11_s7 code=0
EXTAB_EXIT screen=extab_Sleep_EDF_20_no_spectral_f12_s7 code=0
EXTAB_LAUNCH screen=extab_Sleep_EDF_20_no_bandpowers_f1_s7 data=Sleep-EDF-20 variant=no_bandpowers fold=1
EXTAB_LAUNCH screen=extab_Sleep_EDF_20_no_bandpowers_f2_s7 data=Sleep-EDF-20 variant=no_bandpowers fold=2
EXTAB_LAUNCH screen=extab_Sleep_EDF_20_no_bandpowers_f3_s7 data=Sleep-EDF-20 variant=no_bandpowers fold=3
EXTAB_WAIT ram_mib=29613 vram_free_mib=5295 running=11
EXTAB_WAIT ram_mib=32756 vram_free_mib=3295 running=11
EXTAB_WAIT ram_mib=32759 vram_free_mib=3289 running=11
EXTAB_WAIT ram_mib=32760 vram_free_mib=3285 running=11
EXTAB_WAIT ram_mib=32760 vram_free_mib=3285 running=11
EXTAB_WAIT ram_mib=32760 vram_free_mib=3285 running=11
EXTAB_EXIT screen=extab_Sleep_EDF_20_no_spectral_f14_s7 code=0
EXTAB_WAIT ram_mib=30219 vram_free_mib=5304 running=10
EXTAB_EXIT screen=extab_Sleep_EDF_20_no_spectral_f15_s7 code=0
EXTAB_EXIT screen=extab_Sleep_EDF_20_no_spectral_f13_s7 code=0
EXTAB_EXIT screen=extab_Sleep_EDF_20_no_spectral_f16_s7 code=0
EXTAB_LAUNCH screen=extab_Sleep_EDF_20_no_bandpowers_f4_s7 data=Sleep-EDF-20 variant=no_bandpowers fold=4
EXTAB_LAUNCH screen=extab_Sleep_EDF_20_no_bandpowers_f5_s7 data=Sleep-EDF-20 variant=no_bandpowers fold=5
EXTAB_LAUNCH screen=extab_Sleep_EDF_20_no_bandpowers_f6_s7 data=Sleep-EDF-20 variant=no_bandpowers fold=6
EXTAB_LAUNCH screen=extab_Sleep_EDF_20_no_bandpowers_f7_s7 data=Sleep-EDF-20 variant=no_bandpowers fold=7
EXTAB_WAIT ram_mib=29663 vram_free_mib=5161 running=11
EXTAB_WAIT ram_mib=32766 vram_free_mib=3293 running=11
EXTAB_WAIT ram_mib=32764 vram_free_mib=3285 running=11
EXTAB_WAIT ram_mib=32764 vram_free_mib=3285 running=11
EXTAB_WAIT ram_mib=32764 vram_free_mib=3285 running=11
EXTAB_EXIT screen=extab_Sleep_EDF_20_no_spectral_f18_s7 code=0
EXTAB_EXIT screen=extab_Sleep_EDF_20_no_spectral_f19_s7 code=0
EXTAB_EXIT screen=extab_Sleep_EDF_20_no_spectral_f17_s7 code=0
EXTAB_LAUNCH screen=extab_Sleep_EDF_20_no_bandpowers_f8_s7 data=Sleep-EDF-20 variant=no_bandpowers fold=8
EXTAB_LAUNCH screen=extab_Sleep_EDF_20_no_bandpowers_f9_s7 data=Sleep-EDF-20 variant=no_bandpowers fold=9
EXTAB_LAUNCH screen=extab_Sleep_EDF_20_no_bandpowers_f10_s7 data=Sleep-EDF-20 variant=no_bandpowers fold=10
EXTAB_WAIT ram_mib=29783 vram_free_mib=5123 running=11
EXTAB_WAIT ram_mib=32767 vram_free_mib=3291 running=11
EXTAB_WAIT ram_mib=32765 vram_free_mib=3281 running=11
EXTAB_WAIT ram_mib=32764 vram_free_mib=3281 running=11
EXTAB_WAIT ram_mib=32764 vram_free_mib=3281 running=11
EXTAB_WAIT ram_mib=32764 vram_free_mib=3281 running=11
EXTAB_WAIT ram_mib=32764 vram_free_mib=3281 running=11
EXTAB_WAIT ram_mib=32764 vram_free_mib=3281 running=11
EXTAB_WAIT ram_mib=32764 vram_free_mib=3281 running=11
EXTAB_WAIT ram_mib=32764 vram_free_mib=3281 running=11
EXTAB_WAIT ram_mib=32764 vram_free_mib=3281 running=11
EXTAB_WAIT ram_mib=32764 vram_free_mib=3281 running=11
EXTAB_WAIT ram_mib=32764 vram_free_mib=3281 running=11
EXTAB_WAIT ram_mib=32764 vram_free_mib=3281 running=11
EXTAB_WAIT ram_mib=32764 vram_free_mib=3281 running=11
EXTAB_WAIT ram_mib=32764 vram_free_mib=3281 running=11
EXTAB_WAIT ram_mib=32764 vram_free_mib=3281 running=11
EXTAB_WAIT ram_mib=32764 vram_free_mib=3281 running=11
EXTAB_WAIT ram_mib=32764 vram_free_mib=3281 running=11
EXTAB_EXIT screen=extab_Sleep_EDF_20_no_bandpowers_f0_s7 code=0
EXTAB_WAIT ram_mib=30224 vram_free_mib=5188 running=10
EXTAB_WAIT ram_mib=30224 vram_free_mib=5188 running=10
EXTAB_WAIT ram_mib=30225 vram_free_mib=5188 running=10
EXTAB_WAIT ram_mib=30225 vram_free_mib=5188 running=10
EXTAB_WAIT ram_mib=30225 vram_free_mib=5188 running=10
EXTAB_WAIT ram_mib=30225 vram_free_mib=5188 running=10
EXTAB_WAIT ram_mib=30225 vram_free_mib=5188 running=10
EXTAB_WAIT ram_mib=30225 vram_free_mib=5188 running=10
EXTAB_WAIT ram_mib=30225 vram_free_mib=5188 running=10
EXTAB_WAIT ram_mib=30225 vram_free_mib=5188 running=10
EXTAB_WAIT ram_mib=30225 vram_free_mib=5188 running=10
EXTAB_WAIT ram_mib=30225 vram_free_mib=5188 running=10
EXTAB_WAIT ram_mib=30225 vram_free_mib=5188 running=10
EXTAB_WAIT ram_mib=30225 vram_free_mib=5188 running=10
EXTAB_WAIT ram_mib=30225 vram_free_mib=5188 running=10
EXTAB_WAIT ram_mib=30225 vram_free_mib=5188 running=10
EXTAB_WAIT ram_mib=30225 vram_free_mib=5188 running=10
EXTAB_WAIT ram_mib=30225 vram_free_mib=5188 running=10
EXTAB_WAIT ram_mib=30225 vram_free_mib=5188 running=10
EXTAB_WAIT ram_mib=30225 vram_free_mib=5188 running=10
EXTAB_WAIT ram_mib=30225 vram_free_mib=5188 running=10
EXTAB_WAIT ram_mib=30225 vram_free_mib=5188 running=10
EXTAB_WAIT ram_mib=30225 vram_free_mib=5188 running=10
EXTAB_WAIT ram_mib=30225 vram_free_mib=5188 running=10
EXTAB_WAIT ram_mib=30225 vram_free_mib=5188 running=10
EXTAB_EXIT screen=extab_Sleep_EDF_20_no_bandpowers_f2_s7 code=0
EXTAB_LAUNCH screen=extab_Sleep_EDF_20_no_bandpowers_f11_s7 data=Sleep-EDF-20 variant=no_bandpowers fold=11
EXTAB_WAIT ram_mib=28596 vram_free_mib=6250 running=10
EXTAB_WAIT ram_mib=30220 vram_free_mib=5188 running=10
EXTAB_EXIT screen=extab_Sleep_EDF_20_no_bandpowers_f1_s7 code=0
EXTAB_LAUNCH screen=extab_Sleep_EDF_20_no_bandpowers_f12_s7 data=Sleep-EDF-20 variant=no_bandpowers fold=12
EXTAB_WAIT ram_mib=28520 vram_free_mib=6290 running=10
EXTAB_EXIT screen=extab_Sleep_EDF_20_no_bandpowers_f3_s7 code=0
EXTAB_LAUNCH screen=extab_Sleep_EDF_20_no_bandpowers_f13_s7 data=Sleep-EDF-20 variant=no_bandpowers fold=13
EXTAB_WAIT ram_mib=28690 vram_free_mib=6210 running=10
EXTAB_WAIT ram_mib=30226 vram_free_mib=5186 running=10
EXTAB_WAIT ram_mib=30226 vram_free_mib=5186 running=10
EXTAB_WAIT ram_mib=30227 vram_free_mib=5186 running=10
EXTAB_WAIT ram_mib=30227 vram_free_mib=5186 running=10
EXTAB_EXIT screen=extab_Sleep_EDF_20_no_bandpowers_f4_s7 code=0
EXTAB_LAUNCH screen=extab_Sleep_EDF_20_no_bandpowers_f14_s7 data=Sleep-EDF-20 variant=no_bandpowers fold=14
EXTAB_WAIT ram_mib=28619 vram_free_mib=6256 running=10
EXTAB_EXIT screen=extab_Sleep_EDF_20_no_bandpowers_f5_s7 code=0
EXTAB_LAUNCH screen=extab_Sleep_EDF_20_no_bandpowers_f15_s7 data=Sleep-EDF-20 variant=no_bandpowers fold=15
EXTAB_LAUNCH screen=extab_Sleep_EDF_20_no_bandpowers_f16_s7 data=Sleep-EDF-20 variant=no_bandpowers fold=16
EXTAB_LAUNCH screen=extab_Sleep_EDF_20_no_bandpowers_f17_s7 data=Sleep-EDF-20 variant=no_bandpowers fold=17
EXTAB_EXIT screen=extab_Sleep_EDF_20_no_bandpowers_f7_s7 code=0
EXTAB_EXIT screen=extab_Sleep_EDF_20_no_bandpowers_f6_s7 code=0
EXTAB_WAIT ram_mib=30261 vram_free_mib=5192 running=10
EXTAB_EXIT screen=extab_Sleep_EDF_20_no_bandpowers_f9_s7 code=0
EXTAB_LAUNCH screen=extab_Sleep_EDF_20_no_bandpowers_f18_s7 data=Sleep-EDF-20 variant=no_bandpowers fold=18
EXTAB_WAIT ram_mib=28768 vram_free_mib=6198 running=10
EXTAB_WAIT ram_mib=30265 vram_free_mib=5188 running=10
EXTAB_WAIT ram_mib=30266 vram_free_mib=5186 running=10
EXTAB_EXIT screen=extab_Sleep_EDF_20_no_bandpowers_f10_s7 code=0
EXTAB_EXIT screen=extab_Sleep_EDF_20_no_bandpowers_f8_s7 code=0
EXTAB_LAUNCH screen=extab_Sleep_EDF_20_no_bandpowers_f19_s7 data=Sleep-EDF-20 variant=no_bandpowers fold=19
EXTAB_LAUNCH screen=extab_Sleep_EDF_20_no_entropy_f0_s7 data=Sleep-EDF-20 variant=no_entropy fold=0
EXTAB_LAUNCH screen=extab_Sleep_EDF_20_no_entropy_f1_s7 data=Sleep-EDF-20 variant=no_entropy fold=1
EXTAB_WAIT ram_mib=29893 vram_free_mib=5377 running=11
EXTAB_WAIT ram_mib=32767 vram_free_mib=3291 running=11
EXTAB_WAIT ram_mib=32765 vram_free_mib=3285 running=11
EXTAB_WAIT ram_mib=32764 vram_free_mib=3285 running=11
EXTAB_WAIT ram_mib=32764 vram_free_mib=3283 running=11
EXTAB_WAIT ram_mib=32764 vram_free_mib=3283 running=11
EXTAB_WAIT ram_mib=32764 vram_free_mib=3283 running=11
EXTAB_WAIT ram_mib=32764 vram_free_mib=3283 running=11
EXTAB_WAIT ram_mib=32764 vram_free_mib=3283 running=11
EXTAB_WAIT ram_mib=32764 vram_free_mib=3283 running=11
EXTAB_WAIT ram_mib=32764 vram_free_mib=3283 running=11
EXTAB_WAIT ram_mib=32764 vram_free_mib=3283 running=11
EXTAB_WAIT ram_mib=32765 vram_free_mib=3283 running=11
EXTAB_WAIT ram_mib=32764 vram_free_mib=3283 running=11
EXTAB_WAIT ram_mib=32763 vram_free_mib=3283 running=11
EXTAB_WAIT ram_mib=32763 vram_free_mib=3283 running=11
EXTAB_WAIT ram_mib=32764 vram_free_mib=3283 running=11
EXTAB_WAIT ram_mib=32763 vram_free_mib=3283 running=11
EXTAB_WAIT ram_mib=32763 vram_free_mib=3283 running=11
EXTAB_WAIT ram_mib=32763 vram_free_mib=3283 running=11
EXTAB_WAIT ram_mib=32763 vram_free_mib=3283 running=11
EXTAB_WAIT ram_mib=32763 vram_free_mib=3283 running=11
EXTAB_WAIT ram_mib=32763 vram_free_mib=3283 running=11
EXTAB_WAIT ram_mib=32763 vram_free_mib=3283 running=11
EXTAB_WAIT ram_mib=32763 vram_free_mib=3283 running=11
EXTAB_WAIT ram_mib=32764 vram_free_mib=3283 running=11
EXTAB_WAIT ram_mib=32763 vram_free_mib=3283 running=11
EXTAB_WAIT ram_mib=32764 vram_free_mib=3283 running=11
EXTAB_WAIT ram_mib=32764 vram_free_mib=3283 running=11
EXTAB_WAIT ram_mib=32764 vram_free_mib=3283 running=11
EXTAB_WAIT ram_mib=32764 vram_free_mib=3283 running=11
EXTAB_WAIT ram_mib=32763 vram_free_mib=3283 running=11
EXTAB_WAIT ram_mib=32763 vram_free_mib=3283 running=11
EXTAB_WAIT ram_mib=32763 vram_free_mib=3283 running=11
EXTAB_WAIT ram_mib=32763 vram_free_mib=3283 running=11
EXTAB_WAIT ram_mib=32763 vram_free_mib=3283 running=11
EXTAB_EXIT screen=extab_Sleep_EDF_20_no_bandpowers_f11_s7 code=0
EXTAB_WAIT ram_mib=30229 vram_free_mib=5192 running=10
EXTAB_WAIT ram_mib=30229 vram_free_mib=5192 running=10
EXTAB_WAIT ram_mib=30229 vram_free_mib=5192 running=10
EXTAB_WAIT ram_mib=30229 vram_free_mib=5192 running=10
EXTAB_WAIT ram_mib=30229 vram_free_mib=5192 running=10
EXTAB_WAIT ram_mib=30229 vram_free_mib=5192 running=10
EXTAB_WAIT ram_mib=30229 vram_free_mib=5192 running=10
EXTAB_WAIT ram_mib=30229 vram_free_mib=5192 running=10
EXTAB_WAIT ram_mib=30229 vram_free_mib=5192 running=10
EXTAB_WAIT ram_mib=30229 vram_free_mib=5192 running=10
EXTAB_WAIT ram_mib=30222 vram_free_mib=5236 running=10
EXTAB_EXIT screen=extab_Sleep_EDF_20_no_bandpowers_f12_s7 code=0
EXTAB_EXIT screen=extab_Sleep_EDF_20_no_bandpowers_f17_s7 code=0
EXTAB_EXIT screen=extab_Sleep_EDF_20_no_bandpowers_f13_s7 code=0
EXTAB_LAUNCH screen=extab_Sleep_EDF_20_no_entropy_f2_s7 data=Sleep-EDF-20 variant=no_entropy fold=2
EXTAB_LAUNCH screen=extab_Sleep_EDF_20_no_entropy_f3_s7 data=Sleep-EDF-20 variant=no_entropy fold=3
EXTAB_LAUNCH screen=extab_Sleep_EDF_20_no_entropy_f4_s7 data=Sleep-EDF-20 variant=no_entropy fold=4
EXTAB_LAUNCH screen=extab_Sleep_EDF_20_no_entropy_f5_s7 data=Sleep-EDF-20 variant=no_entropy fold=5
EXTAB_WAIT ram_mib=29624 vram_free_mib=5175 running=11
EXTAB_WAIT ram_mib=32764 vram_free_mib=3293 running=11
EXTAB_WAIT ram_mib=32765 vram_free_mib=3283 running=11
EXTAB_WAIT ram_mib=32764 vram_free_mib=3281 running=11
EXTAB_WAIT ram_mib=32764 vram_free_mib=3281 running=11
EXTAB_EXIT screen=extab_Sleep_EDF_20_no_bandpowers_f16_s7 code=0
EXTAB_WAIT ram_mib=30219 vram_free_mib=5188 running=10
EXTAB_EXIT screen=extab_Sleep_EDF_20_no_bandpowers_f14_s7 code=0
EXTAB_LAUNCH screen=extab_Sleep_EDF_20_no_entropy_f6_s7 data=Sleep-EDF-20 variant=no_entropy fold=6
EXTAB_WAIT ram_mib=28634 vram_free_mib=6238 running=10
EXTAB_EXIT screen=extab_Sleep_EDF_20_no_bandpowers_f15_s7 code=0
EXTAB_LAUNCH screen=extab_Sleep_EDF_20_no_entropy_f7_s7 data=Sleep-EDF-20 variant=no_entropy fold=7
EXTAB_WAIT ram_mib=28539 vram_free_mib=6288 running=10
EXTAB_WAIT ram_mib=30219 vram_free_mib=5194 running=10
EXTAB_EXIT screen=extab_Sleep_EDF_20_no_bandpowers_f18_s7 code=0
EXTAB_LAUNCH screen=extab_Sleep_EDF_20_no_entropy_f8_s7 data=Sleep-EDF-20 variant=no_entropy fold=8
EXTAB_WAIT ram_mib=28576 vram_free_mib=6264 running=10
EXTAB_WAIT ram_mib=30226 vram_free_mib=5190 running=10
EXTAB_WAIT ram_mib=30226 vram_free_mib=5186 running=10
EXTAB_WAIT ram_mib=30227 vram_free_mib=5186 running=10
EXTAB_EXIT screen=extab_Sleep_EDF_20_no_entropy_f0_s7 code=0
EXTAB_EXIT screen=extab_Sleep_EDF_20_no_entropy_f1_s7 code=0
EXTAB_EXIT screen=extab_Sleep_EDF_20_no_bandpowers_f19_s7 code=0
EXTAB_LAUNCH screen=extab_Sleep_EDF_20_no_entropy_f9_s7 data=Sleep-EDF-20 variant=no_entropy fold=9
EXTAB_LAUNCH screen=extab_Sleep_EDF_20_no_entropy_f10_s7 data=Sleep-EDF-20 variant=no_entropy fold=10
EXTAB_LAUNCH screen=extab_Sleep_EDF_20_no_entropy_f11_s7 data=Sleep-EDF-20 variant=no_entropy fold=11
EXTAB_LAUNCH screen=extab_Sleep_EDF_20_no_entropy_f12_s7 data=Sleep-EDF-20 variant=no_entropy fold=12
EXTAB_WAIT ram_mib=29558 vram_free_mib=5203 running=11
EXTAB_WAIT ram_mib=32767 vram_free_mib=3283 running=11
EXTAB_WAIT ram_mib=32765 vram_free_mib=3277 running=11
EXTAB_WAIT ram_mib=32765 vram_free_mib=3277 running=11
EXTAB_WAIT ram_mib=32764 vram_free_mib=3277 running=11
EXTAB_WAIT ram_mib=32764 vram_free_mib=3277 running=11
EXTAB_WAIT ram_mib=32764 vram_free_mib=3277 running=11
EXTAB_WAIT ram_mib=32764 vram_free_mib=3277 running=11
EXTAB_WAIT ram_mib=32764 vram_free_mib=3277 running=11
EXTAB_WAIT ram_mib=32764 vram_free_mib=3277 running=11
EXTAB_WAIT ram_mib=32764 vram_free_mib=3277 running=11
EXTAB_WAIT ram_mib=32764 vram_free_mib=3277 running=11
EXTAB_WAIT ram_mib=32763 vram_free_mib=3277 running=11
EXTAB_WAIT ram_mib=32764 vram_free_mib=3277 running=11
EXTAB_WAIT ram_mib=32764 vram_free_mib=3277 running=11
EXTAB_WAIT ram_mib=32764 vram_free_mib=3277 running=11
EXTAB_WAIT ram_mib=32763 vram_free_mib=3277 running=11
EXTAB_WAIT ram_mib=32764 vram_free_mib=3277 running=11
EXTAB_WAIT ram_mib=32764 vram_free_mib=3277 running=11
EXTAB_WAIT ram_mib=32763 vram_free_mib=3277 running=11
EXTAB_WAIT ram_mib=32763 vram_free_mib=3277 running=11
EXTAB_WAIT ram_mib=32763 vram_free_mib=3277 running=11
EXTAB_WAIT ram_mib=32764 vram_free_mib=3277 running=11
EXTAB_WAIT ram_mib=32764 vram_free_mib=3277 running=11
EXTAB_WAIT ram_mib=32764 vram_free_mib=3277 running=11
EXTAB_WAIT ram_mib=32764 vram_free_mib=3277 running=11
EXTAB_WAIT ram_mib=32764 vram_free_mib=3277 running=11
EXTAB_WAIT ram_mib=32764 vram_free_mib=3277 running=11
EXTAB_WAIT ram_mib=32764 vram_free_mib=3277 running=11
EXTAB_WAIT ram_mib=32764 vram_free_mib=3277 running=11
EXTAB_WAIT ram_mib=32764 vram_free_mib=3277 running=11
EXTAB_WAIT ram_mib=32763 vram_free_mib=3277 running=11
EXTAB_WAIT ram_mib=32763 vram_free_mib=3277 running=11
EXTAB_WAIT ram_mib=32764 vram_free_mib=3277 running=11
EXTAB_WAIT ram_mib=32764 vram_free_mib=3277 running=11
EXTAB_WAIT ram_mib=32763 vram_free_mib=3277 running=11
EXTAB_WAIT ram_mib=32763 vram_free_mib=3277 running=11
EXTAB_WAIT ram_mib=32764 vram_free_mib=3277 running=11
EXTAB_WAIT ram_mib=32763 vram_free_mib=3277 running=11
EXTAB_WAIT ram_mib=32763 vram_free_mib=3277 running=11
EXTAB_WAIT ram_mib=32764 vram_free_mib=3277 running=11
EXTAB_WAIT ram_mib=32763 vram_free_mib=3277 running=11
EXTAB_WAIT ram_mib=32763 vram_free_mib=3277 running=11
EXTAB_EXIT screen=extab_Sleep_EDF_20_no_entropy_f4_s7 code=0
EXTAB_WAIT ram_mib=30220 vram_free_mib=5186 running=10
EXTAB_WAIT ram_mib=30221 vram_free_mib=5186 running=10
EXTAB_WAIT ram_mib=30221 vram_free_mib=5186 running=10
EXTAB_WAIT ram_mib=30221 vram_free_mib=5186 running=10
EXTAB_EXIT screen=extab_Sleep_EDF_20_no_entropy_f2_s7 code=0
EXTAB_EXIT screen=extab_Sleep_EDF_20_no_entropy_f6_s7 code=0
EXTAB_LAUNCH screen=extab_Sleep_EDF_20_no_entropy_f13_s7 data=Sleep-EDF-20 variant=no_entropy fold=13
EXTAB_LAUNCH screen=extab_Sleep_EDF_20_no_entropy_f14_s7 data=Sleep-EDF-20 variant=no_entropy fold=14
EXTAB_LAUNCH screen=extab_Sleep_EDF_20_no_entropy_f15_s7 data=Sleep-EDF-20 variant=no_entropy fold=15
EXTAB_LAUNCH screen=extab_Sleep_EDF_20_no_entropy_f16_s7 data=Sleep-EDF-20 variant=no_entropy fold=16
EXTAB_EXIT screen=extab_Sleep_EDF_20_no_entropy_f3_s7 code=0
EXTAB_EXIT screen=extab_Sleep_EDF_20_no_entropy_f5_s7 code=0
EXTAB_WAIT ram_mib=30224 vram_free_mib=5190 running=10
EXTAB_WAIT ram_mib=30224 vram_free_mib=5186 running=10
EXTAB_WAIT ram_mib=30225 vram_free_mib=5186 running=10
EXTAB_WAIT ram_mib=30225 vram_free_mib=5186 running=10
EXTAB_WAIT ram_mib=30225 vram_free_mib=5186 running=10
EXTAB_EXIT screen=extab_Sleep_EDF_20_no_entropy_f8_s7 code=0
EXTAB_LAUNCH screen=extab_Sleep_EDF_20_no_entropy_f17_s7 data=Sleep-EDF-20 variant=no_entropy fold=17
EXTAB_WAIT ram_mib=28542 vram_free_mib=6292 running=10
EXTAB_EXIT screen=extab_Sleep_EDF_20_no_entropy_f7_s7 code=0
EXTAB_LAUNCH screen=extab_Sleep_EDF_20_no_entropy_f18_s7 data=Sleep-EDF-20 variant=no_entropy fold=18
EXTAB_WAIT ram_mib=28684 vram_free_mib=6228 running=10
EXTAB_WAIT ram_mib=30225 vram_free_mib=5192 running=10
EXTAB_EXIT screen=extab_Sleep_EDF_20_no_entropy_f9_s7 code=0
EXTAB_LAUNCH screen=extab_Sleep_EDF_20_no_entropy_f19_s7 data=Sleep-EDF-20 variant=no_entropy fold=19
EXTAB_WAIT ram_mib=28531 vram_free_mib=6284 running=10
EXTAB_WAIT ram_mib=30225 vram_free_mib=5190 running=10
EXTAB_WAIT ram_mib=30225 vram_free_mib=5188 running=10
EXTAB_WAIT ram_mib=30226 vram_free_mib=5188 running=10
EXTAB_EXIT screen=extab_Sleep_EDF_20_no_entropy_f10_s7 code=0
EXTAB_EXIT screen=extab_Sleep_EDF_20_no_entropy_f11_s7 code=0
EXTAB_LAUNCH screen=extab_Sleep_EDF_20_no_hjorth_f0_s7 data=Sleep-EDF-20 variant=no_hjorth fold=0
EXTAB_LAUNCH screen=extab_Sleep_EDF_20_no_hjorth_f1_s7 data=Sleep-EDF-20 variant=no_hjorth fold=1
EXTAB_LAUNCH screen=extab_Sleep_EDF_20_no_hjorth_f2_s7 data=Sleep-EDF-20 variant=no_hjorth fold=2
EXTAB_WAIT ram_mib=29749 vram_free_mib=5327 running=11
EXTAB_EXIT screen=extab_Sleep_EDF_20_no_entropy_f12_s7 code=0
EXTAB_WAIT ram_mib=30214 vram_free_mib=5202 running=10
EXTAB_WAIT ram_mib=30221 vram_free_mib=5196 running=10
EXTAB_WAIT ram_mib=30221 vram_free_mib=5192 running=10
EXTAB_WAIT ram_mib=30221 vram_free_mib=5192 running=10
EXTAB_WAIT ram_mib=30222 vram_free_mib=5192 running=10
EXTAB_WAIT ram_mib=30222 vram_free_mib=5192 running=10
EXTAB_WAIT ram_mib=30221 vram_free_mib=5192 running=10
EXTAB_WAIT ram_mib=30221 vram_free_mib=5192 running=10
EXTAB_WAIT ram_mib=30222 vram_free_mib=5192 running=10
EXTAB_WAIT ram_mib=30222 vram_free_mib=5192 running=10
EXTAB_WAIT ram_mib=30222 vram_free_mib=5192 running=10
EXTAB_WAIT ram_mib=30222 vram_free_mib=5192 running=10
EXTAB_WAIT ram_mib=30222 vram_free_mib=5192 running=10
EXTAB_WAIT ram_mib=30222 vram_free_mib=5192 running=10
EXTAB_WAIT ram_mib=30222 vram_free_mib=5192 running=10
EXTAB_WAIT ram_mib=30222 vram_free_mib=5192 running=10
EXTAB_WAIT ram_mib=30222 vram_free_mib=5192 running=10
EXTAB_WAIT ram_mib=30222 vram_free_mib=5192 running=10
EXTAB_WAIT ram_mib=30222 vram_free_mib=5192 running=10
EXTAB_WAIT ram_mib=30222 vram_free_mib=5192 running=10
EXTAB_WAIT ram_mib=30222 vram_free_mib=5192 running=10
EXTAB_WAIT ram_mib=30222 vram_free_mib=5192 running=10
EXTAB_WAIT ram_mib=30222 vram_free_mib=5192 running=10
EXTAB_WAIT ram_mib=30222 vram_free_mib=5192 running=10
EXTAB_WAIT ram_mib=30223 vram_free_mib=5192 running=10
EXTAB_WAIT ram_mib=30222 vram_free_mib=5192 running=10
EXTAB_WAIT ram_mib=30222 vram_free_mib=5192 running=10
EXTAB_WAIT ram_mib=30222 vram_free_mib=5192 running=10
EXTAB_WAIT ram_mib=30222 vram_free_mib=5192 running=10
EXTAB_WAIT ram_mib=30222 vram_free_mib=5192 running=10
EXTAB_WAIT ram_mib=30222 vram_free_mib=5192 running=10
EXTAB_EXIT screen=extab_Sleep_EDF_20_no_entropy_f14_s7 code=0
EXTAB_LAUNCH screen=extab_Sleep_EDF_20_no_hjorth_f3_s7 data=Sleep-EDF-20 variant=no_hjorth fold=3
EXTAB_WAIT ram_mib=28600 vram_free_mib=6258 running=10
EXTAB_WAIT ram_mib=30220 vram_free_mib=5196 running=10
EXTAB_WAIT ram_mib=30222 vram_free_mib=5192 running=10
EXTAB_WAIT ram_mib=30223 vram_free_mib=5192 running=10
EXTAB_WAIT ram_mib=30222 vram_free_mib=5192 running=10
EXTAB_WAIT ram_mib=30222 vram_free_mib=5192 running=10
EXTAB_WAIT ram_mib=30222 vram_free_mib=5192 running=10
EXTAB_WAIT ram_mib=30223 vram_free_mib=5192 running=10
EXTAB_EXIT screen=extab_Sleep_EDF_20_no_entropy_f13_s7 code=0
EXTAB_LAUNCH screen=extab_Sleep_EDF_20_no_hjorth_f4_s7 data=Sleep-EDF-20 variant=no_hjorth fold=4
EXTAB_WAIT ram_mib=28594 vram_free_mib=6272 running=10
EXTAB_WAIT ram_mib=30220 vram_free_mib=5190 running=10
EXTAB_WAIT ram_mib=30221 vram_free_mib=5188 running=10
EXTAB_EXIT screen=extab_Sleep_EDF_20_no_entropy_f16_s7 code=0
EXTAB_EXIT screen=extab_Sleep_EDF_20_no_entropy_f15_s7 code=0
EXTAB_LAUNCH screen=extab_Sleep_EDF_20_no_hjorth_f5_s7 data=Sleep-EDF-20 variant=no_hjorth fold=5
EXTAB_LAUNCH screen=extab_Sleep_EDF_20_no_hjorth_f6_s7 data=Sleep-EDF-20 variant=no_hjorth fold=6
EXTAB_LAUNCH screen=extab_Sleep_EDF_20_no_hjorth_f7_s7 data=Sleep-EDF-20 variant=no_hjorth fold=7
EXTAB_WAIT ram_mib=29762 vram_free_mib=5117 running=11
EXTAB_EXIT screen=extab_Sleep_EDF_20_no_entropy_f18_s7 code=0
EXTAB_WAIT ram_mib=30223 vram_free_mib=5198 running=10
EXTAB_WAIT ram_mib=30223 vram_free_mib=5190 running=10
EXTAB_WAIT ram_mib=30223 vram_free_mib=5190 running=10
EXTAB_WAIT ram_mib=30223 vram_free_mib=5190 running=10
EXTAB_WAIT ram_mib=30224 vram_free_mib=5190 running=10
EXTAB_EXIT screen=extab_Sleep_EDF_20_no_entropy_f17_s7 code=0
EXTAB_LAUNCH screen=extab_Sleep_EDF_20_no_hjorth_f8_s7 data=Sleep-EDF-20 variant=no_hjorth fold=8
EXTAB_WAIT ram_mib=28714 vram_free_mib=6220 running=10
EXTAB_WAIT ram_mib=30230 vram_free_mib=5190 running=10
EXTAB_WAIT ram_mib=30231 vram_free_mib=5186 running=10
EXTAB_WAIT ram_mib=30231 vram_free_mib=5186 running=10
EXTAB_EXIT screen=extab_Sleep_EDF_20_no_entropy_f19_s7 code=0
EXTAB_LAUNCH screen=extab_Sleep_EDF_20_no_hjorth_f9_s7 data=Sleep-EDF-20 variant=no_hjorth fold=9
EXTAB_WAIT ram_mib=28604 vram_free_mib=6268 running=10
EXTAB_WAIT ram_mib=30234 vram_free_mib=5190 running=10
EXTAB_WAIT ram_mib=30234 vram_free_mib=5188 running=10
EXTAB_EXIT screen=extab_Sleep_EDF_20_no_hjorth_f0_s7 code=0
EXTAB_LAUNCH screen=extab_Sleep_EDF_20_no_hjorth_f10_s7 data=Sleep-EDF-20 variant=no_hjorth fold=10
EXTAB_LAUNCH screen=extab_Sleep_EDF_20_no_hjorth_f11_s7 data=Sleep-EDF-20 variant=no_hjorth fold=11
EXTAB_LAUNCH screen=extab_Sleep_EDF_20_no_hjorth_f12_s7 data=Sleep-EDF-20 variant=no_hjorth fold=12
EXTAB_EXIT screen=extab_Sleep_EDF_20_no_hjorth_f1_s7 code=0
EXTAB_EXIT screen=extab_Sleep_EDF_20_no_hjorth_f2_s7 code=0
EXTAB_WAIT ram_mib=30249 vram_free_mib=5190 running=10
EXTAB_WAIT ram_mib=30249 vram_free_mib=5184 running=10
EXTAB_WAIT ram_mib=30250 vram_free_mib=5184 running=10
EXTAB_WAIT ram_mib=30250 vram_free_mib=5184 running=10
EXTAB_WAIT ram_mib=30250 vram_free_mib=5184 running=10
EXTAB_WAIT ram_mib=30250 vram_free_mib=5184 running=10
EXTAB_WAIT ram_mib=30250 vram_free_mib=5184 running=10
EXTAB_WAIT ram_mib=30250 vram_free_mib=5184 running=10
EXTAB_WAIT ram_mib=30250 vram_free_mib=5184 running=10
EXTAB_WAIT ram_mib=30250 vram_free_mib=5184 running=10
EXTAB_WAIT ram_mib=30250 vram_free_mib=5184 running=10
EXTAB_WAIT ram_mib=30250 vram_free_mib=5184 running=10
EXTAB_WAIT ram_mib=30250 vram_free_mib=5184 running=10
EXTAB_WAIT ram_mib=30250 vram_free_mib=5184 running=10
EXTAB_WAIT ram_mib=30250 vram_free_mib=5184 running=10
EXTAB_WAIT ram_mib=30250 vram_free_mib=5184 running=10
EXTAB_WAIT ram_mib=30250 vram_free_mib=5184 running=10
EXTAB_WAIT ram_mib=30250 vram_free_mib=5184 running=10
EXTAB_WAIT ram_mib=30250 vram_free_mib=5184 running=10
EXTAB_WAIT ram_mib=30250 vram_free_mib=5184 running=10
EXTAB_WAIT ram_mib=30250 vram_free_mib=5184 running=10
EXTAB_WAIT ram_mib=30250 vram_free_mib=5184 running=10
EXTAB_WAIT ram_mib=30250 vram_free_mib=5184 running=10
EXTAB_WAIT ram_mib=30250 vram_free_mib=5184 running=10
EXTAB_WAIT ram_mib=30250 vram_free_mib=5184 running=10
EXTAB_WAIT ram_mib=30250 vram_free_mib=5184 running=10
EXTAB_WAIT ram_mib=30250 vram_free_mib=5184 running=10
EXTAB_WAIT ram_mib=30250 vram_free_mib=5184 running=10
EXTAB_WAIT ram_mib=30250 vram_free_mib=5184 running=10
EXTAB_WAIT ram_mib=30250 vram_free_mib=5184 running=10
EXTAB_WAIT ram_mib=30251 vram_free_mib=5184 running=10
EXTAB_EXIT screen=extab_Sleep_EDF_20_no_hjorth_f3_s7 code=0
EXTAB_LAUNCH screen=extab_Sleep_EDF_20_no_hjorth_f13_s7 data=Sleep-EDF-20 variant=no_hjorth fold=13
EXTAB_WAIT ram_mib=28760 vram_free_mib=6202 running=10
EXTAB_WAIT ram_mib=30244 vram_free_mib=5186 running=10
EXTAB_WAIT ram_mib=30246 vram_free_mib=5186 running=10
EXTAB_WAIT ram_mib=30247 vram_free_mib=5186 running=10
EXTAB_WAIT ram_mib=30247 vram_free_mib=5186 running=10
EXTAB_WAIT ram_mib=30247 vram_free_mib=5186 running=10
EXTAB_WAIT ram_mib=30247 vram_free_mib=5186 running=10
EXTAB_EXIT screen=extab_Sleep_EDF_20_no_hjorth_f4_s7 code=0
EXTAB_LAUNCH screen=extab_Sleep_EDF_20_no_hjorth_f14_s7 data=Sleep-EDF-20 variant=no_hjorth fold=14
EXTAB_WAIT ram_mib=28608 vram_free_mib=6264 running=10
EXTAB_WAIT ram_mib=30256 vram_free_mib=5192 running=10
EXTAB_WAIT ram_mib=30256 vram_free_mib=5188 running=10
EXTAB_EXIT screen=extab_Sleep_EDF_20_no_hjorth_f6_s7 code=0
EXTAB_LAUNCH screen=extab_Sleep_EDF_20_no_hjorth_f15_s7 data=Sleep-EDF-20 variant=no_hjorth fold=15
EXTAB_WAIT ram_mib=28774 vram_free_mib=6202 running=10
EXTAB_EXIT screen=extab_Sleep_EDF_20_no_hjorth_f5_s7 code=0
EXTAB_LAUNCH screen=extab_Sleep_EDF_20_no_hjorth_f16_s7 data=Sleep-EDF-20 variant=no_hjorth fold=16
EXTAB_LAUNCH screen=extab_Sleep_EDF_20_no_hjorth_f17_s7 data=Sleep-EDF-20 variant=no_hjorth fold=17
EXTAB_LAUNCH screen=extab_Sleep_EDF_20_no_hjorth_f18_s7 data=Sleep-EDF-20 variant=no_hjorth fold=18
EXTAB_EXIT screen=extab_Sleep_EDF_20_no_hjorth_f7_s7 code=0
EXTAB_WAIT ram_mib=32767 vram_free_mib=3285 running=11
EXTAB_WAIT ram_mib=32765 vram_free_mib=3279 running=11
EXTAB_WAIT ram_mib=32764 vram_free_mib=3279 running=11
EXTAB_WAIT ram_mib=32764 vram_free_mib=3279 running=11
EXTAB_WAIT ram_mib=32764 vram_free_mib=3279 running=11
EXTAB_EXIT screen=extab_Sleep_EDF_20_no_hjorth_f8_s7 code=0
EXTAB_WAIT ram_mib=30218 vram_free_mib=5190 running=10
EXTAB_WAIT ram_mib=30219 vram_free_mib=5190 running=10
EXTAB_WAIT ram_mib=30219 vram_free_mib=5190 running=10
EXTAB_WAIT ram_mib=30220 vram_free_mib=5190 running=10
EXTAB_WAIT ram_mib=30219 vram_free_mib=5190 running=10
EXTAB_EXIT screen=extab_Sleep_EDF_20_no_hjorth_f9_s7 code=0
EXTAB_LAUNCH screen=extab_Sleep_EDF_20_no_hjorth_f19_s7 data=Sleep-EDF-20 variant=no_hjorth fold=19
EXTAB_WAIT ram_mib=28539 vram_free_mib=6290 running=10
EXTAB_EXIT screen=extab_Sleep_EDF_20_no_hjorth_f10_s7 code=0
EXTAB_LAUNCH screen=extab_Sleep_EDF_20_no_hjorth_mobility_f0_s7 data=Sleep-EDF-20 variant=no_hjorth_mobility fold=0
EXTAB_LAUNCH screen=extab_Sleep_EDF_20_no_hjorth_mobility_f1_s7 data=Sleep-EDF-20 variant=no_hjorth_mobility fold=1
EXTAB_LAUNCH screen=extab_Sleep_EDF_20_no_hjorth_mobility_f2_s7 data=Sleep-EDF-20 variant=no_hjorth_mobility fold=2
EXTAB_EXIT screen=extab_Sleep_EDF_20_no_hjorth_f12_s7 code=0
EXTAB_EXIT screen=extab_Sleep_EDF_20_no_hjorth_f11_s7 code=0
EXTAB_WAIT ram_mib=30212 vram_free_mib=5202 running=10
EXTAB_WAIT ram_mib=30213 vram_free_mib=5196 running=10
EXTAB_WAIT ram_mib=30213 vram_free_mib=5194 running=10
EXTAB_WAIT ram_mib=30213 vram_free_mib=5192 running=10
EXTAB_WAIT ram_mib=30214 vram_free_mib=5192 running=10
EXTAB_WAIT ram_mib=30214 vram_free_mib=5192 running=10
EXTAB_WAIT ram_mib=30214 vram_free_mib=5192 running=10
EXTAB_WAIT ram_mib=30215 vram_free_mib=5192 running=10
EXTAB_WAIT ram_mib=30214 vram_free_mib=5192 running=10
EXTAB_WAIT ram_mib=30214 vram_free_mib=5192 running=10
EXTAB_WAIT ram_mib=30214 vram_free_mib=5192 running=10
EXTAB_WAIT ram_mib=30215 vram_free_mib=5192 running=10
EXTAB_WAIT ram_mib=30215 vram_free_mib=5192 running=10
EXTAB_WAIT ram_mib=30215 vram_free_mib=5192 running=10
EXTAB_WAIT ram_mib=30215 vram_free_mib=5192 running=10
EXTAB_WAIT ram_mib=30215 vram_free_mib=5192 running=10
EXTAB_WAIT ram_mib=30215 vram_free_mib=5192 running=10
EXTAB_WAIT ram_mib=30215 vram_free_mib=5192 running=10
EXTAB_WAIT ram_mib=30215 vram_free_mib=5192 running=10
EXTAB_WAIT ram_mib=30215 vram_free_mib=5192 running=10
EXTAB_WAIT ram_mib=30215 vram_free_mib=5192 running=10
EXTAB_WAIT ram_mib=30215 vram_free_mib=5192 running=10
EXTAB_WAIT ram_mib=30215 vram_free_mib=5192 running=10
EXTAB_WAIT ram_mib=30215 vram_free_mib=5192 running=10
EXTAB_WAIT ram_mib=30215 vram_free_mib=5192 running=10
EXTAB_WAIT ram_mib=30215 vram_free_mib=5192 running=10
EXTAB_WAIT ram_mib=30217 vram_free_mib=5192 running=10
EXTAB_WAIT ram_mib=30263 vram_free_mib=5192 running=10
EXTAB_WAIT ram_mib=30264 vram_free_mib=5192 running=10
EXTAB_WAIT ram_mib=30264 vram_free_mib=5192 running=10
EXTAB_WAIT ram_mib=30264 vram_free_mib=5192 running=10
EXTAB_WAIT ram_mib=30264 vram_free_mib=5192 running=10
EXTAB_WAIT ram_mib=30264 vram_free_mib=5192 running=10
EXTAB_WAIT ram_mib=30264 vram_free_mib=5192 running=10
EXTAB_EXIT screen=extab_Sleep_EDF_20_no_hjorth_f13_s7 code=0
EXTAB_LAUNCH screen=extab_Sleep_EDF_20_no_hjorth_mobility_f3_s7 data=Sleep-EDF-20 variant=no_hjorth_mobility fold=3
EXTAB_WAIT ram_mib=28663 vram_free_mib=6270 running=10
EXTAB_WAIT ram_mib=30265 vram_free_mib=5194 running=10
EXTAB_WAIT ram_mib=30265 vram_free_mib=5190 running=10
EXTAB_WAIT ram_mib=30266 vram_free_mib=5190 running=10
EXTAB_WAIT ram_mib=30266 vram_free_mib=5190 running=10
EXTAB_WAIT ram_mib=30266 vram_free_mib=5190 running=10
EXTAB_EXIT screen=extab_Sleep_EDF_20_no_hjorth_f14_s7 code=0
EXTAB_LAUNCH screen=extab_Sleep_EDF_20_no_hjorth_mobility_f4_s7 data=Sleep-EDF-20 variant=no_hjorth_mobility fold=4
EXTAB_WAIT ram_mib=28638 vram_free_mib=6266 running=10
EXTAB_WAIT ram_mib=30259 vram_free_mib=5190 running=10
EXTAB_WAIT ram_mib=30258 vram_free_mib=5190 running=10
EXTAB_EXIT screen=extab_Sleep_EDF_20_no_hjorth_f17_s7 code=0
EXTAB_EXIT screen=extab_Sleep_EDF_20_no_hjorth_f16_s7 code=0
EXTAB_EXIT screen=extab_Sleep_EDF_20_no_hjorth_f15_s7 code=0
EXTAB_LAUNCH screen=extab_Sleep_EDF_20_no_hjorth_mobility_f5_s7 data=Sleep-EDF-20 variant=no_hjorth_mobility fold=5
EXTAB_LAUNCH screen=extab_Sleep_EDF_20_no_hjorth_mobility_f6_s7 data=Sleep-EDF-20 variant=no_hjorth_mobility fold=6
EXTAB_LAUNCH screen=extab_Sleep_EDF_20_no_hjorth_mobility_f7_s7 data=Sleep-EDF-20 variant=no_hjorth_mobility fold=7
EXTAB_LAUNCH screen=extab_Sleep_EDF_20_no_hjorth_mobility_f8_s7 data=Sleep-EDF-20 variant=no_hjorth_mobility fold=8
EXTAB_LAUNCH screen=extab_Sleep_EDF_20_no_hjorth_mobility_f9_s7 data=Sleep-EDF-20 variant=no_hjorth_mobility fold=9
EXTAB_EXIT screen=extab_Sleep_EDF_20_no_hjorth_f18_s7 code=0
EXTAB_WAIT ram_mib=32767 vram_free_mib=3287 running=11
EXTAB_WAIT ram_mib=32766 vram_free_mib=3279 running=11
EXTAB_WAIT ram_mib=32765 vram_free_mib=3279 running=11
EXTAB_WAIT ram_mib=32764 vram_free_mib=3279 running=11
EXTAB_WAIT ram_mib=32764 vram_free_mib=3279 running=11
EXTAB_WAIT ram_mib=32764 vram_free_mib=3279 running=11
EXTAB_WAIT ram_mib=32764 vram_free_mib=3279 running=11
EXTAB_WAIT ram_mib=32765 vram_free_mib=3279 running=11
EXTAB_EXIT screen=extab_Sleep_EDF_20_no_hjorth_mobility_f1_s7 code=0
EXTAB_WAIT ram_mib=30224 vram_free_mib=5184 running=10
EXTAB_WAIT ram_mib=30225 vram_free_mib=5184 running=10
EXTAB_WAIT ram_mib=30225 vram_free_mib=5184 running=10
EXTAB_EXIT screen=extab_Sleep_EDF_20_no_hjorth_f19_s7 code=0
EXTAB_LAUNCH screen=extab_Sleep_EDF_20_no_hjorth_mobility_f10_s7 data=Sleep-EDF-20 variant=no_hjorth_mobility fold=10
EXTAB_WAIT ram_mib=28578 vram_free_mib=6268 running=10
EXTAB_EXIT screen=extab_Sleep_EDF_20_no_hjorth_mobility_f0_s7 code=0
EXTAB_EXIT screen=extab_Sleep_EDF_20_no_hjorth_mobility_f2_s7 code=0
EXTAB_LAUNCH screen=extab_Sleep_EDF_20_no_hjorth_mobility_f11_s7 data=Sleep-EDF-20 variant=no_hjorth_mobility fold=11
EXTAB_LAUNCH screen=extab_Sleep_EDF_20_no_hjorth_mobility_f12_s7 data=Sleep-EDF-20 variant=no_hjorth_mobility fold=12
EXTAB_LAUNCH screen=extab_Sleep_EDF_20_no_hjorth_mobility_f13_s7 data=Sleep-EDF-20 variant=no_hjorth_mobility fold=13
EXTAB_WAIT ram_mib=29771 vram_free_mib=5289 running=11
EXTAB_WAIT ram_mib=32767 vram_free_mib=3281 running=11
EXTAB_WAIT ram_mib=32766 vram_free_mib=3279 running=11
EXTAB_WAIT ram_mib=32764 vram_free_mib=3279 running=11
EXTAB_WAIT ram_mib=32764 vram_free_mib=3279 running=11
EXTAB_WAIT ram_mib=32764 vram_free_mib=3279 running=11
EXTAB_WAIT ram_mib=32765 vram_free_mib=3279 running=11
EXTAB_WAIT ram_mib=32764 vram_free_mib=3279 running=11
EXTAB_WAIT ram_mib=32763 vram_free_mib=3279 running=11
EXTAB_WAIT ram_mib=32764 vram_free_mib=3279 running=11
EXTAB_WAIT ram_mib=32764 vram_free_mib=3279 running=11
EXTAB_WAIT ram_mib=32764 vram_free_mib=3279 running=11
EXTAB_WAIT ram_mib=32764 vram_free_mib=3279 running=11
EXTAB_WAIT ram_mib=32764 vram_free_mib=3279 running=11
EXTAB_WAIT ram_mib=32764 vram_free_mib=3279 running=11
EXTAB_WAIT ram_mib=32764 vram_free_mib=3279 running=11
EXTAB_WAIT ram_mib=32764 vram_free_mib=3279 running=11
EXTAB_WAIT ram_mib=32764 vram_free_mib=3279 running=11
EXTAB_WAIT ram_mib=32763 vram_free_mib=3279 running=11
EXTAB_WAIT ram_mib=32764 vram_free_mib=3279 running=11
EXTAB_WAIT ram_mib=32764 vram_free_mib=3279 running=11
EXTAB_WAIT ram_mib=32764 vram_free_mib=3279 running=11
EXTAB_WAIT ram_mib=32763 vram_free_mib=3279 running=11
EXTAB_WAIT ram_mib=32764 vram_free_mib=3279 running=11
EXTAB_WAIT ram_mib=32764 vram_free_mib=3279 running=11
EXTAB_WAIT ram_mib=32763 vram_free_mib=3279 running=11
EXTAB_WAIT ram_mib=32764 vram_free_mib=3279 running=11
EXTAB_WAIT ram_mib=32764 vram_free_mib=3279 running=11
EXTAB_WAIT ram_mib=32763 vram_free_mib=3279 running=11
EXTAB_WAIT ram_mib=32764 vram_free_mib=3279 running=11
EXTAB_WAIT ram_mib=32764 vram_free_mib=3279 running=11
EXTAB_WAIT ram_mib=32764 vram_free_mib=3279 running=11
EXTAB_WAIT ram_mib=32764 vram_free_mib=3279 running=11
EXTAB_WAIT ram_mib=32763 vram_free_mib=3279 running=11
EXTAB_WAIT ram_mib=32764 vram_free_mib=3279 running=11
EXTAB_WAIT ram_mib=32764 vram_free_mib=3279 running=11
EXTAB_WAIT ram_mib=32764 vram_free_mib=3279 running=11
EXTAB_WAIT ram_mib=32765 vram_free_mib=3279 running=11
EXTAB_EXIT screen=extab_Sleep_EDF_20_no_hjorth_mobility_f3_s7 code=0
EXTAB_WAIT ram_mib=30228 vram_free_mib=5186 running=10
EXTAB_WAIT ram_mib=30228 vram_free_mib=5186 running=10
EXTAB_WAIT ram_mib=30228 vram_free_mib=5186 running=10
EXTAB_WAIT ram_mib=30228 vram_free_mib=5186 running=10
EXTAB_WAIT ram_mib=30228 vram_free_mib=5186 running=10
EXTAB_WAIT ram_mib=30228 vram_free_mib=5186 running=10
EXTAB_WAIT ram_mib=29978 vram_free_mib=5340 running=10
EXTAB_EXIT screen=extab_Sleep_EDF_20_no_hjorth_mobility_f4_s7 code=0
EXTAB_LAUNCH screen=extab_Sleep_EDF_20_no_hjorth_mobility_f14_s7 data=Sleep-EDF-20 variant=no_hjorth_mobility fold=14
EXTAB_WAIT ram_mib=28709 vram_free_mib=6218 running=10
EXTAB_WAIT ram_mib=30232 vram_free_mib=5192 running=10
EXTAB_EXIT screen=extab_Sleep_EDF_20_no_hjorth_mobility_f7_s7 code=0
EXTAB_LAUNCH screen=extab_Sleep_EDF_20_no_hjorth_mobility_f15_s7 data=Sleep-EDF-20 variant=no_hjorth_mobility fold=15
EXTAB_LAUNCH screen=extab_Sleep_EDF_20_no_hjorth_mobility_f16_s7 data=Sleep-EDF-20 variant=no_hjorth_mobility fold=16
EXTAB_LAUNCH screen=extab_Sleep_EDF_20_no_hjorth_mobility_f17_s7 data=Sleep-EDF-20 variant=no_hjorth_mobility fold=17
EXTAB_EXIT screen=extab_Sleep_EDF_20_no_hjorth_mobility_f8_s7 code=0
EXTAB_EXIT screen=extab_Sleep_EDF_20_no_hjorth_mobility_f5_s7 code=0
EXTAB_EXIT screen=extab_Sleep_EDF_20_no_hjorth_mobility_f6_s7 code=0
EXTAB_EXIT screen=extab_Sleep_EDF_20_no_hjorth_mobility_f9_s7 code=0
EXTAB_LAUNCH screen=extab_Sleep_EDF_20_no_hjorth_mobility_f18_s7 data=Sleep-EDF-20 variant=no_hjorth_mobility fold=18
EXTAB_LAUNCH screen=extab_Sleep_EDF_20_no_hjorth_mobility_f19_s7 data=Sleep-EDF-20 variant=no_hjorth_mobility fold=19
EXTAB_LAUNCH screen=extab_Sleep_EDF_20_no_hjorth_complexity_f0_s7 data=Sleep-EDF-20 variant=no_hjorth_complexity fold=0
EXTAB_WAIT ram_mib=29893 vram_free_mib=5373 running=11
EXTAB_WAIT ram_mib=32767 vram_free_mib=3289 running=11
EXTAB_WAIT ram_mib=32766 vram_free_mib=3281 running=11
EXTAB_WAIT ram_mib=32765 vram_free_mib=3281 running=11
EXTAB_WAIT ram_mib=32765 vram_free_mib=3281 running=11
EXTAB_WAIT ram_mib=32764 vram_free_mib=3281 running=11
EXTAB_WAIT ram_mib=32765 vram_free_mib=3281 running=11
EXTAB_WAIT ram_mib=32764 vram_free_mib=3281 running=11
EXTAB_WAIT ram_mib=32764 vram_free_mib=3281 running=11
EXTAB_WAIT ram_mib=32764 vram_free_mib=3281 running=11
EXTAB_WAIT ram_mib=32764 vram_free_mib=3281 running=11
EXTAB_EXIT screen=extab_Sleep_EDF_20_no_hjorth_mobility_f10_s7 code=0
EXTAB_WAIT ram_mib=30222 vram_free_mib=5188 running=10
EXTAB_WAIT ram_mib=30222 vram_free_mib=5188 running=10
EXTAB_EXIT screen=extab_Sleep_EDF_20_no_hjorth_mobility_f12_s7 code=0
EXTAB_EXIT screen=extab_Sleep_EDF_20_no_hjorth_mobility_f11_s7 code=0
EXTAB_LAUNCH screen=extab_Sleep_EDF_20_no_hjorth_complexity_f1_s7 data=Sleep-EDF-20 variant=no_hjorth_complexity fold=1
EXTAB_LAUNCH screen=extab_Sleep_EDF_20_no_hjorth_complexity_f2_s7 data=Sleep-EDF-20 variant=no_hjorth_complexity fold=2
EXTAB_LAUNCH screen=extab_Sleep_EDF_20_no_hjorth_complexity_f3_s7 data=Sleep-EDF-20 variant=no_hjorth_complexity fold=3
EXTAB_WAIT ram_mib=29599 vram_free_mib=5203 running=11
EXTAB_EXIT screen=extab_Sleep_EDF_20_no_hjorth_mobility_f13_s7 code=0
EXTAB_WAIT ram_mib=30211 vram_free_mib=5200 running=10
EXTAB_WAIT ram_mib=30217 vram_free_mib=5194 running=10
EXTAB_WAIT ram_mib=30217 vram_free_mib=5190 running=10
EXTAB_WAIT ram_mib=30217 vram_free_mib=5190 running=10
EXTAB_WAIT ram_mib=30217 vram_free_mib=5190 running=10
EXTAB_WAIT ram_mib=30218 vram_free_mib=5190 running=10
EXTAB_WAIT ram_mib=30218 vram_free_mib=5190 running=10
EXTAB_WAIT ram_mib=30217 vram_free_mib=5190 running=10
EXTAB_WAIT ram_mib=30218 vram_free_mib=5190 running=10
EXTAB_WAIT ram_mib=30218 vram_free_mib=5190 running=10
EXTAB_WAIT ram_mib=30217 vram_free_mib=5190 running=10
EXTAB_WAIT ram_mib=30218 vram_free_mib=5190 running=10
EXTAB_WAIT ram_mib=30218 vram_free_mib=5190 running=10
EXTAB_WAIT ram_mib=30217 vram_free_mib=5190 running=10
EXTAB_WAIT ram_mib=30218 vram_free_mib=5190 running=10
EXTAB_WAIT ram_mib=30218 vram_free_mib=5190 running=10
EXTAB_WAIT ram_mib=30218 vram_free_mib=5190 running=10
EXTAB_WAIT ram_mib=30219 vram_free_mib=5190 running=10
EXTAB_WAIT ram_mib=30218 vram_free_mib=5190 running=10
EXTAB_WAIT ram_mib=30218 vram_free_mib=5190 running=10
EXTAB_WAIT ram_mib=30218 vram_free_mib=5190 running=10
EXTAB_WAIT ram_mib=30218 vram_free_mib=5190 running=10
EXTAB_WAIT ram_mib=30221 vram_free_mib=5190 running=10
EXTAB_WAIT ram_mib=30221 vram_free_mib=5190 running=10
EXTAB_WAIT ram_mib=30222 vram_free_mib=5190 running=10
EXTAB_WAIT ram_mib=30221 vram_free_mib=5190 running=10
EXTAB_WAIT ram_mib=30221 vram_free_mib=5190 running=10
EXTAB_WAIT ram_mib=30221 vram_free_mib=5190 running=10
EXTAB_WAIT ram_mib=30221 vram_free_mib=5190 running=10
EXTAB_WAIT ram_mib=30221 vram_free_mib=5190 running=10
EXTAB_WAIT ram_mib=30221 vram_free_mib=5190 running=10
EXTAB_WAIT ram_mib=30222 vram_free_mib=5190 running=10
EXTAB_EXIT screen=extab_Sleep_EDF_20_no_hjorth_mobility_f18_s7 code=0
EXTAB_LAUNCH screen=extab_Sleep_EDF_20_no_hjorth_complexity_f4_s7 data=Sleep-EDF-20 variant=no_hjorth_complexity fold=4
EXTAB_WAIT ram_mib=28772 vram_free_mib=6186 running=10
EXTAB_WAIT ram_mib=30220 vram_free_mib=5188 running=10
EXTAB_WAIT ram_mib=30221 vram_free_mib=5186 running=10
EXTAB_WAIT ram_mib=30221 vram_free_mib=5186 running=10
EXTAB_WAIT ram_mib=30221 vram_free_mib=5186 running=10
EXTAB_WAIT ram_mib=30221 vram_free_mib=5186 running=10
EXTAB_WAIT ram_mib=30221 vram_free_mib=5186 running=10
EXTAB_WAIT ram_mib=30221 vram_free_mib=5186 running=10
EXTAB_EXIT screen=extab_Sleep_EDF_20_no_hjorth_mobility_f14_s7 code=0
EXTAB_EXIT screen=extab_Sleep_EDF_20_no_hjorth_mobility_f16_s7 code=0
EXTAB_LAUNCH screen=extab_Sleep_EDF_20_no_hjorth_complexity_f5_s7 data=Sleep-EDF-20 variant=no_hjorth_complexity fold=5
EXTAB_LAUNCH screen=extab_Sleep_EDF_20_no_hjorth_complexity_f6_s7 data=Sleep-EDF-20 variant=no_hjorth_complexity fold=6
EXTAB_LAUNCH screen=extab_Sleep_EDF_20_no_hjorth_complexity_f7_s7 data=Sleep-EDF-20 variant=no_hjorth_complexity fold=7
EXTAB_WAIT ram_mib=30087 vram_free_mib=5283 running=11
EXTAB_EXIT screen=extab_Sleep_EDF_20_no_hjorth_mobility_f15_s7 code=0
EXTAB_WAIT ram_mib=30228 vram_free_mib=5198 running=10
EXTAB_EXIT screen=extab_Sleep_EDF_20_no_hjorth_mobility_f17_s7 code=0
EXTAB_LAUNCH screen=extab_Sleep_EDF_20_no_hjorth_complexity_f8_s7 data=Sleep-EDF-20 variant=no_hjorth_complexity fold=8
EXTAB_WAIT ram_mib=28639 vram_free_mib=6234 running=10
EXTAB_EXIT screen=extab_Sleep_EDF_20_no_hjorth_mobility_f19_s7 code=0
EXTAB_LAUNCH screen=extab_Sleep_EDF_20_no_hjorth_complexity_f9_s7 data=Sleep-EDF-20 variant=no_hjorth_complexity fold=9
EXTAB_LAUNCH screen=extab_Sleep_EDF_20_no_hjorth_complexity_f10_s7 data=Sleep-EDF-20 variant=no_hjorth_complexity fold=10
EXTAB_LAUNCH screen=extab_Sleep_EDF_20_no_hjorth_complexity_f11_s7 data=Sleep-EDF-20 variant=no_hjorth_complexity fold=11
EXTAB_EXIT screen=extab_Sleep_EDF_20_no_hjorth_complexity_f0_s7 code=0
EXTAB_WAIT ram_mib=32766 vram_free_mib=3287 running=11
EXTAB_WAIT ram_mib=32764 vram_free_mib=3279 running=11
EXTAB_WAIT ram_mib=32764 vram_free_mib=3279 running=11
EXTAB_WAIT ram_mib=32764 vram_free_mib=3279 running=11
EXTAB_WAIT ram_mib=32764 vram_free_mib=3279 running=11
EXTAB_WAIT ram_mib=32764 vram_free_mib=3279 running=11
EXTAB_WAIT ram_mib=32764 vram_free_mib=3279 running=11
EXTAB_WAIT ram_mib=32765 vram_free_mib=3279 running=11
EXTAB_WAIT ram_mib=32764 vram_free_mib=3279 running=11
EXTAB_WAIT ram_mib=32763 vram_free_mib=3279 running=11
EXTAB_EXIT screen=extab_Sleep_EDF_20_no_hjorth_complexity_f2_s7 code=0
EXTAB_WAIT ram_mib=30226 vram_free_mib=5186 running=10
EXTAB_WAIT ram_mib=30226 vram_free_mib=5186 running=10
EXTAB_EXIT screen=extab_Sleep_EDF_20_no_hjorth_complexity_f1_s7 code=0
EXTAB_LAUNCH screen=extab_Sleep_EDF_20_no_hjorth_complexity_f12_s7 data=Sleep-EDF-20 variant=no_hjorth_complexity fold=12
EXTAB_LAUNCH screen=extab_Sleep_EDF_20_no_hjorth_complexity_f13_s7 data=Sleep-EDF-20 variant=no_hjorth_complexity fold=13
EXTAB_LAUNCH screen=extab_Sleep_EDF_20_no_hjorth_complexity_f14_s7 data=Sleep-EDF-20 variant=no_hjorth_complexity fold=14
EXTAB_EXIT screen=extab_Sleep_EDF_20_no_hjorth_complexity_f3_s7 code=0
EXTAB_WAIT ram_mib=32766 vram_free_mib=3283 running=11
EXTAB_WAIT ram_mib=32764 vram_free_mib=3279 running=11
EXTAB_WAIT ram_mib=32764 vram_free_mib=3279 running=11
EXTAB_WAIT ram_mib=32764 vram_free_mib=3279 running=11
EXTAB_WAIT ram_mib=32764 vram_free_mib=3279 running=11
EXTAB_WAIT ram_mib=32764 vram_free_mib=3279 running=11
EXTAB_WAIT ram_mib=32763 vram_free_mib=3279 running=11
EXTAB_WAIT ram_mib=32763 vram_free_mib=3279 running=11
EXTAB_WAIT ram_mib=32764 vram_free_mib=3279 running=11
EXTAB_WAIT ram_mib=32764 vram_free_mib=3279 running=11
EXTAB_WAIT ram_mib=32764 vram_free_mib=3279 running=11
EXTAB_WAIT ram_mib=32763 vram_free_mib=3279 running=11
EXTAB_WAIT ram_mib=32764 vram_free_mib=3279 running=11
EXTAB_WAIT ram_mib=32763 vram_free_mib=3279 running=11
EXTAB_WAIT ram_mib=32764 vram_free_mib=3279 running=11
EXTAB_WAIT ram_mib=32764 vram_free_mib=3279 running=11
EXTAB_WAIT ram_mib=32764 vram_free_mib=3279 running=11
EXTAB_WAIT ram_mib=32763 vram_free_mib=3279 running=11
EXTAB_WAIT ram_mib=32764 vram_free_mib=3279 running=11
EXTAB_WAIT ram_mib=32764 vram_free_mib=3279 running=11
EXTAB_WAIT ram_mib=32764 vram_free_mib=3279 running=11
EXTAB_WAIT ram_mib=32764 vram_free_mib=3279 running=11
EXTAB_WAIT ram_mib=32764 vram_free_mib=3279 running=11
EXTAB_WAIT ram_mib=32764 vram_free_mib=3279 running=11
EXTAB_WAIT ram_mib=32764 vram_free_mib=3279 running=11
EXTAB_WAIT ram_mib=32765 vram_free_mib=3279 running=11
EXTAB_WAIT ram_mib=32763 vram_free_mib=3279 running=11
EXTAB_WAIT ram_mib=32763 vram_free_mib=3279 running=11
EXTAB_WAIT ram_mib=32763 vram_free_mib=3279 running=11
EXTAB_WAIT ram_mib=32764 vram_free_mib=3279 running=11
EXTAB_WAIT ram_mib=32763 vram_free_mib=3279 running=11
EXTAB_WAIT ram_mib=32763 vram_free_mib=3279 running=11
EXTAB_WAIT ram_mib=32763 vram_free_mib=3279 running=11
EXTAB_WAIT ram_mib=32763 vram_free_mib=3279 running=11
EXTAB_WAIT ram_mib=32763 vram_free_mib=3279 running=11
EXTAB_EXIT screen=extab_Sleep_EDF_20_no_hjorth_complexity_f4_s7 code=0
EXTAB_WAIT ram_mib=30223 vram_free_mib=5188 running=10
EXTAB_WAIT ram_mib=30224 vram_free_mib=5188 running=10
EXTAB_WAIT ram_mib=30224 vram_free_mib=5188 running=10
EXTAB_WAIT ram_mib=30224 vram_free_mib=5188 running=10
EXTAB_WAIT ram_mib=30225 vram_free_mib=5188 running=10
EXTAB_EXIT screen=extab_Sleep_EDF_20_no_hjorth_complexity_f5_s7 code=0
EXTAB_LAUNCH screen=extab_Sleep_EDF_20_no_hjorth_complexity_f15_s7 data=Sleep-EDF-20 variant=no_hjorth_complexity fold=15
EXTAB_WAIT ram_mib=28506 vram_free_mib=6306 running=10
EXTAB_WAIT ram_mib=30223 vram_free_mib=5192 running=10
EXTAB_WAIT ram_mib=30224 vram_free_mib=5188 running=10
EXTAB_WAIT ram_mib=30224 vram_free_mib=5188 running=10
EXTAB_EXIT screen=extab_Sleep_EDF_20_no_hjorth_complexity_f7_s7 code=0
EXTAB_EXIT screen=extab_Sleep_EDF_20_no_hjorth_complexity_f6_s7 code=0
EXTAB_LAUNCH screen=extab_Sleep_EDF_20_no_hjorth_complexity_f16_s7 data=Sleep-EDF-20 variant=no_hjorth_complexity fold=16
EXTAB_LAUNCH screen=extab_Sleep_EDF_20_no_hjorth_complexity_f17_s7 data=Sleep-EDF-20 variant=no_hjorth_complexity fold=17
EXTAB_LAUNCH screen=extab_Sleep_EDF_20_no_hjorth_complexity_f18_s7 data=Sleep-EDF-20 variant=no_hjorth_complexity fold=18
EXTAB_WAIT ram_mib=29900 vram_free_mib=5347 running=11
EXTAB_EXIT screen=extab_Sleep_EDF_20_no_hjorth_complexity_f9_s7 code=0
EXTAB_EXIT screen=extab_Sleep_EDF_20_no_hjorth_complexity_f8_s7 code=0
EXTAB_LAUNCH screen=extab_Sleep_EDF_20_no_hjorth_complexity_f19_s7 data=Sleep-EDF-20 variant=no_hjorth_complexity fold=19
EXTAB_WAIT ram_mib=28679 vram_free_mib=6228 running=10
EXTAB_WAIT ram_mib=30219 vram_free_mib=5190 running=10
EXTAB_EXIT screen=extab_Sleep_EDF_20_no_hjorth_complexity_f11_s7 code=0
EXTAB_EXIT screen=extab_Sleep_EDF_20_no_hjorth_complexity_f10_s7 code=0
EXTAB_LAUNCH screen=extab_Sleep_EDF_20_no_connectivity_f0_s7 data=Sleep-EDF-20 variant=no_connectivity fold=0
EXTAB_LAUNCH screen=extab_Sleep_EDF_20_no_connectivity_f1_s7 data=Sleep-EDF-20 variant=no_connectivity fold=1
EXTAB_LAUNCH screen=extab_Sleep_EDF_20_no_connectivity_f2_s7 data=Sleep-EDF-20 variant=no_connectivity fold=2
EXTAB_WAIT ram_mib=29704 vram_free_mib=5259 running=11
EXTAB_WAIT ram_mib=32767 vram_free_mib=3295 running=11
EXTAB_WAIT ram_mib=32765 vram_free_mib=3291 running=11
EXTAB_WAIT ram_mib=32764 vram_free_mib=3287 running=11
EXTAB_WAIT ram_mib=32764 vram_free_mib=3285 running=11
EXTAB_WAIT ram_mib=32764 vram_free_mib=3285 running=11
EXTAB_WAIT ram_mib=32765 vram_free_mib=3285 running=11
EXTAB_WAIT ram_mib=32764 vram_free_mib=3285 running=11
EXTAB_WAIT ram_mib=32763 vram_free_mib=3285 running=11
EXTAB_WAIT ram_mib=32764 vram_free_mib=3285 running=11
EXTAB_WAIT ram_mib=32764 vram_free_mib=3285 running=11
EXTAB_EXIT screen=extab_Sleep_EDF_20_no_hjorth_complexity_f13_s7 code=0
EXTAB_WAIT ram_mib=30229 vram_free_mib=5190 running=10
EXTAB_WAIT ram_mib=30229 vram_free_mib=5190 running=10
EXTAB_EXIT screen=extab_Sleep_EDF_20_no_hjorth_complexity_f14_s7 code=0
EXTAB_EXIT screen=extab_Sleep_EDF_20_no_hjorth_complexity_f12_s7 code=0
EXTAB_LAUNCH screen=extab_Sleep_EDF_20_no_connectivity_f3_s7 data=Sleep-EDF-20 variant=no_connectivity fold=3
EXTAB_LAUNCH screen=extab_Sleep_EDF_20_no_connectivity_f4_s7 data=Sleep-EDF-20 variant=no_connectivity fold=4
EXTAB_LAUNCH screen=extab_Sleep_EDF_20_no_connectivity_f5_s7 data=Sleep-EDF-20 variant=no_connectivity fold=5
EXTAB_WAIT ram_mib=29683 vram_free_mib=5159 running=11
EXTAB_WAIT ram_mib=32761 vram_free_mib=3291 running=11
EXTAB_WAIT ram_mib=32765 vram_free_mib=3281 running=11
EXTAB_WAIT ram_mib=32765 vram_free_mib=3281 running=11
EXTAB_WAIT ram_mib=32765 vram_free_mib=3281 running=11
EXTAB_WAIT ram_mib=32765 vram_free_mib=3281 running=11
EXTAB_WAIT ram_mib=32764 vram_free_mib=3281 running=11
EXTAB_WAIT ram_mib=32764 vram_free_mib=3281 running=11
EXTAB_WAIT ram_mib=32764 vram_free_mib=3281 running=11
EXTAB_WAIT ram_mib=32765 vram_free_mib=3281 running=11
EXTAB_WAIT ram_mib=32764 vram_free_mib=3281 running=11
EXTAB_WAIT ram_mib=32764 vram_free_mib=3281 running=11
EXTAB_WAIT ram_mib=32763 vram_free_mib=3281 running=11
EXTAB_WAIT ram_mib=32764 vram_free_mib=3281 running=11
EXTAB_WAIT ram_mib=32764 vram_free_mib=3281 running=11
EXTAB_WAIT ram_mib=32763 vram_free_mib=3281 running=11
EXTAB_WAIT ram_mib=32763 vram_free_mib=3281 running=11
EXTAB_WAIT ram_mib=32764 vram_free_mib=3281 running=11
EXTAB_WAIT ram_mib=32764 vram_free_mib=3281 running=11
EXTAB_WAIT ram_mib=32764 vram_free_mib=3281 running=11
EXTAB_WAIT ram_mib=32764 vram_free_mib=3281 running=11
EXTAB_WAIT ram_mib=32764 vram_free_mib=3281 running=11
EXTAB_WAIT ram_mib=32764 vram_free_mib=3281 running=11
EXTAB_WAIT ram_mib=32764 vram_free_mib=3281 running=11
EXTAB_WAIT ram_mib=32763 vram_free_mib=3281 running=11
EXTAB_WAIT ram_mib=32763 vram_free_mib=3281 running=11
EXTAB_WAIT ram_mib=32764 vram_free_mib=3281 running=11
EXTAB_WAIT ram_mib=32763 vram_free_mib=3281 running=11
EXTAB_WAIT ram_mib=32763 vram_free_mib=3281 running=11
EXTAB_WAIT ram_mib=32763 vram_free_mib=3281 running=11
EXTAB_WAIT ram_mib=32764 vram_free_mib=3281 running=11
EXTAB_WAIT ram_mib=32763 vram_free_mib=3281 running=11
EXTAB_WAIT ram_mib=32763 vram_free_mib=3281 running=11
EXTAB_WAIT ram_mib=32763 vram_free_mib=3281 running=11
EXTAB_WAIT ram_mib=32763 vram_free_mib=3281 running=11
EXTAB_WAIT ram_mib=32763 vram_free_mib=3281 running=11
EXTAB_WAIT ram_mib=32763 vram_free_mib=3281 running=11
EXTAB_WAIT ram_mib=32763 vram_free_mib=3281 running=11
EXTAB_WAIT ram_mib=32763 vram_free_mib=3281 running=11
EXTAB_WAIT ram_mib=32763 vram_free_mib=3281 running=11
EXTAB_WAIT ram_mib=32763 vram_free_mib=3281 running=11
EXTAB_EXIT screen=extab_Sleep_EDF_20_no_hjorth_complexity_f15_s7 code=0
EXTAB_WAIT ram_mib=30221 vram_free_mib=5188 running=10
EXTAB_WAIT ram_mib=30221 vram_free_mib=5188 running=10
EXTAB_WAIT ram_mib=30221 vram_free_mib=5188 running=10
EXTAB_EXIT screen=extab_Sleep_EDF_20_no_hjorth_complexity_f17_s7 code=0
EXTAB_EXIT screen=extab_Sleep_EDF_20_no_hjorth_complexity_f16_s7 code=0
EXTAB_LAUNCH screen=extab_Sleep_EDF_20_no_connectivity_f6_s7 data=Sleep-EDF-20 variant=no_connectivity fold=6
EXTAB_LAUNCH screen=extab_Sleep_EDF_20_no_connectivity_f7_s7 data=Sleep-EDF-20 variant=no_connectivity fold=7
EXTAB_LAUNCH screen=extab_Sleep_EDF_20_no_connectivity_f8_s7 data=Sleep-EDF-20 variant=no_connectivity fold=8
EXTAB_WAIT ram_mib=29906 vram_free_mib=5351 running=11
EXTAB_EXIT screen=extab_Sleep_EDF_20_no_hjorth_complexity_f18_s7 code=0
EXTAB_WAIT ram_mib=30224 vram_free_mib=5194 running=10
EXTAB_EXIT screen=extab_Sleep_EDF_20_no_hjorth_complexity_f19_s7 code=0
EXTAB_LAUNCH screen=extab_Sleep_EDF_20_no_connectivity_f9_s7 data=Sleep-EDF-20 variant=no_connectivity fold=9
EXTAB_WAIT ram_mib=28725 vram_free_mib=6202 running=10
EXTAB_WAIT ram_mib=30220 vram_free_mib=5190 running=10
EXTAB_EXIT screen=extab_Sleep_EDF_20_no_connectivity_f0_s7 code=0
EXTAB_LAUNCH screen=extab_Sleep_EDF_20_no_connectivity_f10_s7 data=Sleep-EDF-20 variant=no_connectivity fold=10
EXTAB_LAUNCH screen=extab_Sleep_EDF_20_no_connectivity_f11_s7 data=Sleep-EDF-20 variant=no_connectivity fold=11
EXTAB_LAUNCH screen=extab_Sleep_EDF_20_no_connectivity_f12_s7 data=Sleep-EDF-20 variant=no_connectivity fold=12
EXTAB_EXIT screen=extab_Sleep_EDF_20_no_connectivity_f1_s7 code=0
EXTAB_EXIT screen=extab_Sleep_EDF_20_no_connectivity_f2_s7 code=0
EXTAB_WAIT ram_mib=30216 vram_free_mib=5190 running=10
EXTAB_WAIT ram_mib=30217 vram_free_mib=5184 running=10
EXTAB_WAIT ram_mib=30218 vram_free_mib=5184 running=10
EXTAB_WAIT ram_mib=30218 vram_free_mib=5184 running=10
EXTAB_WAIT ram_mib=30218 vram_free_mib=5184 running=10
EXTAB_WAIT ram_mib=30219 vram_free_mib=5184 running=10
EXTAB_WAIT ram_mib=30219 vram_free_mib=5184 running=10
EXTAB_WAIT ram_mib=30219 vram_free_mib=5184 running=10
EXTAB_EXIT screen=extab_Sleep_EDF_20_no_connectivity_f5_s7 code=0
EXTAB_LAUNCH screen=extab_Sleep_EDF_20_no_connectivity_f13_s7 data=Sleep-EDF-20 variant=no_connectivity fold=13
EXTAB_WAIT ram_mib=28612 vram_free_mib=6238 running=10
EXTAB_WAIT ram_mib=30227 vram_free_mib=5186 running=10
EXTAB_WAIT ram_mib=30227 vram_free_mib=5186 running=10
EXTAB_EXIT screen=extab_Sleep_EDF_20_no_connectivity_f3_s7 code=0
EXTAB_EXIT screen=extab_Sleep_EDF_20_no_connectivity_f4_s7 code=0
EXTAB_LAUNCH screen=extab_Sleep_EDF_20_no_connectivity_f14_s7 data=Sleep-EDF-20 variant=no_connectivity fold=14
EXTAB_LAUNCH screen=extab_Sleep_EDF_20_no_connectivity_f15_s7 data=Sleep-EDF-20 variant=no_connectivity fold=15
EXTAB_LAUNCH screen=extab_Sleep_EDF_20_no_connectivity_f16_s7 data=Sleep-EDF-20 variant=no_connectivity fold=16
EXTAB_WAIT ram_mib=29833 vram_free_mib=5391 running=11
EXTAB_WAIT ram_mib=32767 vram_free_mib=3289 running=11
EXTAB_WAIT ram_mib=32765 vram_free_mib=3281 running=11
EXTAB_WAIT ram_mib=32764 vram_free_mib=3281 running=11
EXTAB_WAIT ram_mib=32764 vram_free_mib=3281 running=11
EXTAB_WAIT ram_mib=32764 vram_free_mib=3281 running=11
EXTAB_WAIT ram_mib=32764 vram_free_mib=3281 running=11
EXTAB_WAIT ram_mib=32764 vram_free_mib=3281 running=11
EXTAB_WAIT ram_mib=32764 vram_free_mib=3281 running=11
EXTAB_WAIT ram_mib=32764 vram_free_mib=3281 running=11
EXTAB_WAIT ram_mib=32764 vram_free_mib=3281 running=11
EXTAB_WAIT ram_mib=32764 vram_free_mib=3281 running=11
EXTAB_WAIT ram_mib=32763 vram_free_mib=3281 running=11
EXTAB_WAIT ram_mib=32764 vram_free_mib=3281 running=11
EXTAB_WAIT ram_mib=32764 vram_free_mib=3281 running=11
EXTAB_WAIT ram_mib=32764 vram_free_mib=3281 running=11
EXTAB_WAIT ram_mib=32763 vram_free_mib=3281 running=11
EXTAB_WAIT ram_mib=32761 vram_free_mib=3281 running=11
EXTAB_WAIT ram_mib=32762 vram_free_mib=3281 running=11
EXTAB_WAIT ram_mib=32761 vram_free_mib=3281 running=11
EXTAB_WAIT ram_mib=32761 vram_free_mib=3281 running=11
EXTAB_WAIT ram_mib=32761 vram_free_mib=3281 running=11
EXTAB_WAIT ram_mib=32761 vram_free_mib=3281 running=11
EXTAB_WAIT ram_mib=32761 vram_free_mib=3281 running=11
EXTAB_WAIT ram_mib=32761 vram_free_mib=3281 running=11
EXTAB_WAIT ram_mib=32761 vram_free_mib=3281 running=11
EXTAB_WAIT ram_mib=32762 vram_free_mib=3281 running=11
EXTAB_WAIT ram_mib=32761 vram_free_mib=3281 running=11
EXTAB_WAIT ram_mib=32761 vram_free_mib=3281 running=11
EXTAB_WAIT ram_mib=32762 vram_free_mib=3281 running=11
EXTAB_WAIT ram_mib=32762 vram_free_mib=3281 running=11
EXTAB_WAIT ram_mib=32761 vram_free_mib=3281 running=11
EXTAB_WAIT ram_mib=32761 vram_free_mib=3281 running=11
EXTAB_WAIT ram_mib=32761 vram_free_mib=3281 running=11
EXTAB_WAIT ram_mib=32762 vram_free_mib=3281 running=11
EXTAB_WAIT ram_mib=32761 vram_free_mib=3281 running=11
EXTAB_WAIT ram_mib=32761 vram_free_mib=3281 running=11
EXTAB_WAIT ram_mib=32761 vram_free_mib=3281 running=11
EXTAB_WAIT ram_mib=32761 vram_free_mib=3281 running=11
EXTAB_WAIT ram_mib=32762 vram_free_mib=3281 running=11
EXTAB_WAIT ram_mib=32761 vram_free_mib=3281 running=11
EXTAB_WAIT ram_mib=32761 vram_free_mib=3281 running=11
EXTAB_WAIT ram_mib=32761 vram_free_mib=3281 running=11
EXTAB_WAIT ram_mib=32762 vram_free_mib=3281 running=11
EXTAB_EXIT screen=extab_Sleep_EDF_20_no_connectivity_f6_s7 code=0
EXTAB_WAIT ram_mib=30227 vram_free_mib=5186 running=10
EXTAB_EXIT screen=extab_Sleep_EDF_20_no_connectivity_f12_s7 code=0
EXTAB_EXIT screen=extab_Sleep_EDF_20_no_connectivity_f7_s7 code=0
EXTAB_EXIT screen=extab_Sleep_EDF_20_no_connectivity_f8_s7 code=0
EXTAB_LAUNCH screen=extab_Sleep_EDF_20_no_connectivity_f17_s7 data=Sleep-EDF-20 variant=no_connectivity fold=17
EXTAB_LAUNCH screen=extab_Sleep_EDF_20_no_connectivity_f18_s7 data=Sleep-EDF-20 variant=no_connectivity fold=18
EXTAB_LAUNCH screen=extab_Sleep_EDF_20_no_connectivity_f19_s7 data=Sleep-EDF-20 variant=no_connectivity fold=19
EXTAB_LAUNCH screen=extab_Sleep_EDF_20_no_mean_connectivity_f0_s7 data=Sleep-EDF-20 variant=no_mean_connectivity fold=0
EXTAB_WAIT ram_mib=29693 vram_free_mib=5159 running=11
EXTAB_EXIT screen=extab_Sleep_EDF_20_no_connectivity_f9_s7 code=0
EXTAB_WAIT ram_mib=30238 vram_free_mib=5196 running=10
EXTAB_WAIT ram_mib=30238 vram_free_mib=5188 running=10
EXTAB_EXIT screen=extab_Sleep_EDF_20_no_connectivity_f11_s7 code=0
EXTAB_EXIT screen=extab_Sleep_EDF_20_no_connectivity_f10_s7 code=0
EXTAB_LAUNCH screen=extab_Sleep_EDF_20_no_mean_connectivity_f1_s7 data=Sleep-EDF-20 variant=no_mean_connectivity fold=1
EXTAB_LAUNCH screen=extab_Sleep_EDF_20_no_mean_connectivity_f2_s7 data=Sleep-EDF-20 variant=no_mean_connectivity fold=2
EXTAB_LAUNCH screen=extab_Sleep_EDF_20_no_mean_connectivity_f3_s7 data=Sleep-EDF-20 variant=no_mean_connectivity fold=3
EXTAB_WAIT ram_mib=29837 vram_free_mib=5393 running=11
EXTAB_WAIT ram_mib=32767 vram_free_mib=3295 running=11
EXTAB_WAIT ram_mib=32765 vram_free_mib=3289 running=11
EXTAB_WAIT ram_mib=32764 vram_free_mib=3285 running=11
EXTAB_WAIT ram_mib=32764 vram_free_mib=3285 running=11
EXTAB_WAIT ram_mib=32764 vram_free_mib=3285 running=11
EXTAB_WAIT ram_mib=32764 vram_free_mib=3285 running=11
EXTAB_WAIT ram_mib=32764 vram_free_mib=3285 running=11
EXTAB_WAIT ram_mib=32764 vram_free_mib=3285 running=11
EXTAB_WAIT ram_mib=32764 vram_free_mib=3285 running=11
EXTAB_WAIT ram_mib=32764 vram_free_mib=3285 running=11
EXTAB_EXIT screen=extab_Sleep_EDF_20_no_connectivity_f13_s7 code=0
EXTAB_WAIT ram_mib=30221 vram_free_mib=5190 running=10
EXTAB_WAIT ram_mib=30222 vram_free_mib=5190 running=10
EXTAB_EXIT screen=extab_Sleep_EDF_20_no_connectivity_f14_s7 code=0
EXTAB_LAUNCH screen=extab_Sleep_EDF_20_no_mean_connectivity_f4_s7 data=Sleep-EDF-20 variant=no_mean_connectivity fold=4
EXTAB_LAUNCH screen=extab_Sleep_EDF_20_no_mean_connectivity_f5_s7 data=Sleep-EDF-20 variant=no_mean_connectivity fold=5
EXTAB_LAUNCH screen=extab_Sleep_EDF_20_no_mean_connectivity_f6_s7 data=Sleep-EDF-20 variant=no_mean_connectivity fold=6
EXTAB_EXIT screen=extab_Sleep_EDF_20_no_connectivity_f16_s7 code=0
EXTAB_EXIT screen=extab_Sleep_EDF_20_no_connectivity_f15_s7 code=0
EXTAB_WAIT ram_mib=30211 vram_free_mib=5198 running=10
EXTAB_WAIT ram_mib=30213 vram_free_mib=5190 running=10
EXTAB_WAIT ram_mib=30213 vram_free_mib=5190 running=10
EXTAB_WAIT ram_mib=30213 vram_free_mib=5190 running=10
EXTAB_WAIT ram_mib=30213 vram_free_mib=5190 running=10
EXTAB_WAIT ram_mib=30214 vram_free_mib=5190 running=10
EXTAB_WAIT ram_mib=30213 vram_free_mib=5190 running=10
EXTAB_WAIT ram_mib=30214 vram_free_mib=5190 running=10
EXTAB_WAIT ram_mib=30213 vram_free_mib=5190 running=10
EXTAB_WAIT ram_mib=30213 vram_free_mib=5190 running=10
EXTAB_WAIT ram_mib=30214 vram_free_mib=5190 running=10
EXTAB_WAIT ram_mib=30214 vram_free_mib=5190 running=10
EXTAB_WAIT ram_mib=30214 vram_free_mib=5190 running=10
EXTAB_WAIT ram_mib=30214 vram_free_mib=5190 running=10
EXTAB_WAIT ram_mib=30213 vram_free_mib=5190 running=10
EXTAB_WAIT ram_mib=30213 vram_free_mib=5190 running=10
EXTAB_WAIT ram_mib=30213 vram_free_mib=5190 running=10
EXTAB_WAIT ram_mib=30213 vram_free_mib=5190 running=10
EXTAB_WAIT ram_mib=30214 vram_free_mib=5190 running=10
EXTAB_WAIT ram_mib=30214 vram_free_mib=5190 running=10
EXTAB_WAIT ram_mib=30213 vram_free_mib=5190 running=10
EXTAB_WAIT ram_mib=30214 vram_free_mib=5190 running=10
EXTAB_WAIT ram_mib=30214 vram_free_mib=5190 running=10
EXTAB_WAIT ram_mib=30214 vram_free_mib=5190 running=10
EXTAB_WAIT ram_mib=30214 vram_free_mib=5190 running=10
EXTAB_WAIT ram_mib=30214 vram_free_mib=5190 running=10
EXTAB_WAIT ram_mib=30214 vram_free_mib=5190 running=10
EXTAB_EXIT screen=extab_Sleep_EDF_20_no_connectivity_f17_s7 code=0
EXTAB_LAUNCH screen=extab_Sleep_EDF_20_no_mean_connectivity_f7_s7 data=Sleep-EDF-20 variant=no_mean_connectivity fold=7
EXTAB_WAIT ram_mib=28571 vram_free_mib=6274 running=10
EXTAB_WAIT ram_mib=30222 vram_free_mib=5194 running=10
EXTAB_WAIT ram_mib=30222 vram_free_mib=5192 running=10
EXTAB_WAIT ram_mib=30222 vram_free_mib=5192 running=10
EXTAB_WAIT ram_mib=30223 vram_free_mib=5192 running=10
EXTAB_WAIT ram_mib=30222 vram_free_mib=5192 running=10
EXTAB_WAIT ram_mib=30223 vram_free_mib=5192 running=10
EXTAB_WAIT ram_mib=30222 vram_free_mib=5192 running=10
EXTAB_WAIT ram_mib=30222 vram_free_mib=5192 running=10
EXTAB_WAIT ram_mib=30223 vram_free_mib=5192 running=10
EXTAB_WAIT ram_mib=30223 vram_free_mib=5192 running=10
EXTAB_WAIT ram_mib=30223 vram_free_mib=5192 running=10
EXTAB_WAIT ram_mib=30223 vram_free_mib=5192 running=10
EXTAB_EXIT screen=extab_Sleep_EDF_20_no_connectivity_f18_s7 code=0
EXTAB_LAUNCH screen=extab_Sleep_EDF_20_no_mean_connectivity_f8_s7 data=Sleep-EDF-20 variant=no_mean_connectivity fold=8
EXTAB_LAUNCH screen=extab_Sleep_EDF_20_no_mean_connectivity_f9_s7 data=Sleep-EDF-20 variant=no_mean_connectivity fold=9
EXTAB_LAUNCH screen=extab_Sleep_EDF_20_no_mean_connectivity_f10_s7 data=Sleep-EDF-20 variant=no_mean_connectivity fold=10
EXTAB_EXIT screen=extab_Sleep_EDF_20_no_connectivity_f19_s7 code=0
EXTAB_EXIT screen=extab_Sleep_EDF_20_no_mean_connectivity_f0_s7 code=0
EXTAB_WAIT ram_mib=30216 vram_free_mib=5198 running=10
EXTAB_WAIT ram_mib=30217 vram_free_mib=5188 running=10
EXTAB_LAUNCH screen=extab_Sleep_EDF_20_no_mean_connectivity_f11_s7 data=Sleep-EDF-20 variant=no_mean_connectivity fold=11
EXTAB_WAIT ram_mib=28521 vram_free_mib=6284 running=11
EXTAB_EXIT screen=extab_Sleep_EDF_20_no_mean_connectivity_f2_s7 code=0
EXTAB_EXIT screen=extab_Sleep_EDF_20_no_mean_connectivity_f1_s7 code=0
EXTAB_EXIT screen=extab_Sleep_EDF_20_no_mean_connectivity_f3_s7 code=0
EXTAB_LAUNCH screen=extab_Sleep_EDF_20_no_mean_connectivity_f12_s7 data=Sleep-EDF-20 variant=no_mean_connectivity fold=12
EXTAB_LAUNCH screen=extab_Sleep_EDF_20_no_mean_connectivity_f13_s7 data=Sleep-EDF-20 variant=no_mean_connectivity fold=13
EXTAB_LAUNCH screen=extab_Sleep_EDF_20_no_mean_connectivity_f14_s7 data=Sleep-EDF-20 variant=no_mean_connectivity fold=14
EXTAB_WAIT ram_mib=29720 vram_free_mib=5165 running=11
EXTAB_WAIT ram_mib=32766 vram_free_mib=3283 running=11
EXTAB_WAIT ram_mib=32765 vram_free_mib=3279 running=11
EXTAB_WAIT ram_mib=32764 vram_free_mib=3279 running=11
EXTAB_WAIT ram_mib=32764 vram_free_mib=3279 running=11
EXTAB_WAIT ram_mib=32764 vram_free_mib=3279 running=11
EXTAB_WAIT ram_mib=32764 vram_free_mib=3279 running=11
EXTAB_WAIT ram_mib=32764 vram_free_mib=3279 running=11
EXTAB_WAIT ram_mib=32764 vram_free_mib=3279 running=11
EXTAB_WAIT ram_mib=32764 vram_free_mib=3279 running=11
EXTAB_WAIT ram_mib=32764 vram_free_mib=3279 running=11
EXTAB_EXIT screen=extab_Sleep_EDF_20_no_mean_connectivity_f4_s7 code=0
EXTAB_WAIT ram_mib=30227 vram_free_mib=5188 running=10
EXTAB_EXIT screen=extab_Sleep_EDF_20_no_mean_connectivity_f5_s7 code=0
EXTAB_LAUNCH screen=extab_Sleep_EDF_20_no_mean_connectivity_f15_s7 data=Sleep-EDF-20 variant=no_mean_connectivity fold=15
EXTAB_LAUNCH screen=extab_Sleep_EDF_20_no_mean_connectivity_f16_s7 data=Sleep-EDF-20 variant=no_mean_connectivity fold=16
EXTAB_LAUNCH screen=extab_Sleep_EDF_20_no_mean_connectivity_f17_s7 data=Sleep-EDF-20 variant=no_mean_connectivity fold=17
EXTAB_EXIT screen=extab_Sleep_EDF_20_no_mean_connectivity_f6_s7 code=0
EXTAB_WAIT ram_mib=32767 vram_free_mib=3287 running=11
EXTAB_WAIT ram_mib=32764 vram_free_mib=3279 running=11
EXTAB_WAIT ram_mib=32764 vram_free_mib=3279 running=11
EXTAB_WAIT ram_mib=32764 vram_free_mib=3279 running=11
EXTAB_WAIT ram_mib=32764 vram_free_mib=3279 running=11
EXTAB_WAIT ram_mib=32764 vram_free_mib=3279 running=11
EXTAB_WAIT ram_mib=32764 vram_free_mib=3279 running=11
EXTAB_WAIT ram_mib=32764 vram_free_mib=3279 running=11
EXTAB_WAIT ram_mib=32764 vram_free_mib=3279 running=11
EXTAB_WAIT ram_mib=32764 vram_free_mib=3279 running=11
EXTAB_WAIT ram_mib=32764 vram_free_mib=3279 running=11
EXTAB_WAIT ram_mib=32764 vram_free_mib=3279 running=11
EXTAB_WAIT ram_mib=32764 vram_free_mib=3279 running=11
EXTAB_WAIT ram_mib=32764 vram_free_mib=3279 running=11
EXTAB_WAIT ram_mib=32764 vram_free_mib=3279 running=11
EXTAB_WAIT ram_mib=32763 vram_free_mib=3279 running=11
EXTAB_WAIT ram_mib=32764 vram_free_mib=3279 running=11
EXTAB_WAIT ram_mib=32763 vram_free_mib=3279 running=11
EXTAB_WAIT ram_mib=32764 vram_free_mib=3279 running=11
EXTAB_WAIT ram_mib=32763 vram_free_mib=3279 running=11
EXTAB_WAIT ram_mib=32764 vram_free_mib=3279 running=11
EXTAB_WAIT ram_mib=32764 vram_free_mib=3279 running=11
EXTAB_WAIT ram_mib=32763 vram_free_mib=3279 running=11
EXTAB_WAIT ram_mib=32763 vram_free_mib=3279 running=11
EXTAB_WAIT ram_mib=32763 vram_free_mib=3279 running=11
EXTAB_WAIT ram_mib=32763 vram_free_mib=3279 running=11
EXTAB_WAIT ram_mib=32763 vram_free_mib=3279 running=11
EXTAB_WAIT ram_mib=32763 vram_free_mib=3279 running=11
EXTAB_WAIT ram_mib=32763 vram_free_mib=3279 running=11
EXTAB_WAIT ram_mib=32764 vram_free_mib=3279 running=11
EXTAB_EXIT screen=extab_Sleep_EDF_20_no_mean_connectivity_f7_s7 code=0
EXTAB_WAIT ram_mib=30223 vram_free_mib=5184 running=10
EXTAB_WAIT ram_mib=30224 vram_free_mib=5184 running=10
EXTAB_WAIT ram_mib=30224 vram_free_mib=5184 running=10
EXTAB_WAIT ram_mib=30223 vram_free_mib=5184 running=10
EXTAB_WAIT ram_mib=30223 vram_free_mib=5184 running=10
EXTAB_WAIT ram_mib=30224 vram_free_mib=5184 running=10
EXTAB_WAIT ram_mib=30224 vram_free_mib=5184 running=10
EXTAB_WAIT ram_mib=30224 vram_free_mib=5184 running=10
EXTAB_WAIT ram_mib=30223 vram_free_mib=5184 running=10
EXTAB_WAIT ram_mib=30224 vram_free_mib=5184 running=10
EXTAB_WAIT ram_mib=30224 vram_free_mib=5184 running=10
EXTAB_WAIT ram_mib=30223 vram_free_mib=5184 running=10
EXTAB_WAIT ram_mib=30223 vram_free_mib=5184 running=10
EXTAB_EXIT screen=extab_Sleep_EDF_20_no_mean_connectivity_f8_s7 code=0
EXTAB_LAUNCH screen=extab_Sleep_EDF_20_no_mean_connectivity_f18_s7 data=Sleep-EDF-20 variant=no_mean_connectivity fold=18
EXTAB_WAIT ram_mib=28566 vram_free_mib=6272 running=10
EXTAB_EXIT screen=extab_Sleep_EDF_20_no_mean_connectivity_f9_s7 code=0
EXTAB_EXIT screen=extab_Sleep_EDF_20_no_mean_connectivity_f10_s7 code=0
EXTAB_LAUNCH screen=extab_Sleep_EDF_20_no_mean_connectivity_f19_s7 data=Sleep-EDF-20 variant=no_mean_connectivity fold=19
EXTAB_LAUNCH screen=extab_Sleep_EDF_20_no_derivative_connectivity_f0_s7 data=Sleep-EDF-20 variant=no_derivative_connectivity fold=0
EXTAB_LAUNCH screen=extab_Sleep_EDF_20_no_derivative_connectivity_f1_s7 data=Sleep-EDF-20 variant=no_derivative_connectivity fold=1
EXTAB_WAIT ram_mib=29697 vram_free_mib=5151 running=11
EXTAB_WAIT ram_mib=32767 vram_free_mib=3291 running=11
EXTAB_EXIT screen=extab_Sleep_EDF_20_no_mean_connectivity_f11_s7 code=0
EXTAB_WAIT ram_mib=30218 vram_free_mib=5194 running=10
EXTAB_WAIT ram_mib=30218 vram_free_mib=5194 running=10
EXTAB_EXIT screen=extab_Sleep_EDF_20_no_mean_connectivity_f12_s7 code=0
EXTAB_EXIT screen=extab_Sleep_EDF_20_no_mean_connectivity_f14_s7 code=0
EXTAB_LAUNCH screen=extab_Sleep_EDF_20_no_derivative_connectivity_f2_s7 data=Sleep-EDF-20 variant=no_derivative_connectivity fold=2
EXTAB_LAUNCH screen=extab_Sleep_EDF_20_no_derivative_connectivity_f3_s7 data=Sleep-EDF-20 variant=no_derivative_connectivity fold=3
EXTAB_LAUNCH screen=extab_Sleep_EDF_20_no_derivative_connectivity_f4_s7 data=Sleep-EDF-20 variant=no_derivative_connectivity fold=4
EXTAB_LAUNCH screen=extab_Sleep_EDF_20_no_derivative_connectivity_f5_s7 data=Sleep-EDF-20 variant=no_derivative_connectivity fold=5
EXTAB_EXIT screen=extab_Sleep_EDF_20_no_mean_connectivity_f13_s7 code=0
EXTAB_WAIT ram_mib=32765 vram_free_mib=3293 running=11
EXTAB_WAIT ram_mib=32766 vram_free_mib=3283 running=11
EXTAB_WAIT ram_mib=32764 vram_free_mib=3281 running=11
EXTAB_WAIT ram_mib=32764 vram_free_mib=3281 running=11
EXTAB_WAIT ram_mib=32764 vram_free_mib=3281 running=11
EXTAB_WAIT ram_mib=32764 vram_free_mib=3281 running=11
EXTAB_WAIT ram_mib=32764 vram_free_mib=3281 running=11
EXTAB_WAIT ram_mib=32764 vram_free_mib=3281 running=11
EXTAB_EXIT screen=extab_Sleep_EDF_20_no_mean_connectivity_f17_s7 code=0
EXTAB_WAIT ram_mib=30223 vram_free_mib=5188 running=10
EXTAB_EXIT screen=extab_Sleep_EDF_20_no_mean_connectivity_f15_s7 code=0
EXTAB_EXIT screen=extab_Sleep_EDF_20_no_mean_connectivity_f16_s7 code=0
EXTAB_LAUNCH screen=extab_Sleep_EDF_20_no_derivative_connectivity_f6_s7 data=Sleep-EDF-20 variant=no_derivative_connectivity fold=6
EXTAB_LAUNCH screen=extab_Sleep_EDF_20_no_derivative_connectivity_f7_s7 data=Sleep-EDF-20 variant=no_derivative_connectivity fold=7
EXTAB_LAUNCH screen=extab_Sleep_EDF_20_no_derivative_connectivity_f8_s7 data=Sleep-EDF-20 variant=no_derivative_connectivity fold=8
EXTAB_WAIT ram_mib=29601 vram_free_mib=5191 running=11
EXTAB_WAIT ram_mib=32757 vram_free_mib=3289 running=11
EXTAB_WAIT ram_mib=32759 vram_free_mib=3281 running=11
EXTAB_WAIT ram_mib=32759 vram_free_mib=3281 running=11
EXTAB_WAIT ram_mib=32759 vram_free_mib=3281 running=11
EXTAB_WAIT ram_mib=32759 vram_free_mib=3281 running=11
EXTAB_WAIT ram_mib=32759 vram_free_mib=3281 running=11
EXTAB_WAIT ram_mib=32760 vram_free_mib=3281 running=11
EXTAB_WAIT ram_mib=32759 vram_free_mib=3281 running=11
EXTAB_WAIT ram_mib=32760 vram_free_mib=3281 running=11
EXTAB_WAIT ram_mib=32760 vram_free_mib=3281 running=11
EXTAB_WAIT ram_mib=32761 vram_free_mib=3281 running=11
EXTAB_WAIT ram_mib=32760 vram_free_mib=3281 running=11
EXTAB_WAIT ram_mib=32760 vram_free_mib=3281 running=11
EXTAB_WAIT ram_mib=32760 vram_free_mib=3281 running=11
EXTAB_WAIT ram_mib=32759 vram_free_mib=3281 running=11
EXTAB_WAIT ram_mib=32760 vram_free_mib=3281 running=11
EXTAB_WAIT ram_mib=32760 vram_free_mib=3281 running=11
EXTAB_WAIT ram_mib=32760 vram_free_mib=3281 running=11
EXTAB_WAIT ram_mib=32760 vram_free_mib=3281 running=11
EXTAB_WAIT ram_mib=32760 vram_free_mib=3281 running=11
EXTAB_WAIT ram_mib=32759 vram_free_mib=3281 running=11
EXTAB_WAIT ram_mib=32760 vram_free_mib=3281 running=11
EXTAB_WAIT ram_mib=32760 vram_free_mib=3281 running=11
EXTAB_WAIT ram_mib=32759 vram_free_mib=3281 running=11
EXTAB_WAIT ram_mib=32760 vram_free_mib=3281 running=11
EXTAB_WAIT ram_mib=32760 vram_free_mib=3281 running=11
EXTAB_WAIT ram_mib=32760 vram_free_mib=3281 running=11
EXTAB_WAIT ram_mib=32760 vram_free_mib=3281 running=11
EXTAB_WAIT ram_mib=32760 vram_free_mib=3281 running=11
EXTAB_WAIT ram_mib=32760 vram_free_mib=3281 running=11
EXTAB_WAIT ram_mib=32760 vram_free_mib=3281 running=11
EXTAB_WAIT ram_mib=32760 vram_free_mib=3281 running=11
EXTAB_WAIT ram_mib=32760 vram_free_mib=3281 running=11
EXTAB_WAIT ram_mib=32760 vram_free_mib=3281 running=11
EXTAB_WAIT ram_mib=32760 vram_free_mib=3281 running=11
EXTAB_WAIT ram_mib=32760 vram_free_mib=3281 running=11
EXTAB_WAIT ram_mib=32760 vram_free_mib=3281 running=11
EXTAB_WAIT ram_mib=32760 vram_free_mib=3281 running=11
EXTAB_WAIT ram_mib=32760 vram_free_mib=3281 running=11
EXTAB_WAIT ram_mib=32760 vram_free_mib=3281 running=11
EXTAB_WAIT ram_mib=32760 vram_free_mib=3281 running=11
EXTAB_WAIT ram_mib=32760 vram_free_mib=3281 running=11
EXTAB_WAIT ram_mib=32760 vram_free_mib=3281 running=11
EXTAB_EXIT screen=extab_Sleep_EDF_20_no_derivative_connectivity_f7_s7 code=0
EXTAB_WAIT ram_mib=30222 vram_free_mib=5186 running=10
EXTAB_WAIT ram_mib=30223 vram_free_mib=5186 running=10
EXTAB_EXIT screen=extab_Sleep_EDF_20_no_mean_connectivity_f18_s7 code=0
EXTAB_LAUNCH screen=extab_Sleep_EDF_20_no_derivative_connectivity_f9_s7 data=Sleep-EDF-20 variant=no_derivative_connectivity fold=9
EXTAB_WAIT ram_mib=28604 vram_free_mib=6264 running=10
EXTAB_EXIT screen=extab_Sleep_EDF_20_no_derivative_connectivity_f1_s7 code=0
EXTAB_EXIT screen=extab_Sleep_EDF_20_no_derivative_connectivity_f0_s7 code=0
EXTAB_EXIT screen=extab_Sleep_EDF_20_no_mean_connectivity_f19_s7 code=0
EXTAB_LAUNCH screen=extab_Sleep_EDF_20_no_derivative_connectivity_f10_s7 data=Sleep-EDF-20 variant=no_derivative_connectivity fold=10
EXTAB_LAUNCH screen=extab_Sleep_EDF_20_no_derivative_connectivity_f11_s7 data=Sleep-EDF-20 variant=no_derivative_connectivity fold=11
EXTAB_LAUNCH screen=extab_Sleep_EDF_20_no_derivative_connectivity_f12_s7 data=Sleep-EDF-20 variant=no_derivative_connectivity fold=12
EXTAB_LAUNCH screen=extab_Sleep_EDF_20_no_derivative_connectivity_f13_s7 data=Sleep-EDF-20 variant=no_derivative_connectivity fold=13
EXTAB_WAIT ram_mib=29630 vram_free_mib=5161 running=11
EXTAB_WAIT ram_mib=32767 vram_free_mib=3279 running=11
EXTAB_WAIT ram_mib=32766 vram_free_mib=3277 running=11
EXTAB_WAIT ram_mib=32764 vram_free_mib=3277 running=11
EXTAB_EXIT screen=extab_Sleep_EDF_20_no_derivative_connectivity_f2_s7 code=0
EXTAB_EXIT screen=extab_Sleep_EDF_20_no_derivative_connectivity_f3_s7 code=0
EXTAB_LAUNCH screen=extab_Sleep_EDF_20_no_derivative_connectivity_f14_s7 data=Sleep-EDF-20 variant=no_derivative_connectivity fold=14
EXTAB_LAUNCH screen=extab_Sleep_EDF_20_no_derivative_connectivity_f15_s7 data=Sleep-EDF-20 variant=no_derivative_connectivity fold=15
EXTAB_LAUNCH screen=extab_Sleep_EDF_20_no_derivative_connectivity_f16_s7 data=Sleep-EDF-20 variant=no_derivative_connectivity fold=16
EXTAB_EXIT screen=extab_Sleep_EDF_20_no_derivative_connectivity_f4_s7 code=0
EXTAB_EXIT screen=extab_Sleep_EDF_20_no_derivative_connectivity_f5_s7 code=0
EXTAB_WAIT ram_mib=30208 vram_free_mib=5194 running=10
EXTAB_WAIT ram_mib=30208 vram_free_mib=5186 running=10
EXTAB_WAIT ram_mib=30209 vram_free_mib=5186 running=10
EXTAB_EXIT screen=extab_Sleep_EDF_20_no_derivative_connectivity_f8_s7 code=0
EXTAB_LAUNCH screen=extab_Sleep_EDF_20_no_derivative_connectivity_f17_s7 data=Sleep-EDF-20 variant=no_derivative_connectivity fold=17
EXTAB_WAIT ram_mib=28614 vram_free_mib=6258 running=10
EXTAB_WAIT ram_mib=30213 vram_free_mib=5194 running=10
EXTAB_WAIT ram_mib=30213 vram_free_mib=5190 running=10
EXTAB_WAIT ram_mib=30214 vram_free_mib=5190 running=10
EXTAB_WAIT ram_mib=30214 vram_free_mib=5190 running=10
EXTAB_EXIT screen=extab_Sleep_EDF_20_no_derivative_connectivity_f6_s7 code=0
EXTAB_LAUNCH screen=extab_Sleep_EDF_20_no_derivative_connectivity_f18_s7 data=Sleep-EDF-20 variant=no_derivative_connectivity fold=18
EXTAB_WAIT ram_mib=28511 vram_free_mib=6298 running=10
EXTAB_WAIT ram_mib=30218 vram_free_mib=5192 running=10
EXTAB_WAIT ram_mib=30218 vram_free_mib=5190 running=10
EXTAB_WAIT ram_mib=30219 vram_free_mib=5190 running=10
EXTAB_WAIT ram_mib=30218 vram_free_mib=5190 running=10
EXTAB_WAIT ram_mib=30219 vram_free_mib=5190 running=10
EXTAB_WAIT ram_mib=30218 vram_free_mib=5190 running=10
EXTAB_WAIT ram_mib=30219 vram_free_mib=5190 running=10
EXTAB_WAIT ram_mib=30219 vram_free_mib=5190 running=10
EXTAB_WAIT ram_mib=30219 vram_free_mib=5190 running=10
EXTAB_WAIT ram_mib=30219 vram_free_mib=5190 running=10
EXTAB_WAIT ram_mib=30219 vram_free_mib=5190 running=10
EXTAB_WAIT ram_mib=30219 vram_free_mib=5190 running=10
EXTAB_WAIT ram_mib=30219 vram_free_mib=5190 running=10
EXTAB_WAIT ram_mib=30219 vram_free_mib=5190 running=10
EXTAB_WAIT ram_mib=30219 vram_free_mib=5190 running=10
EXTAB_WAIT ram_mib=30219 vram_free_mib=5190 running=10
EXTAB_WAIT ram_mib=30219 vram_free_mib=5190 running=10
EXTAB_WAIT ram_mib=30219 vram_free_mib=5190 running=10
EXTAB_WAIT ram_mib=30219 vram_free_mib=5190 running=10
EXTAB_WAIT ram_mib=30219 vram_free_mib=5190 running=10
EXTAB_WAIT ram_mib=30219 vram_free_mib=5190 running=10
EXTAB_WAIT ram_mib=30219 vram_free_mib=5190 running=10
EXTAB_WAIT ram_mib=30219 vram_free_mib=5190 running=10
EXTAB_WAIT ram_mib=30219 vram_free_mib=5190 running=10
EXTAB_WAIT ram_mib=30219 vram_free_mib=5190 running=10
EXTAB_WAIT ram_mib=30219 vram_free_mib=5190 running=10
EXTAB_WAIT ram_mib=30219 vram_free_mib=5190 running=10
EXTAB_WAIT ram_mib=30219 vram_free_mib=5190 running=10
EXTAB_WAIT ram_mib=30219 vram_free_mib=5190 running=10
EXTAB_WAIT ram_mib=30219 vram_free_mib=5190 running=10
EXTAB_WAIT ram_mib=30219 vram_free_mib=5190 running=10
EXTAB_WAIT ram_mib=30219 vram_free_mib=5190 running=10
EXTAB_EXIT screen=extab_Sleep_EDF_20_no_derivative_connectivity_f13_s7 code=0
EXTAB_LAUNCH screen=extab_Sleep_EDF_20_no_derivative_connectivity_f19_s7 data=Sleep-EDF-20 variant=no_derivative_connectivity fold=19
EXTAB_WAIT ram_mib=28685 vram_free_mib=6232 running=10
EXTAB_WAIT ram_mib=30220 vram_free_mib=5188 running=10
EXTAB_WAIT ram_mib=30220 vram_free_mib=5186 running=10
EXTAB_WAIT ram_mib=30220 vram_free_mib=5186 running=10
EXTAB_WAIT ram_mib=30220 vram_free_mib=5186 running=10
EXTAB_WAIT ram_mib=30220 vram_free_mib=5186 running=10
EXTAB_WAIT ram_mib=30220 vram_free_mib=5186 running=10
EXTAB_WAIT ram_mib=30220 vram_free_mib=5186 running=10
EXTAB_WAIT ram_mib=30220 vram_free_mib=5186 running=10
EXTAB_EXIT screen=extab_Sleep_EDF_20_no_derivative_connectivity_f15_s7 code=0
EXTAB_EXIT screen=extab_Sleep_EDF_20_no_derivative_connectivity_f9_s7 code=0
EXTAB_LAUNCH screen=extab_Sleep_EDF_20_no_rz_augmentation_f0_s7 data=Sleep-EDF-20 variant=no_rz_augmentation fold=0
EXTAB_LAUNCH screen=extab_Sleep_EDF_20_no_rz_augmentation_f1_s7 data=Sleep-EDF-20 variant=no_rz_augmentation fold=1
EXTAB_LAUNCH screen=extab_Sleep_EDF_20_no_rz_augmentation_f2_s7 data=Sleep-EDF-20 variant=no_rz_augmentation fold=2
EXTAB_WAIT ram_mib=29546 vram_free_mib=5203 running=11
EXTAB_EXIT screen=extab_Sleep_EDF_20_no_derivative_connectivity_f11_s7 code=0
EXTAB_EXIT screen=extab_Sleep_EDF_20_no_derivative_connectivity_f12_s7 code=0
EXTAB_EXIT screen=extab_Sleep_EDF_20_no_derivative_connectivity_f10_s7 code=0
EXTAB_LAUNCH screen=extab_Sleep_EDF_20_no_rz_augmentation_f3_s7 data=Sleep-EDF-20 variant=no_rz_augmentation fold=3
EXTAB_LAUNCH screen=extab_Sleep_EDF_20_no_rz_augmentation_f4_s7 data=Sleep-EDF-20 variant=no_rz_augmentation fold=4
EXTAB_LAUNCH screen=extab_Sleep_EDF_20_no_rz_augmentation_f5_s7 data=Sleep-EDF-20 variant=no_rz_augmentation fold=5
EXTAB_WAIT ram_mib=29698 vram_free_mib=5377 running=11
EXTAB_WAIT ram_mib=32767 vram_free_mib=3291 running=11
EXTAB_WAIT ram_mib=32765 vram_free_mib=3285 running=11
EXTAB_EXIT screen=extab_Sleep_EDF_20_no_derivative_connectivity_f16_s7 code=0
EXTAB_WAIT ram_mib=30230 vram_free_mib=5192 running=10
EXTAB_EXIT screen=extab_Sleep_EDF_20_no_derivative_connectivity_f14_s7 code=0
EXTAB_LAUNCH screen=extab_Sleep_EDF_20_no_rz_augmentation_f6_s7 data=Sleep-EDF-20 variant=no_rz_augmentation fold=6
EXTAB_WAIT ram_mib=28460 vram_free_mib=6328 running=10
EXTAB_WAIT ram_mib=30223 vram_free_mib=5196 running=10
EXTAB_WAIT ram_mib=30225 vram_free_mib=5194 running=10
EXTAB_EXIT screen=extab_Sleep_EDF_20_no_derivative_connectivity_f17_s7 code=0
EXTAB_LAUNCH screen=extab_Sleep_EDF_20_no_rz_augmentation_f7_s7 data=Sleep-EDF-20 variant=no_rz_augmentation fold=7
EXTAB_WAIT ram_mib=28551 vram_free_mib=6292 running=10
EXTAB_WAIT ram_mib=30217 vram_free_mib=5198 running=10
EXTAB_WAIT ram_mib=30218 vram_free_mib=5194 running=10
EXTAB_WAIT ram_mib=30218 vram_free_mib=5192 running=10
EXTAB_WAIT ram_mib=30218 vram_free_mib=5192 running=10
EXTAB_EXIT screen=extab_Sleep_EDF_20_no_derivative_connectivity_f18_s7 code=0
EXTAB_LAUNCH screen=extab_Sleep_EDF_20_no_rz_augmentation_f8_s7 data=Sleep-EDF-20 variant=no_rz_augmentation fold=8
EXTAB_WAIT ram_mib=28609 vram_free_mib=6256 running=10
EXTAB_WAIT ram_mib=30217 vram_free_mib=5190 running=10
EXTAB_WAIT ram_mib=30217 vram_free_mib=5186 running=10
EXTAB_WAIT ram_mib=30217 vram_free_mib=5186 running=10
EXTAB_WAIT ram_mib=30218 vram_free_mib=5186 running=10
EXTAB_WAIT ram_mib=30218 vram_free_mib=5186 running=10
EXTAB_WAIT ram_mib=30218 vram_free_mib=5186 running=10
EXTAB_WAIT ram_mib=30218 vram_free_mib=5186 running=10
EXTAB_WAIT ram_mib=30218 vram_free_mib=5184 running=10
EXTAB_WAIT ram_mib=30218 vram_free_mib=5184 running=10
EXTAB_WAIT ram_mib=30218 vram_free_mib=5184 running=10
EXTAB_WAIT ram_mib=30218 vram_free_mib=5184 running=10
EXTAB_WAIT ram_mib=30218 vram_free_mib=5184 running=10
EXTAB_WAIT ram_mib=30218 vram_free_mib=5184 running=10
EXTAB_WAIT ram_mib=30218 vram_free_mib=5184 running=10
EXTAB_WAIT ram_mib=30219 vram_free_mib=5184 running=10
EXTAB_WAIT ram_mib=30218 vram_free_mib=5184 running=10
EXTAB_WAIT ram_mib=30218 vram_free_mib=5184 running=10
EXTAB_WAIT ram_mib=30218 vram_free_mib=5184 running=10
EXTAB_WAIT ram_mib=30218 vram_free_mib=5184 running=10
EXTAB_WAIT ram_mib=30218 vram_free_mib=5184 running=10
EXTAB_WAIT ram_mib=30218 vram_free_mib=5184 running=10
EXTAB_WAIT ram_mib=30218 vram_free_mib=5184 running=10
EXTAB_WAIT ram_mib=30218 vram_free_mib=5184 running=10
EXTAB_WAIT ram_mib=30218 vram_free_mib=5184 running=10
EXTAB_WAIT ram_mib=30218 vram_free_mib=5184 running=10
EXTAB_WAIT ram_mib=30218 vram_free_mib=5184 running=10
EXTAB_WAIT ram_mib=30218 vram_free_mib=5184 running=10
EXTAB_WAIT ram_mib=30218 vram_free_mib=5184 running=10
EXTAB_WAIT ram_mib=30218 vram_free_mib=5184 running=10
EXTAB_WAIT ram_mib=30218 vram_free_mib=5184 running=10
EXTAB_WAIT ram_mib=30218 vram_free_mib=5184 running=10
EXTAB_WAIT ram_mib=30218 vram_free_mib=5184 running=10
EXTAB_WAIT ram_mib=30219 vram_free_mib=5184 running=10
EXTAB_EXIT screen=extab_Sleep_EDF_20_no_derivative_connectivity_f19_s7 code=0
EXTAB_LAUNCH screen=extab_Sleep_EDF_20_no_rz_augmentation_f9_s7 data=Sleep-EDF-20 variant=no_rz_augmentation fold=9
EXTAB_WAIT ram_mib=28612 vram_free_mib=6238 running=10
EXTAB_WAIT ram_mib=30210 vram_free_mib=5188 running=10
EXTAB_WAIT ram_mib=30211 vram_free_mib=5186 running=10
EXTAB_WAIT ram_mib=30211 vram_free_mib=5186 running=10
EXTAB_WAIT ram_mib=30212 vram_free_mib=5186 running=10
EXTAB_WAIT ram_mib=30212 vram_free_mib=5186 running=10
EXTAB_WAIT ram_mib=30212 vram_free_mib=5186 running=10
EXTAB_WAIT ram_mib=30212 vram_free_mib=5186 running=10
EXTAB_WAIT ram_mib=30212 vram_free_mib=5186 running=10
EXTAB_EXIT screen=extab_Sleep_EDF_20_no_rz_augmentation_f1_s7 code=0
EXTAB_EXIT screen=extab_Sleep_EDF_20_no_rz_augmentation_f0_s7 code=0
EXTAB_LAUNCH screen=extab_Sleep_EDF_20_no_rz_augmentation_f10_s7 data=Sleep-EDF-20 variant=no_rz_augmentation fold=10
EXTAB_LAUNCH screen=extab_Sleep_EDF_20_no_rz_augmentation_f11_s7 data=Sleep-EDF-20 variant=no_rz_augmentation fold=11
EXTAB_LAUNCH screen=extab_Sleep_EDF_20_no_rz_augmentation_f12_s7 data=Sleep-EDF-20 variant=no_rz_augmentation fold=12
EXTAB_LAUNCH screen=extab_Sleep_EDF_20_no_rz_augmentation_f13_s7 data=Sleep-EDF-20 variant=no_rz_augmentation fold=13
EXTAB_EXIT screen=extab_Sleep_EDF_20_no_rz_augmentation_f2_s7 code=0
EXTAB_EXIT screen=extab_Sleep_EDF_20_no_rz_augmentation_f3_s7 code=0
EXTAB_WAIT ram_mib=30193 vram_free_mib=5220 running=10
EXTAB_EXIT screen=extab_Sleep_EDF_20_no_rz_augmentation_f5_s7 code=0
EXTAB_EXIT screen=extab_Sleep_EDF_20_no_rz_augmentation_f4_s7 code=0
EXTAB_LAUNCH screen=extab_Sleep_EDF_20_no_rz_augmentation_f14_s7 data=Sleep-EDF-20 variant=no_rz_augmentation fold=14
EXTAB_LAUNCH screen=extab_Sleep_EDF_20_no_rz_augmentation_f15_s7 data=Sleep-EDF-20 variant=no_rz_augmentation fold=15
EXTAB_LAUNCH screen=extab_Sleep_EDF_20_no_rz_augmentation_f16_s7 data=Sleep-EDF-20 variant=no_rz_augmentation fold=16
EXTAB_LAUNCH screen=extab_Sleep_EDF_20_no_rz_augmentation_f17_s7 data=Sleep-EDF-20 variant=no_rz_augmentation fold=17
EXTAB_EXIT screen=extab_Sleep_EDF_20_no_rz_augmentation_f7_s7 code=0
EXTAB_WAIT ram_mib=32764 vram_free_mib=3285 running=11
EXTAB_EXIT screen=extab_Sleep_EDF_20_no_rz_augmentation_f6_s7 code=0
EXTAB_WAIT ram_mib=30228 vram_free_mib=5182 running=10
EXTAB_WAIT ram_mib=30229 vram_free_mib=5182 running=10
EXTAB_WAIT ram_mib=30231 vram_free_mib=5182 running=10
EXTAB_WAIT ram_mib=30230 vram_free_mib=5180 running=10
EXTAB_WAIT ram_mib=30229 vram_free_mib=5180 running=10
EXTAB_WAIT ram_mib=30230 vram_free_mib=5178 running=10
EXTAB_WAIT ram_mib=30230 vram_free_mib=5178 running=10
EXTAB_WAIT ram_mib=30230 vram_free_mib=5178 running=10
EXTAB_WAIT ram_mib=30230 vram_free_mib=5178 running=10
EXTAB_EXIT screen=extab_Sleep_EDF_20_no_rz_augmentation_f8_s7 code=0
EXTAB_LAUNCH screen=extab_Sleep_EDF_20_no_rz_augmentation_f18_s7 data=Sleep-EDF-20 variant=no_rz_augmentation fold=18
EXTAB_WAIT ram_mib=28710 vram_free_mib=6210 running=10
EXTAB_WAIT ram_mib=30234 vram_free_mib=5188 running=10
EXTAB_WAIT ram_mib=30234 vram_free_mib=5186 running=10
EXTAB_WAIT ram_mib=30234 vram_free_mib=5186 running=10
EXTAB_WAIT ram_mib=30234 vram_free_mib=5186 running=10
EXTAB_WAIT ram_mib=30234 vram_free_mib=5186 running=10
EXTAB_WAIT ram_mib=30235 vram_free_mib=5186 running=10
EXTAB_WAIT ram_mib=30234 vram_free_mib=5186 running=10
EXTAB_WAIT ram_mib=30234 vram_free_mib=5186 running=10
EXTAB_WAIT ram_mib=30234 vram_free_mib=5186 running=10
EXTAB_WAIT ram_mib=30234 vram_free_mib=5186 running=10
EXTAB_WAIT ram_mib=30235 vram_free_mib=5186 running=10
EXTAB_WAIT ram_mib=30234 vram_free_mib=5186 running=10
EXTAB_WAIT ram_mib=30234 vram_free_mib=5186 running=10
EXTAB_WAIT ram_mib=30234 vram_free_mib=5186 running=10
EXTAB_WAIT ram_mib=30234 vram_free_mib=5186 running=10
EXTAB_WAIT ram_mib=30234 vram_free_mib=5186 running=10
EXTAB_WAIT ram_mib=30235 vram_free_mib=5186 running=10
EXTAB_WAIT ram_mib=30234 vram_free_mib=5186 running=10
EXTAB_WAIT ram_mib=30234 vram_free_mib=5186 running=10
EXTAB_WAIT ram_mib=30235 vram_free_mib=5186 running=10
EXTAB_WAIT ram_mib=30234 vram_free_mib=5186 running=10
EXTAB_WAIT ram_mib=30234 vram_free_mib=5186 running=10
EXTAB_WAIT ram_mib=30235 vram_free_mib=5186 running=10
EXTAB_WAIT ram_mib=30235 vram_free_mib=5186 running=10
EXTAB_WAIT ram_mib=30234 vram_free_mib=5186 running=10
EXTAB_WAIT ram_mib=30235 vram_free_mib=5186 running=10
EXTAB_WAIT ram_mib=30234 vram_free_mib=5186 running=10
EXTAB_WAIT ram_mib=30235 vram_free_mib=5186 running=10
EXTAB_WAIT ram_mib=30234 vram_free_mib=5186 running=10
EXTAB_WAIT ram_mib=30234 vram_free_mib=5186 running=10
EXTAB_WAIT ram_mib=30234 vram_free_mib=5186 running=10
EXTAB_WAIT ram_mib=30235 vram_free_mib=5186 running=10
EXTAB_WAIT ram_mib=30235 vram_free_mib=5186 running=10
EXTAB_EXIT screen=extab_Sleep_EDF_20_no_rz_augmentation_f9_s7 code=0
EXTAB_LAUNCH screen=extab_Sleep_EDF_20_no_rz_augmentation_f19_s7 data=Sleep-EDF-20 variant=no_rz_augmentation fold=19
EXTAB_WAIT ram_mib=28614 vram_free_mib=6266 running=10
EXTAB_WAIT ram_mib=30230 vram_free_mib=5186 running=10
EXTAB_WAIT ram_mib=30230 vram_free_mib=5184 running=10
EXTAB_WAIT ram_mib=30230 vram_free_mib=5184 running=10
EXTAB_WAIT ram_mib=30230 vram_free_mib=5184 running=10
EXTAB_WAIT ram_mib=30230 vram_free_mib=5184 running=10
EXTAB_WAIT ram_mib=30230 vram_free_mib=5184 running=10
EXTAB_WAIT ram_mib=30230 vram_free_mib=5184 running=10
EXTAB_WAIT ram_mib=30230 vram_free_mib=5184 running=10
EXTAB_EXIT screen=extab_Sleep_EDF_20_no_rz_augmentation_f10_s7 code=0
EXTAB_LAUNCH screen=extab_Sleep_EDF_20_high_rz_augmentation_f0_s7 data=Sleep-EDF-20 variant=high_rz_augmentation fold=0
EXTAB_LAUNCH screen=extab_Sleep_EDF_20_high_rz_augmentation_f1_s7 data=Sleep-EDF-20 variant=high_rz_augmentation fold=1
EXTAB_LAUNCH screen=extab_Sleep_EDF_20_high_rz_augmentation_f2_s7 data=Sleep-EDF-20 variant=high_rz_augmentation fold=2
EXTAB_EXIT screen=extab_Sleep_EDF_20_no_rz_augmentation_f12_s7 code=0
EXTAB_EXIT screen=extab_Sleep_EDF_20_no_rz_augmentation_f11_s7 code=0
EXTAB_EXIT screen=extab_Sleep_EDF_20_no_rz_augmentation_f13_s7 code=0
EXTAB_LAUNCH screen=extab_Sleep_EDF_20_high_rz_augmentation_f3_s7 data=Sleep-EDF-20 variant=high_rz_augmentation fold=3
EXTAB_WAIT ram_mib=28494 vram_free_mib=6320 running=10
EXTAB_EXIT screen=extab_Sleep_EDF_20_no_rz_augmentation_f14_s7 code=0
EXTAB_LAUNCH screen=extab_Sleep_EDF_20_high_rz_augmentation_f4_s7 data=Sleep-EDF-20 variant=high_rz_augmentation fold=4
EXTAB_WAIT ram_mib=28647 vram_free_mib=6262 running=10
EXTAB_EXIT screen=extab_Sleep_EDF_20_no_rz_augmentation_f15_s7 code=0
EXTAB_EXIT screen=extab_Sleep_EDF_20_no_rz_augmentation_f16_s7 code=0
EXTAB_EXIT screen=extab_Sleep_EDF_20_no_rz_augmentation_f17_s7 code=0
EXTAB_LAUNCH screen=extab_Sleep_EDF_20_high_rz_augmentation_f5_s7 data=Sleep-EDF-20 variant=high_rz_augmentation fold=5
EXTAB_LAUNCH screen=extab_Sleep_EDF_20_high_rz_augmentation_f6_s7 data=Sleep-EDF-20 variant=high_rz_augmentation fold=6
EXTAB_LAUNCH screen=extab_Sleep_EDF_20_high_rz_augmentation_f7_s7 data=Sleep-EDF-20 variant=high_rz_augmentation fold=7
EXTAB_LAUNCH screen=extab_Sleep_EDF_20_high_rz_augmentation_f8_s7 data=Sleep-EDF-20 variant=high_rz_augmentation fold=8
EXTAB_WAIT ram_mib=29632 vram_free_mib=5331 running=11
EXTAB_WAIT ram_mib=32767 vram_free_mib=3289 running=11
EXTAB_WAIT ram_mib=32765 vram_free_mib=3281 running=11
EXTAB_WAIT ram_mib=32765 vram_free_mib=3281 running=11
EXTAB_WAIT ram_mib=32765 vram_free_mib=3281 running=11
EXTAB_WAIT ram_mib=32764 vram_free_mib=3281 running=11
EXTAB_WAIT ram_mib=32765 vram_free_mib=3281 running=11
EXTAB_WAIT ram_mib=32763 vram_free_mib=3281 running=11
EXTAB_WAIT ram_mib=32764 vram_free_mib=3281 running=11
EXTAB_WAIT ram_mib=32764 vram_free_mib=3281 running=11
EXTAB_EXIT screen=extab_Sleep_EDF_20_no_rz_augmentation_f18_s7 code=0
EXTAB_WAIT ram_mib=30222 vram_free_mib=5186 running=10
EXTAB_WAIT ram_mib=30222 vram_free_mib=5186 running=10
EXTAB_WAIT ram_mib=30223 vram_free_mib=5186 running=10
EXTAB_WAIT ram_mib=30222 vram_free_mib=5186 running=10
EXTAB_WAIT ram_mib=30223 vram_free_mib=5186 running=10
EXTAB_WAIT ram_mib=30223 vram_free_mib=5186 running=10
EXTAB_WAIT ram_mib=30223 vram_free_mib=5186 running=10
EXTAB_WAIT ram_mib=30223 vram_free_mib=5186 running=10
EXTAB_WAIT ram_mib=30223 vram_free_mib=5186 running=10
EXTAB_WAIT ram_mib=30223 vram_free_mib=5186 running=10
EXTAB_WAIT ram_mib=30223 vram_free_mib=5186 running=10
EXTAB_WAIT ram_mib=30223 vram_free_mib=5186 running=10
EXTAB_WAIT ram_mib=30223 vram_free_mib=5186 running=10
EXTAB_WAIT ram_mib=30223 vram_free_mib=5186 running=10
EXTAB_WAIT ram_mib=30223 vram_free_mib=5186 running=10
EXTAB_WAIT ram_mib=30223 vram_free_mib=5186 running=10
EXTAB_WAIT ram_mib=30223 vram_free_mib=5186 running=10
EXTAB_WAIT ram_mib=30223 vram_free_mib=5186 running=10
EXTAB_WAIT ram_mib=30223 vram_free_mib=5186 running=10
EXTAB_WAIT ram_mib=30223 vram_free_mib=5186 running=10
EXTAB_WAIT ram_mib=30223 vram_free_mib=5186 running=10
EXTAB_WAIT ram_mib=30223 vram_free_mib=5186 running=10
EXTAB_WAIT ram_mib=30223 vram_free_mib=5186 running=10
EXTAB_WAIT ram_mib=30223 vram_free_mib=5186 running=10
EXTAB_WAIT ram_mib=30223 vram_free_mib=5186 running=10
EXTAB_WAIT ram_mib=30223 vram_free_mib=5186 running=10
EXTAB_WAIT ram_mib=30223 vram_free_mib=5186 running=10
EXTAB_WAIT ram_mib=30223 vram_free_mib=5186 running=10
EXTAB_WAIT ram_mib=30223 vram_free_mib=5186 running=10
EXTAB_WAIT ram_mib=30223 vram_free_mib=5186 running=10
EXTAB_WAIT ram_mib=30223 vram_free_mib=5186 running=10
EXTAB_WAIT ram_mib=30223 vram_free_mib=5186 running=10
EXTAB_WAIT ram_mib=30223 vram_free_mib=5186 running=10
EXTAB_WAIT ram_mib=30223 vram_free_mib=5186 running=10
EXTAB_WAIT ram_mib=30223 vram_free_mib=5186 running=10
EXTAB_EXIT screen=extab_Sleep_EDF_20_no_rz_augmentation_f19_s7 code=0
EXTAB_LAUNCH screen=extab_Sleep_EDF_20_high_rz_augmentation_f9_s7 data=Sleep-EDF-20 variant=high_rz_augmentation fold=9
EXTAB_WAIT ram_mib=28701 vram_free_mib=6244 running=10
EXTAB_WAIT ram_mib=30284 vram_free_mib=5190 running=10
EXTAB_WAIT ram_mib=30284 vram_free_mib=5188 running=10
EXTAB_WAIT ram_mib=30284 vram_free_mib=5188 running=10
EXTAB_WAIT ram_mib=30284 vram_free_mib=5188 running=10
EXTAB_WAIT ram_mib=30284 vram_free_mib=5188 running=10
EXTAB_WAIT ram_mib=30284 vram_free_mib=5188 running=10
EXTAB_EXIT screen=extab_Sleep_EDF_20_high_rz_augmentation_f2_s7 code=0
EXTAB_LAUNCH screen=extab_Sleep_EDF_20_high_rz_augmentation_f10_s7 data=Sleep-EDF-20 variant=high_rz_augmentation fold=10
EXTAB_WAIT ram_mib=28784 vram_free_mib=6216 running=10
EXTAB_EXIT screen=extab_Sleep_EDF_20_high_rz_augmentation_f1_s7 code=0
EXTAB_LAUNCH screen=extab_Sleep_EDF_20_high_rz_augmentation_f11_s7 data=Sleep-EDF-20 variant=high_rz_augmentation fold=11
EXTAB_LAUNCH screen=extab_Sleep_EDF_20_high_rz_augmentation_f12_s7 data=Sleep-EDF-20 variant=high_rz_augmentation fold=12
EXTAB_LAUNCH screen=extab_Sleep_EDF_20_high_rz_augmentation_f13_s7 data=Sleep-EDF-20 variant=high_rz_augmentation fold=13
EXTAB_EXIT screen=extab_Sleep_EDF_20_high_rz_augmentation_f0_s7 code=0
EXTAB_WAIT ram_mib=32767 vram_free_mib=3281 running=11
EXTAB_EXIT screen=extab_Sleep_EDF_20_high_rz_augmentation_f3_s7 code=0
EXTAB_WAIT ram_mib=30217 vram_free_mib=5186 running=10
EXTAB_EXIT screen=extab_Sleep_EDF_20_high_rz_augmentation_f4_s7 code=0
EXTAB_LAUNCH screen=extab_Sleep_EDF_20_high_rz_augmentation_f14_s7 data=Sleep-EDF-20 variant=high_rz_augmentation fold=14
EXTAB_WAIT ram_mib=28701 vram_free_mib=6222 running=10
EXTAB_WAIT ram_mib=29026 vram_free_mib=5350 running=10
EXTAB_EXIT screen=extab_Sleep_EDF_20_high_rz_augmentation_f7_s7 code=0
EXTAB_EXIT screen=extab_Sleep_EDF_20_high_rz_augmentation_f6_s7 code=0
EXTAB_EXIT screen=extab_Sleep_EDF_20_high_rz_augmentation_f5_s7 code=0
EXTAB_EXIT screen=extab_Sleep_EDF_20_high_rz_augmentation_f8_s7 code=0
EXTAB_LAUNCH screen=extab_Sleep_EDF_20_high_rz_augmentation_f15_s7 data=Sleep-EDF-20 variant=high_rz_augmentation fold=15
EXTAB_LAUNCH screen=extab_Sleep_EDF_20_high_rz_augmentation_f16_s7 data=Sleep-EDF-20 variant=high_rz_augmentation fold=16
EXTAB_LAUNCH screen=extab_Sleep_EDF_20_high_rz_augmentation_f17_s7 data=Sleep-EDF-20 variant=high_rz_augmentation fold=17
EXTAB_LAUNCH screen=extab_Sleep_EDF_20_high_rz_augmentation_f18_s7 data=Sleep-EDF-20 variant=high_rz_augmentation fold=18
EXTAB_LAUNCH screen=extab_Sleep_EDF_20_high_rz_augmentation_f19_s7 data=Sleep-EDF-20 variant=high_rz_augmentation fold=19
EXTAB_EXIT screen=extab_Sleep_EDF_20_high_rz_augmentation_f9_s7 code=0
EXTAB_EXIT screen=extab_Sleep_EDF_20_high_rz_augmentation_f10_s7 code=0
EXTAB_EXIT screen=extab_Sleep_EDF_20_high_rz_augmentation_f12_s7 code=0
EXTAB_EXIT screen=extab_Sleep_EDF_20_high_rz_augmentation_f11_s7 code=0
EXTAB_EXIT screen=extab_Sleep_EDF_20_high_rz_augmentation_f13_s7 code=0
EXTAB_EXIT screen=extab_Sleep_EDF_20_high_rz_augmentation_f19_s7 code=0
EXTAB_EXIT screen=extab_Sleep_EDF_20_high_rz_augmentation_f14_s7 code=0
EXTAB_EXIT screen=extab_Sleep_EDF_20_high_rz_augmentation_f15_s7 code=0
EXTAB_EXIT screen=extab_Sleep_EDF_20_high_rz_augmentation_f16_s7 code=0
EXTAB_EXIT screen=extab_Sleep_EDF_20_high_rz_augmentation_f17_s7 code=0
EXTAB_EXIT screen=extab_Sleep_EDF_20_high_rz_augmentation_f18_s7 code=0
EXTAB_DONE
     dataset                    variant  complete_folds  expected_folds  accuracy_mean  accuracy_std  balanced_accuracy_mean  balanced_accuracy_std  macro_f1_mean  macro_f1_std  weighted_f1_mean  weighted_f1_std
        CHSZ                       full              27              27          90.88          7.36                   80.54                  17.46          75.42         17.68             91.47             6.81
        CHSZ           classical_latent              27              27          89.81         10.05                   79.12                  17.38          73.72         19.03             90.76             8.34
        CHSZ            quantum_depth_1              27              27          90.59          8.63                   80.90                  17.57          75.64         18.26             91.31             7.40
        CHSZ            quantum_depth_3              27              27          92.26          7.25                   81.36                  17.91          77.04         18.50             92.71             6.48
        CHSZ            no_entanglement              27              27          89.85         10.14                   80.51                  17.35          74.94         18.65             90.83             8.12
        CHSZ        linear_entanglement              27              27          90.32         10.54                   79.39                  17.69          75.05         19.14             91.09             9.13
        CHSZ                no_reupload              27              27          90.61         10.28                   81.23                  18.48          75.79         19.12             91.38             9.15
        CHSZ      frozen_reupload_scale              27              27          90.92          7.81                   81.05                  17.54          75.69         18.76             91.61             6.65
        CHSZ       uniform_channel_pool              27              27          90.22          8.01                   80.06                  17.53          74.84         17.22             90.77             7.67
        CHSZ           max_channel_pool              27              27          89.25         13.49                   79.97                  16.65          74.59         18.73             90.03            11.63
        CHSZ                  no_bilstm              27              27          87.80         10.80                   72.78                  16.83          69.59         16.87             87.93            10.69
        CHSZ            endpoint_bilstm              27              27          90.27          7.64                   80.09                  16.95          75.28         17.10             90.80             7.18
        CHSZ                mean_bilstm              27              27          90.39          6.44                   80.23                  16.82          74.48         16.13             90.92             6.18
        CHSZ          linear_classifier              27              27          91.24          8.71                   81.17                  17.45          76.55         18.48             91.87             7.54
        CHSZ             mlp_classifier              27              27          91.15          8.41                   81.52                  17.59          76.34         18.35             91.87             7.26
        CHSZ                no_spectral              27              27          81.17         20.48                   55.19                  12.34          49.94         16.50             75.83            25.60
        CHSZ              no_bandpowers              27              27          90.44         10.57                   80.46                  17.49          75.31         18.86             91.26             8.83
        CHSZ                 no_entropy              27              27          86.46         10.66                   74.95                  15.73          70.27         16.33             87.28            10.71
        CHSZ                  no_hjorth              27              27          90.74          8.87                   79.15                  17.28          75.39         18.09             91.21             8.10
        CHSZ         no_hjorth_mobility              27              27          89.27          9.21                   79.18                  17.12          74.18         18.04             90.06             7.80
        CHSZ       no_hjorth_complexity              27              27          90.44          9.62                   79.97                  17.75          75.30         18.93             91.28             7.83
        CHSZ            no_connectivity              27              27          92.36          7.25                   81.67                  17.95          77.37         18.50             92.72             6.53
        CHSZ       no_mean_connectivity              27              27          90.05          9.51                   76.95                  17.50          73.18         17.92             90.26             9.35
        CHSZ no_derivative_connectivity              27              27          91.62          6.55                   80.69                  17.33          76.19         17.10             92.01             6.18
        CHSZ         no_rz_augmentation              27              27          90.90          7.42                   82.10                  16.30          76.60         16.77             91.67             6.66
        CHSZ       high_rz_augmentation              27              27          91.31          7.11                   81.79                  16.97          76.43         17.04             91.92             6.61
Sleep-EDF-20                       full              20              20          91.08          3.21                   76.58                   5.04          73.06          5.43             91.53             2.78
Sleep-EDF-20           classical_latent              20              20          90.67          3.87                   76.69                   5.77          73.04          6.59             91.32             3.33
Sleep-EDF-20            quantum_depth_1              20              20          90.34          3.60                   74.04                   5.99          70.97          6.12             90.80             3.14
Sleep-EDF-20            quantum_depth_3              20              20          90.19          3.99                   75.26                   6.42          71.89          6.07             90.91             3.26
Sleep-EDF-20            no_entanglement              20              20          90.44          3.94                   75.41                   6.36          72.15          6.17             90.84             3.44
Sleep-EDF-20        linear_entanglement              20              20          90.53          3.60                   74.24                   6.56          71.25          6.55             90.93             3.19
Sleep-EDF-20                no_reupload              20              20          90.28          3.99                   75.34                   5.95          71.81          6.32             90.91             3.31
Sleep-EDF-20      frozen_reupload_scale              20              20          91.02          3.30                   76.54                   5.61          73.19          5.67             91.55             2.88
Sleep-EDF-20       uniform_channel_pool              20              20          91.27          3.20                   76.43                   4.91          73.45          4.63             91.68             2.73
Sleep-EDF-20           max_channel_pool              20              20          90.73          3.48                   75.21                   5.79          72.53          5.11             91.16             3.12
Sleep-EDF-20                  no_bilstm              20              20          89.37          4.10                   72.95                   5.27          69.65          5.63             89.84             3.48
Sleep-EDF-20            endpoint_bilstm              20              20          90.99          3.03                   75.91                   5.50          73.00          5.26             91.49             2.66
Sleep-EDF-20                mean_bilstm              20              20          90.83          3.23                   76.16                   6.08          72.73          5.79             91.37             2.86
Sleep-EDF-20          linear_classifier              20              20          90.54          3.61                   74.08                   5.89          71.04          6.52             90.91             3.19
Sleep-EDF-20             mlp_classifier              20              20          90.73          3.54                   75.49                   6.24          72.31          5.90             91.20             3.04
Sleep-EDF-20                no_spectral              20              20          86.39          4.92                   65.46                   6.10          62.16          6.61             86.61             4.64
Sleep-EDF-20              no_bandpowers              20              20          88.14          3.77                   72.85                   5.27          68.81          5.44             88.95             3.28
Sleep-EDF-20                 no_entropy              20              20          90.00          2.96                   74.24                   5.23          70.58          5.58             90.52             2.75
Sleep-EDF-20                  no_hjorth              20              20          90.55          4.18                   75.62                   5.76          72.35          6.04             91.07             3.60
Sleep-EDF-20         no_hjorth_mobility              20              20          91.06          3.49                   76.59                   5.84          73.32          5.93             91.56             3.03
Sleep-EDF-20       no_hjorth_complexity              20              20          90.78          4.22                   75.68                   5.76          72.69          6.04             91.26             3.46
Sleep-EDF-20            no_connectivity              20              20          89.82          4.93                   74.89                   6.53          71.68          6.42             90.49             3.88
Sleep-EDF-20       no_mean_connectivity              20              20          90.81          3.91                   75.97                   5.76          72.79          5.95             91.31             3.32
Sleep-EDF-20 no_derivative_connectivity              20              20          90.39          3.92                   74.35                   6.42          71.51          6.14             90.83             3.40
Sleep-EDF-20         no_rz_augmentation              20              20          90.79          3.81                   76.92                   5.16          73.19          6.04             91.40             3.21
Sleep-EDF-20       high_rz_augmentation              20              20          91.08          3.63                   76.44                   5.64          73.34          5.65             91.54             3.14
{
  "complete_configurations": 52,
  "expected_configurations": 52,
  "invalid": [],
  "complete": true
}
/home/namphuongtran9196/.local/lib/python3.8/site-packages/scipy/stats/_morestats.py:3414: UserWarning: Exact p-value calculation does not work if there are zeros. Switching to normal approximation.
  warnings.warn("Exact p-value calculation does not work if there are "
/home/namphuongtran9196/.local/lib/python3.8/site-packages/scipy/stats/_morestats.py:3414: UserWarning: Exact p-value calculation does not work if there are zeros. Switching to normal approximation.
  warnings.warn("Exact p-value calculation does not work if there are "
